iri,label,typeLabel,country
http://www.wikidata.org/entity/Q4152,Neuschwanstein Castle,museum | castle | château | tourist attraction | palace,Germany
http://www.wikidata.org/entity/Q12874774,Castle of Didymoteicho,castle | military base,Greece
http://www.wikidata.org/entity/Q56661889,Dirlot Castle,castle,United Kingdom
http://www.wikidata.org/entity/Q47519892,Castle of Mejorada,castle,Spain
http://www.wikidata.org/entity/Q5050056,Castle Donovan,castle,Ireland
http://www.wikidata.org/entity/Q1011991,Burg Godramstein,castle,Germany
http://www.wikidata.org/entity/Q6759117,Margaret's Castle,castle,United Kingdom
http://www.wikidata.org/entity/Q2970960,Château de Versainville,castle,France
http://www.wikidata.org/entity/Q24661490,Millend Farm Enclosure,castle,United Kingdom
http://www.wikidata.org/entity/Q156457,Hohenzollern Castle,museum | castle,Germany
http://www.wikidata.org/entity/Q1964047,Orford Castle,castle | historic house museum | archaeological site,United Kingdom
http://www.wikidata.org/entity/Q105962668,castle of Villa Postignano,castle,Italy
http://www.wikidata.org/entity/Q113366747,Upper castle,castle,Italy
http://www.wikidata.org/entity/Q2969310,Château de Gençay,castle,France
http://www.wikidata.org/entity/Q1012246,Burg Heid,castle,Germany
http://www.wikidata.org/entity/Q2969395,Château de Hellering,castle,France
http://www.wikidata.org/entity/Q2969359,Château de Gros-Chigy,castle,France
http://www.wikidata.org/entity/Q21077206,Castell d'Agramunt,castle,Spain
http://www.wikidata.org/entity/Q20985596,Castell i muralla d'Horta de Sant Joan,castle | city walls,Spain
http://www.wikidata.org/entity/Q113367339,Caccia Castle,castle,Italy
http://www.wikidata.org/entity/Q5926190,Gachi Castle,castle,Iran
http://www.wikidata.org/entity/Q28220752,Softa Castle,castle | archaeological site,Turkey
http://www.wikidata.org/entity/Q97630377,Castillo,monument | castle,Spain
http://www.wikidata.org/entity/Q112657394,Castillo de Otero de Curueño,castle,Spain
http://www.wikidata.org/entity/Q25423190,Castell i vila de Moror,castle,Spain
http://www.wikidata.org/entity/Q113290252,castello di Sant'Agapito,castle,Italy
http://www.wikidata.org/entity/Q83719659,Château fort de Vienne le château,castle,France
http://www.wikidata.org/entity/Q113050292,Castle,castle,Italy
http://www.wikidata.org/entity/Q1013596,Burg Rauschenberg,castle,Germany
http://www.wikidata.org/entity/Q1012816,Burg Landeck,castle,Germany
http://www.wikidata.org/entity/Q3662938,Castello di Valdengo,castle,Italy
http://www.wikidata.org/entity/Q41407027,Altes Schloss,castle,Germany
http://www.wikidata.org/entity/Q5049844,Castle of Vila Verde dos Francos,castle | cultural heritage,Portugal
http://www.wikidata.org/entity/Q113577913,Castello di Montacuto,castle,Italy
http://www.wikidata.org/entity/Q111207976,Rochefort-sur-Brévon Castle,castle,France
http://www.wikidata.org/entity/Q11855090,Castell de Sant Mori,castle,Spain
http://www.wikidata.org/entity/Q20595625,Fforest Castle,castle | motte,United Kingdom
http://www.wikidata.org/entity/Q3662723,Castello di Monte Orlando,castle,Italy
http://www.wikidata.org/entity/Q17596503,Castell de Pinyana,castle,Spain
http://www.wikidata.org/entity/Q2970884,Château de Vallabrix,castle,France
http://www.wikidata.org/entity/Q113441406,Castello Marchesale,castle,Italy
http://www.wikidata.org/entity/Q1010752,Altenstein Castle,castle | ruins | archaeological site,Germany
http://www.wikidata.org/entity/Q106086920,Castello di Torrano,castle,Italy
http://www.wikidata.org/entity/Q16619009,Leśnica Castle,castle,Poland
http://www.wikidata.org/entity/Q15055364,Colombaia Castle,castle,Italy
http://www.wikidata.org/entity/Q5049813,Castle of Penas Róias,castle | cultural heritage,Portugal
http://www.wikidata.org/entity/Q4938906,Bolaman Castle,castle | ethnographic museum,Turkey
http://www.wikidata.org/entity/Q13126893,Castell Cwmere,castle | promontory fort,United Kingdom
http://www.wikidata.org/entity/Q1014339,Burg Untermettingen,castle,Germany
http://www.wikidata.org/entity/Q106081548,Resti della rocca e delle mura,castle,Italy
http://www.wikidata.org/entity/Q2659104,Biržai Castle,castle,Lithuania
http://www.wikidata.org/entity/Q18003854,Castell de Monells,castle,Spain
http://www.wikidata.org/entity/Q29576331,Koblenz Castle,architectural structure | castle,Switzerland
http://www.wikidata.org/entity/Q98279485,Cultural heritage D-3-6339-0018 in Vohenstrauß,castle | château | feature | Bodendenkmal,Germany
http://www.wikidata.org/entity/Q4664188,Abbot's Tower,castle,United Kingdom
http://www.wikidata.org/entity/Q26905458,Ballymoty Motte,castle,Ireland
http://www.wikidata.org/entity/Q8342473,Castell de Montjuïc,castle,Spain
http://www.wikidata.org/entity/Q106448441,Castello di Oliva Gessi,castle,Italy
http://www.wikidata.org/entity/Q22061906,Untere Burg Hardheim,castle,Germany
http://www.wikidata.org/entity/Q29048334,Glenart Castle,castle,Ireland
http://www.wikidata.org/entity/Q112140846,Castello di Pizzocorno,castle,Italy
http://www.wikidata.org/entity/Q63495641,Castello Dell'Arso,castle,Italy
http://www.wikidata.org/entity/Q5946809,Khormoj Castle,castle | cultural property,Iran
http://www.wikidata.org/entity/Q5757785,Castillo del Poyo,monument | castle,Spain
http://www.wikidata.org/entity/Q110041955,Kastraki  of Kochyli,castle,Greece
http://www.wikidata.org/entity/Q80581614,Kasteel Hontzocht,castle,Belgium
http://www.wikidata.org/entity/Q2970329,Château de Quincy-sous-le-Mont,castle,France
http://www.wikidata.org/entity/Q1015719,Burgstall Durchelenburg,castle | archaeological site,Germany
http://www.wikidata.org/entity/Q29886411,Kohneh Castle,castle | cultural property,Iran
http://www.wikidata.org/entity/Q6150918,Castillo de Huétor,castle,Spain
http://www.wikidata.org/entity/Q110449702,Castello di Zerbo,castle | historic building,Italy
http://www.wikidata.org/entity/Q112141724,Castello dei Bellaviti,castle,Italy
http://www.wikidata.org/entity/Q15298438,Castell de Claverol,castle,Spain
http://www.wikidata.org/entity/Q1013841,Burg Scharfenberg,castle,Germany
http://www.wikidata.org/entity/Q3662903,Castle of Soncino,castle,Italy
http://www.wikidata.org/entity/Q78660692,Château de Cahuzac,castle,France
http://www.wikidata.org/entity/Q5118757,Château de Chandioux,castle,France
http://www.wikidata.org/entity/Q3662709,Castello di Monreale,castle,Italy
http://www.wikidata.org/entity/Q1014264,Château de Tournoël,castle,France
http://www.wikidata.org/entity/Q2971736,Château du Monastier-sur-Gazeille,castle,France
http://www.wikidata.org/entity/Q2741490,Kleinkastell Oberranna,castle | burgus,Austria
http://www.wikidata.org/entity/Q26910898,Kells Castle,castle,Ireland
http://www.wikidata.org/entity/Q15251968,Mauchline Castle,castle,United Kingdom
http://www.wikidata.org/entity/Q17545568,St Andrew's Castle,castle,United Kingdom
http://www.wikidata.org/entity/Q7420033,Santameri Castle,castle,Greece
http://www.wikidata.org/entity/Q25100412,Dozza Castle,castle | museum building | rocca,Italy
http://www.wikidata.org/entity/Q68658052,Castello di Cennina,castle,Italy
http://www.wikidata.org/entity/Q62378,Tower of London,museum | castle | tourist attraction | independent museum | archaeological site,United Kingdom
http://www.wikidata.org/entity/Q2970527,Château de Saint-Jean-d'Angle,castle,France
http://www.wikidata.org/entity/Q106369586,Castle in Sesvete,destroyed building or structure | castle,Croatia
http://www.wikidata.org/entity/Q2971604,Château du Bois-Guignot,castle,France
http://www.wikidata.org/entity/Q2799393,Scherpenberg Castle,castle | château,Belgium
http://www.wikidata.org/entity/Q18005241,Castel Spine,castle,Italy
http://www.wikidata.org/entity/Q378453,Château de Malbrouck,castle,France
http://www.wikidata.org/entity/Q2968230,Château d'Estaing,castle,France
http://www.wikidata.org/entity/Q38600423,Castle Pill,castle | enclosure,United Kingdom
http://www.wikidata.org/entity/Q65032730,Castle Balzieland,castle,United Kingdom
http://www.wikidata.org/entity/Q2968306,Château d'Ollans,castle,France
http://www.wikidata.org/entity/Q79752428,Vergano Castle,castle,Italy
http://www.wikidata.org/entity/Q740250,Château de Tarascon,castle,France
http://www.wikidata.org/entity/Q55182461,Castello di Montefiore,castle,Italy
http://www.wikidata.org/entity/Q1013918,Burg Schrofenstein,castle | ruins,Austria
http://www.wikidata.org/entity/Q2630723,Raglan Castle,castle,United Kingdom
http://www.wikidata.org/entity/Q124424573,castle of Gorriti,destroyed building or structure | castle,
http://www.wikidata.org/entity/Q2969328,Château de Gonnord,castle,France
http://www.wikidata.org/entity/Q5757765,Castle of Urbel,castle,Spain
http://www.wikidata.org/entity/Q41307329,Gedenktafel auf dem Burgstall Hohenegg,castle,Germany
http://www.wikidata.org/entity/Q3394962,Castle of Soutomaior,monument | castle,Spain
http://www.wikidata.org/entity/Q41278840,Werkssiedlung Robert-Koch-Str. (Burghausen),castle,Germany
http://www.wikidata.org/entity/Q5872337,Hesar Castle,castle,Iran
http://www.wikidata.org/entity/Q1925837,Château d'Aon,castle,France
http://www.wikidata.org/entity/Q106073164,Borgo di Fiagnano,castle,Italy
http://www.wikidata.org/entity/Q113292460,Castello di Stagno,castle,Italy
http://www.wikidata.org/entity/Q114002933,Castello di torre Astura,castle,Italy
http://www.wikidata.org/entity/Q21126928,Castell de Puiggròs,castle,Spain
http://www.wikidata.org/entity/Q12822,Castle of Burriac,castle,Spain
http://www.wikidata.org/entity/Q83718976,Château fort de Busséol,castle,France
http://www.wikidata.org/entity/Q15944311,Château de Pouzilhac,castle,France
http://www.wikidata.org/entity/Q5940488,"Qal'eh Dokhtar, Shurab",castle | cultural property,Iran
http://www.wikidata.org/entity/Q112172691,Villa Maresi,castle | villa | architectural ensemble,Italy
http://www.wikidata.org/entity/Q2970164,Château de Pailhès,castle | château,France
http://www.wikidata.org/entity/Q106077584,Castello di Vicobarone,castle,Italy
http://www.wikidata.org/entity/Q5598930,Great Canfield Castle,castle,United Kingdom
http://www.wikidata.org/entity/Q49536574,Kriebstein Castle,castle,Germany
http://www.wikidata.org/entity/Q15459612,Château de Monthimer,castle,France
http://www.wikidata.org/entity/Q962814,Torre de Puigcercós,castle,Spain
http://www.wikidata.org/entity/Q24659538,Llanelli Old Castle,castle | motte,United Kingdom
http://www.wikidata.org/entity/Q67772688,Castello di Villincino,castle,Italy
http://www.wikidata.org/entity/Q1011012,Burg Bierkeller,castle,Germany
http://www.wikidata.org/entity/Q5907325,Kolm Castle,castle,Iran
http://www.wikidata.org/entity/Q56661771,Castle Hill,castle | earthworks,United Kingdom
http://www.wikidata.org/entity/Q19838260,Donjon van Batsheers,castle | château,Belgium
http://www.wikidata.org/entity/Q15940200,Château de Lutrin,castle,France
http://www.wikidata.org/entity/Q5924701,Qarah Tikan Castle,castle | cultural property,Iran
http://www.wikidata.org/entity/Q41652064,Aston Ingham,castle,United Kingdom
http://www.wikidata.org/entity/Q83719765,Château fort Duguesclin,castle,France
http://www.wikidata.org/entity/Q16867546,Schloss Weinfelden,architectural structure | castle,Switzerland
http://www.wikidata.org/entity/Q39006373,Ffridd y Castell,castle,United Kingdom
http://www.wikidata.org/entity/Q65146913,Château de Villemur,castle,France
http://www.wikidata.org/entity/Q1345969,Enzenburg,castle,Germany
http://www.wikidata.org/entity/Q21907053,Château fort de Chateau-Chalon,castle,France
http://www.wikidata.org/entity/Q104529284,Burgruine Gams,castle | castle ruin,Switzerland
http://www.wikidata.org/entity/Q1010761,Burg Altenwied,castle | cultural heritage monument in Germany,Germany
http://www.wikidata.org/entity/Q3662115,Castel Pietra,castle,Italy
http://www.wikidata.org/entity/Q32698,Carrick Castle,castle,United Kingdom
http://www.wikidata.org/entity/Q1910237,Château de Thillombois,castle,France
http://www.wikidata.org/entity/Q1011174,Burg Breitenbühl,castle,Germany
http://www.wikidata.org/entity/Q2289715,Sinzigburg,castle | archaeological site,Germany
http://www.wikidata.org/entity/Q21598548,Sviňomazy Castle,castle,Czech Republic
http://www.wikidata.org/entity/Q5315200,Dungiven Castle,castle,United Kingdom
http://www.wikidata.org/entity/Q1011349,Choustník Castle,castle | castle ruin,Czech Republic
http://www.wikidata.org/entity/Q25052464,Castello di Carimate,castle,Italy
http://www.wikidata.org/entity/Q113292475,Castello di Codronco,castle,Italy
http://www.wikidata.org/entity/Q23689335,Primaresburg,castle,Austria
http://www.wikidata.org/entity/Q16653091,Kreuzburg Castle,castle,Russia | State of the Teutonic Order
http://www.wikidata.org/entity/Q15111785,Grasburg (Hohenroda),castle,Germany
http://www.wikidata.org/entity/Q11680608,Castell de Sant Iscle,castle,Spain
http://www.wikidata.org/entity/Q5392621,Wasserburg Ottersbach,castle,Germany
http://www.wikidata.org/entity/Q15793074,Burg Aßling,castle | archaeological site,Germany
http://www.wikidata.org/entity/Q2968122,Château d'Arnicourt,castle,France
http://www.wikidata.org/entity/Q26424919,Rock Castle,castle,United Kingdom
http://www.wikidata.org/entity/Q33519990,Castle of La Vilueña,castle,Spain
http://www.wikidata.org/entity/Q17589833,Castell de Castellfollit,castle,Spain
http://www.wikidata.org/entity/Q13217481,Deblín Castle,castle,Czech Republic
http://www.wikidata.org/entity/Q24660512,Gelli Garn Castle,castle,United Kingdom
http://www.wikidata.org/entity/Q1014176,Střmen,rock castle | castle,Czech Republic
http://www.wikidata.org/entity/Q43162866,Los Castellones,monument | castle,Spain
http://www.wikidata.org/entity/Q52850976,Castillo de Castañares de las Cuevas,castle,Spain
http://www.wikidata.org/entity/Q1133188,Moszna Castle,castle,Poland
http://www.wikidata.org/entity/Q17642114,Shobdon Castle mound,castle,United Kingdom
http://www.wikidata.org/entity/Q882569,Wolfsburg Castle,castle,Germany
http://www.wikidata.org/entity/Q110449177,Castello di Casertavecchia,castle,Italy
http://www.wikidata.org/entity/Q321605,Münzenberg Castle,castle,Germany
http://www.wikidata.org/entity/Q106990957,Kinmuck Castle,castle,United Kingdom
http://www.wikidata.org/entity/Q22969945,Castillo de Barrachina,castle,Spain
http://www.wikidata.org/entity/Q2461065,Motte Luetjenburg,motte-and-bailey castle | castle | open-air museum,Germany
http://www.wikidata.org/entity/Q1012215,Burg Hauenstein,castle,Germany
http://www.wikidata.org/entity/Q5961985,Vali Castle,castle | cultural property,Iran
http://www.wikidata.org/entity/Q67772315,Torre Rotonda,castle | tower,Italy
http://www.wikidata.org/entity/Q11913024,Castell de Claret,castle,Spain
http://www.wikidata.org/entity/Q1125842,Château de la Verrerie,castle,France
http://www.wikidata.org/entity/Q106078921,Rocca Anguissola Scotti,castle,Italy
http://www.wikidata.org/entity/Q113303922,Castello di Quarada,castle,Italy
http://www.wikidata.org/entity/Q2969872,"Château de Messac, Laroquebrou",castle,France
http://www.wikidata.org/entity/Q760719,"Castle Palace, Albalat dels Tarongers",monument | castle,Spain
http://www.wikidata.org/entity/Q935973,Läckö Castle,castle | heritage site in Sweden | tourist attraction | cultural property | architectural ensemble,Sweden
http://www.wikidata.org/entity/Q24659340,Crickadarn Ringwork,castle | enclosure,United Kingdom
http://www.wikidata.org/entity/Q17641162,Burstwick Castle,castle,United Kingdom
http://www.wikidata.org/entity/Q1014076,Burg Staufenberg,castle,Germany
http://www.wikidata.org/entity/Q1014556,Wernstein Castle (Upper Franconia),castle,Germany
http://www.wikidata.org/entity/Q2376692,Château de la Lande,castle,France
http://www.wikidata.org/entity/Q115340255,Killesteyn,castle,Netherlands
http://www.wikidata.org/entity/Q112323123,Castello di Montelagello,castle,Italy
http://www.wikidata.org/entity/Q58402759,Burgplatz,castle,Germany
http://www.wikidata.org/entity/Q2969856,Château de Maÿtie,castle,France
http://www.wikidata.org/entity/Q2969871,Château de Mesmont,castle,France
http://www.wikidata.org/entity/Q78661235,Château de Tremblay,castle,France
http://www.wikidata.org/entity/Q2970001,Château de Montguyon,castle,France
http://www.wikidata.org/entity/Q1012605,Kaltenštejn,castle | castle ruin,Czech Republic
http://www.wikidata.org/entity/Q1557286,Gutshaus Rumpshagen,castle,Germany
http://www.wikidata.org/entity/Q17596677,Castell de Sant Vicenç de Calders,castle,Spain
http://www.wikidata.org/entity/Q1012492,Burg Horkheim,castle,Germany
http://www.wikidata.org/entity/Q4820045,Audley's Castle,castle,United Kingdom
http://www.wikidata.org/entity/Q1012456,Hohlenfels Castle,castle,Germany
http://www.wikidata.org/entity/Q1012671,Burg Kirnberg,castle,Germany
http://www.wikidata.org/entity/Q2293026,Château du Vignault,castle,France
http://www.wikidata.org/entity/Q52852383,Castillo de Villalpando,castle,Spain
http://www.wikidata.org/entity/Q2967809,Château-ferme de Brieulles-sur-Bar,castle,France
http://www.wikidata.org/entity/Q652448,Husen Castle,castle,Germany
http://www.wikidata.org/entity/Q1013055,Burg Lürken,castle,Germany
http://www.wikidata.org/entity/Q98273065,Cultural heritage D-3-6840-0039 in Falkenstein (Oberpfalz),castle | feature | Bodendenkmal,Germany
http://www.wikidata.org/entity/Q4215383,Listowel Castle,castle,Ireland
http://www.wikidata.org/entity/Q2179330,Röderburg,castle | archaeological site,Germany
http://www.wikidata.org/entity/Q22969963,Castle of Villagarcía de la Torre,castle,Spain
http://www.wikidata.org/entity/Q2971306,Château de la Mosson,castle,France
http://www.wikidata.org/entity/Q83719275,Château fort de La Sauvetat,castle,France
http://www.wikidata.org/entity/Q2970374,Château de Rioux,castle,France
http://www.wikidata.org/entity/Q108441190,Rittergut Helmern,manor estate | castle | château | architectural structure,Germany
http://www.wikidata.org/entity/Q127223871,Zucco della Rocca,castle | fortification | historic building | monument | scenic viewpoint | archaeological site,Italy
http://www.wikidata.org/entity/Q27670162,Castello  di Gardolo,castle,Italy
http://www.wikidata.org/entity/Q1318314,Château d'Ainay-le-Vieil,castle | château,France
http://www.wikidata.org/entity/Q113997062,Castello Frattolillo,castle,Italy
http://www.wikidata.org/entity/Q1013269,Burg Neuenstein (Saasen),castle,Germany
http://www.wikidata.org/entity/Q16538110,Marcaria Castle,castle,Italy
http://www.wikidata.org/entity/Q16048492,Nahavand Castle,destroyed building or structure | castle,Iran
http://www.wikidata.org/entity/Q113551099,Castello Caracciolo,castle,Italy
http://www.wikidata.org/entity/Q3662781,Castello Visconteo,castle,Italy
http://www.wikidata.org/entity/Q99939547,Ain Al-Hawas Palace,castle | palace | archaeological site,Saudi Arabia
http://www.wikidata.org/entity/Q105621841,Al Dhafra Castle,castle,United Arab Emirates
http://www.wikidata.org/entity/Q98276123,Cultural heritage D-3-6938-0055 in Regensburg,castle | château | feature | Bodendenkmal,Germany
http://www.wikidata.org/entity/Q24936766,castello Dentice di Frasso di Carovigno,castle,Italy
http://www.wikidata.org/entity/Q1015693,Burgstall Bobingen,castle | archaeological site,Germany
http://www.wikidata.org/entity/Q20816698,Eilean Donan Castle,castle,United Kingdom
http://www.wikidata.org/entity/Q2085724,Anvaing Castle,castle | château,Belgium
http://www.wikidata.org/entity/Q1460819,Jagdschloss Kranichstein,castle | architectural structure | hunting lodge,Germany
http://www.wikidata.org/entity/Q24661690,Castell Waun-Withan,castle,United Kingdom
http://www.wikidata.org/entity/Q1013259,Neuburg Castle,castle | castle ruin,Switzerland
http://www.wikidata.org/entity/Q33299792,Castello di Torcrescenza,castle,Italy
http://www.wikidata.org/entity/Q24660323,Cae Gawr,castle | field,United Kingdom
http://www.wikidata.org/entity/Q42584060,Fathabad Castle,castle | cultural property,Iran
http://www.wikidata.org/entity/Q4788169,Ardley Castle,castle,United Kingdom
http://www.wikidata.org/entity/Q1012979,Burg Lindenberg,castle,Germany
http://www.wikidata.org/entity/Q8342583,Castell d'Ulldecona,castle,Spain
http://www.wikidata.org/entity/Q64004247,Burg Unterschneidheim,architectural structure | castle,Germany
http://www.wikidata.org/entity/Q3662431,Castello della Brina,castle,Italy
http://www.wikidata.org/entity/Q20828798,Tukums Castle,castle,Latvia
http://www.wikidata.org/entity/Q821621,Castle of Pambre,monument | castle,Spain
http://www.wikidata.org/entity/Q18736780,Château de Charousse,castle,France
http://www.wikidata.org/entity/Q24659816,Waun Ddu,castrum | castle | castellum | mound,United Kingdom
http://www.wikidata.org/entity/Q5891898,Tempi Castle,castle,Iran
http://www.wikidata.org/entity/Q5942152,Dashtab Castles,castle,Iran
http://www.wikidata.org/entity/Q16294785,Stadtburg Hollfeld,castle,Germany
http://www.wikidata.org/entity/Q29046742,Aston Botterell Ringwork,castle,United Kingdom
http://www.wikidata.org/entity/Q18530040,Struga Castle,castle,Slovenia
http://www.wikidata.org/entity/Q42764938,Château Fort,castle,Tunisia
http://www.wikidata.org/entity/Q5315652,Dunraven Castle,castle | fortified manor house | house,United Kingdom
http://www.wikidata.org/entity/Q6060317,Inverquharity Castle,castle,United Kingdom
http://www.wikidata.org/entity/Q1487463,Haus Hardenberg,castle,Germany
http://www.wikidata.org/entity/Q2968409,Château de Balanzac,castle,France
http://www.wikidata.org/entity/Q15790379,Burg Zierberg,castle,Austria
http://www.wikidata.org/entity/Q65123795,Château de Garlande,destroyed building or structure | castle,France
http://www.wikidata.org/entity/Q41305760,Burgruine,castle,Germany
http://www.wikidata.org/entity/Q38090287,Ehem. Burg König Ottokars,castle,Austria
http://www.wikidata.org/entity/Q1406685,Heisterschlösschen,castle | archaeological site,Germany
http://www.wikidata.org/entity/Q2968911,Château de Chazotte,castle,France
http://www.wikidata.org/entity/Q2969313,Château de Gergy,castle | château,France
http://www.wikidata.org/entity/Q20192035,Mallow Castle,castle,Ireland
http://www.wikidata.org/entity/Q2340545,Lochranza Castle,castle,United Kingdom
http://www.wikidata.org/entity/Q29367477,Castillo del Cid,castle,Spain
http://www.wikidata.org/entity/Q1012597,Burg Kalden,castle | archaeological site,Germany
http://www.wikidata.org/entity/Q1722756,Kalvarienberg Schwabegg,castle,Germany
http://www.wikidata.org/entity/Q1010865,Burg Auernheim,castle,Germany
http://www.wikidata.org/entity/Q83719725,Château fort du Grand Altier,castle,France
http://www.wikidata.org/entity/Q16048575,Yazdegerd Castle (Ramhormoz County),castle | cultural property,Iran
http://www.wikidata.org/entity/Q56598571,Castle of Perales de Tajuña,castle,Spain
http://www.wikidata.org/entity/Q1015862,Burgstall Oberlichtenwald,castle | archaeological site,Germany
http://www.wikidata.org/entity/Q1265826,Dunguaire Castle,castle,Ireland
http://www.wikidata.org/entity/Q24661768,Cannock Castle Ring,castle,United Kingdom
http://www.wikidata.org/entity/Q3662946,Castello di Venetico,castle,Italy
http://www.wikidata.org/entity/Q112657591,castillo de Alija del Infantado,castle,Spain
http://www.wikidata.org/entity/Q21874650,Mannsberg castle,castle,Austria
http://www.wikidata.org/entity/Q131763095,Valkhofburcht,destroyed building or structure | castle,Netherlands
http://www.wikidata.org/entity/Q14553724,Castle of Maur,museum | castle,Switzerland
http://www.wikidata.org/entity/Q2044804,Château de Prény,castle,France
http://www.wikidata.org/entity/Q1015919,Burgstall Schäfferloch,castle,Germany
http://www.wikidata.org/entity/Q17646174,Bellister Castle (uninhabited parts),castle,United Kingdom
http://www.wikidata.org/entity/Q2970666,Château de Segonzac,castle | château,France
http://www.wikidata.org/entity/Q1048848,Castello di Cefalà Diana,castle,Italy
http://www.wikidata.org/entity/Q11838987,Pitfour Castle,castle,United Kingdom
http://www.wikidata.org/entity/Q113585048,Castello Savelli,castle,Italy
http://www.wikidata.org/entity/Q8342492,Castell d'Orís,castle,Spain
http://www.wikidata.org/entity/Q934922,Tintagel Castle,castle | local authority museum | ruins,United Kingdom
http://www.wikidata.org/entity/Q17596358,Castell de Marfà,castle,Spain
http://www.wikidata.org/entity/Q22996242,Château de Rennes-sur-Loue,castle | château,France
http://www.wikidata.org/entity/Q13126483,Pen-y-Castell,castle | hillslope fort,United Kingdom
http://www.wikidata.org/entity/Q5757629,Castle of Tordehumos,castle,Spain
http://www.wikidata.org/entity/Q55163772,Castello Francavilla,castle,Italy
http://www.wikidata.org/entity/Q1013650,Burg Remchingen,castle,Germany
http://www.wikidata.org/entity/Q1589872,Haus Achternberg,castle,Germany
http://www.wikidata.org/entity/Q1292724,Haus Saarbrückerwerd,castle,Germany
http://www.wikidata.org/entity/Q97632341,Torre del Despoblado de Almayate Alto,monument | castle | watchtower,Spain
http://www.wikidata.org/entity/Q38284627,Palaiochora Castle,castle,Greece
http://www.wikidata.org/entity/Q687250,Bottmingen Castle,castle,Switzerland
http://www.wikidata.org/entity/Q113564230,Castello di Calathamet,castle,Italy
http://www.wikidata.org/entity/Q1010941,Burg Berauerhorn,castle,Germany
http://www.wikidata.org/entity/Q67772222,Ruine Montalban,castle,Italy
http://www.wikidata.org/entity/Q5899127,Ab Sefid Ab Castle,castle,Iran
http://www.wikidata.org/entity/Q22966976,Château de Crolles,castle | château,France
http://www.wikidata.org/entity/Q117826581,Kasteel Ravestein,castle,Belgium
http://www.wikidata.org/entity/Q15108442,Burgstall Schneckenbichl,castle | archaeological site,Germany
http://www.wikidata.org/entity/Q21294321,Château de Salvagnac,castle,France
http://www.wikidata.org/entity/Q106080231,Castello di Querciola,castle,Italy
http://www.wikidata.org/entity/Q24660027,Lasborough Motte,castle,United Kingdom
http://www.wikidata.org/entity/Q2304755,Drochil Castle,castle,United Kingdom
http://www.wikidata.org/entity/Q12021020,Huzová,castle,Czech Republic
http://www.wikidata.org/entity/Q50198512,Castillo de Casarrubios del Monte,castle,Spain
http://www.wikidata.org/entity/Q1013037,Burg Lutter,castle,Germany
http://www.wikidata.org/entity/Q5907425,Azizabad Castle,castle,Iran
http://www.wikidata.org/entity/Q15905753,Burg Creußen,castle,Germany
http://www.wikidata.org/entity/Q28001136,Castello dei Maltraversi,castle,Italy
http://www.wikidata.org/entity/Q24661315,Bolam Castle,castle,United Kingdom
http://www.wikidata.org/entity/Q1049131,Castillo de Berlanga de Duero,castle,Spain
http://www.wikidata.org/entity/Q666402,Siklós Castle,castle,Hungary
http://www.wikidata.org/entity/Q3302289,Melgund Castle,castle,United Kingdom
http://www.wikidata.org/entity/Q21196187,Castello della Motella,castle,Italy
http://www.wikidata.org/entity/Q1252695,Doune of Invernochty,castle | archaeological site,United Kingdom
http://www.wikidata.org/entity/Q1014576,Wiedersberg Castle,castle,Germany
http://www.wikidata.org/entity/Q2497319,Fronhausen Castle,castle,Germany
http://www.wikidata.org/entity/Q1468874,Willibaldsburg,castle | archaeological site,Germany
http://www.wikidata.org/entity/Q5922963,Qarloq Castle,castle,Iran
http://www.wikidata.org/entity/Q113439594,Castello ducale,castle,Italy
http://www.wikidata.org/entity/Q2969185,Château de Falgueyrac,castle | château,France
http://www.wikidata.org/entity/Q2969655,Château de Largentière,castle,France
http://www.wikidata.org/entity/Q89202468,Castello di L'Ardara,castle,Italy
http://www.wikidata.org/entity/Q83718947,Château fort de Bouillé,castle,France
http://www.wikidata.org/entity/Q37172579,Dlouhá Loučka,hillfort | castle | castle ruin,Czech Republic
http://www.wikidata.org/entity/Q67772504,Rauhenzell Castle,castle,Germany
http://www.wikidata.org/entity/Q1048609,Castel Pergine,castle,Italy
http://www.wikidata.org/entity/Q17568297,Lennox Castle,castle | country house,United Kingdom
http://www.wikidata.org/entity/Q1313383,Mont Orgueil,castle | history museum | archaeological site,Jersey
http://www.wikidata.org/entity/Q108751971,Castle of Alexander,castle,Greece
http://www.wikidata.org/entity/Q685981,Amadé Castle,castle | ruins,Hungary
http://www.wikidata.org/entity/Q1014680,Burg Zieverich,castle,Germany
http://www.wikidata.org/entity/Q2968616,Château de Bouillé-Théval,castle,France
http://www.wikidata.org/entity/Q24661894,Talyfan Castle,castle | castle ruin,United Kingdom
http://www.wikidata.org/entity/Q83719594,Château fort de Sancy,castle,France
http://www.wikidata.org/entity/Q3661983,Cassero Senese,castle,Italy
http://www.wikidata.org/entity/Q2970097,Château de Mézens,castle,France
http://www.wikidata.org/entity/Q98108545,Cultural heritage D-3-6733-0004 in Pyrbaum,castle | château | Bodendenkmal | feature | archaeological record,Germany
http://www.wikidata.org/entity/Q65951032,Castello di Afragola,castle,Italy
http://www.wikidata.org/entity/Q112278533,Torre Errighi,castle,Italy
http://www.wikidata.org/entity/Q106053222,Castello di Monterastello,castle,Italy
http://www.wikidata.org/entity/Q112169820,Castello Barbavara,architectural ensemble | castle,Italy
http://www.wikidata.org/entity/Q1014184,Burg Suntheim,castle,Germany
http://www.wikidata.org/entity/Q1014440,Burg Wahrberg,castle | Ortsteil,Germany
http://www.wikidata.org/entity/Q28001098,Lauria's Castle,castle,Italy
http://www.wikidata.org/entity/Q14491441,Messancy Castle,castle,Belgium
http://www.wikidata.org/entity/Q22969943,Castillo de Alcántara,castle,Spain
http://www.wikidata.org/entity/Q2629344,Berezhany Castle,castle,Ukraine
http://www.wikidata.org/entity/Q78661392,Château Saint-Gérald,castle,France
http://www.wikidata.org/entity/Q678714,Berwick Castle,castle,United Kingdom
http://www.wikidata.org/entity/Q2971818,Château du Rouvoltz,castle,France
http://www.wikidata.org/entity/Q1013169,Burg Mühlberg,castle,Germany
http://www.wikidata.org/entity/Q67014392,Castello D' Ondena,castle,Italy
http://www.wikidata.org/entity/Q2971392,Château de la Sayette,castle,France
http://www.wikidata.org/entity/Q3660957,Castell de Serra,castle,Spain
http://www.wikidata.org/entity/Q15279294,Cluny Castle,castle,United Kingdom
http://www.wikidata.org/entity/Q2970334,Quérigut Castle,castle,France
http://www.wikidata.org/entity/Q3662464,Amantea Caslte,castle,Italy
http://www.wikidata.org/entity/Q20597098,Maes Celyn Motte,castle | motte,United Kingdom
http://www.wikidata.org/entity/Q1819254,Château de la Madeleine,castle,France
http://www.wikidata.org/entity/Q113303921,Castello di Castelnuovo,castle,Italy
http://www.wikidata.org/entity/Q282646,Château de Saint-Ulrich,castle,France
http://www.wikidata.org/entity/Q105488142,Momjan Castle,castle,Croatia
http://www.wikidata.org/entity/Q24661314,Fleet Motte,castle,United Kingdom
http://www.wikidata.org/entity/Q106077069,Castello e chiesa di Sant'Aldebrando a Sorrivoli,castle,Italy
http://www.wikidata.org/entity/Q108535678,Castle of Tournai,castle,Belgium
http://www.wikidata.org/entity/Q15940436,Château de Noironte,castle,France
http://www.wikidata.org/entity/Q83719432,Château fort de Montfermier,castle,France
http://www.wikidata.org/entity/Q1011980,Château de Guirbaden,castle,France
http://www.wikidata.org/entity/Q12061481,Margam Castle,castle | country house,United Kingdom
http://www.wikidata.org/entity/Q2970021,Château de Montlhéry,castle,France
http://www.wikidata.org/entity/Q97632514,Castillo de Osunilla,castle,Spain
http://www.wikidata.org/entity/Q111525453,Castello di Rocca d'Evandro,castle,Italy
http://www.wikidata.org/entity/Q2971853,Château du Vouchot,castle,France
http://www.wikidata.org/entity/Q19406851,Castellas de Montpeyroux,castle,France
http://www.wikidata.org/entity/Q43135653,Torre de la Cebada,monument | castle,Spain
http://www.wikidata.org/entity/Q90525762,Burg Kastellatz,castle,Italy
http://www.wikidata.org/entity/Q33224565,Schloß Rheingrafenstein,castle,Germany
http://www.wikidata.org/entity/Q55499120,Rēzekne Castle,castle,Latvia
http://www.wikidata.org/entity/Q7974997,Wattlesborough Castle,castle,United Kingdom
http://www.wikidata.org/entity/Q1014558,Burg Wersau,castle,Germany
http://www.wikidata.org/entity/Q3662751,Fieschi Castle,castle,Italy
http://www.wikidata.org/entity/Q24661403,Abbey Flatts,castle,United Kingdom
http://www.wikidata.org/entity/Q1013216,Burg Neidenstein,castle,Germany
http://www.wikidata.org/entity/Q1012207,Burg Hattenburg,castle,Germany
http://www.wikidata.org/entity/Q117813709,Castello Oldofredi,castle,Italy
http://www.wikidata.org/entity/Q98351494,Cultural heritage D-1-8136-0032 in Weyarn,castle | Bodendenkmal | parish church | chapel | feature | preceding structure,Germany
http://www.wikidata.org/entity/Q1011308,Calvörde Castle,castle,Germany
http://www.wikidata.org/entity/Q842129,Castillo de Suel,monument | castle,Spain
http://www.wikidata.org/entity/Q3662348,Orsini-Colonna Castle,castle | rocca,Italy
http://www.wikidata.org/entity/Q17849046,Tinnis Castle,castle,United Kingdom
http://www.wikidata.org/entity/Q39006623,Overton Castle,castle,United Kingdom
http://www.wikidata.org/entity/Q1049237,Puente del Congosto Castle,castle,Spain
http://www.wikidata.org/entity/Q2968590,Bolsover Castle,castle | historic house museum,United Kingdom
http://www.wikidata.org/entity/Q582885,Château du Haut Rosay,castle,France
http://www.wikidata.org/entity/Q113583494,Castello di Tecchiena,castle | monastic grange,Italy
http://www.wikidata.org/entity/Q41399208,Pavillon,castle,Germany
http://www.wikidata.org/entity/Q213362,Castle of Elvas,castle | cultural heritage,Portugal
http://www.wikidata.org/entity/Q15944469,Château de la Chapelle Bellouin,castle,France
http://www.wikidata.org/entity/Q60458762,Schloss Rechenberg,castle,Germany
http://www.wikidata.org/entity/Q41279894,III. Burgfriedenssäule Landshut,castle,Germany
http://www.wikidata.org/entity/Q1012805,Burg Lahr,castle,Germany
http://www.wikidata.org/entity/Q21294358,Fortifications of Rouen,castle,France
http://www.wikidata.org/entity/Q1014047,Burg Stadeck,castle,Austria
http://www.wikidata.org/entity/Q59771125,Castell de Creu,castle,France
http://www.wikidata.org/entity/Q3662856,St Mawes Castle,castle | fort,United Kingdom
http://www.wikidata.org/entity/Q17595861,castle of Hostoles,castle,Spain
http://www.wikidata.org/entity/Q102226536,Lagunas Rubias Castle,castle | archaeological site,Spain
http://www.wikidata.org/entity/Q2969996,Château de Montferrand,castle | château,France
http://www.wikidata.org/entity/Q367781,Rudkhan Castle,castle | cultural property,Iran
http://www.wikidata.org/entity/Q5932655,"Kafar Qaleh, Mehdishahr",castle,Iran
http://www.wikidata.org/entity/Q18289464,Castle Vasio,castle,Italy
http://www.wikidata.org/entity/Q1014534,Wellheim Castle,castle,Germany
http://www.wikidata.org/entity/Q23504471,Castell de Calmella,castle,France
http://www.wikidata.org/entity/Q2971826,Château du Solier,castle,France
http://www.wikidata.org/entity/Q7859519,Twthill Castle,motte-and-bailey castle | castle,United Kingdom
http://www.wikidata.org/entity/Q2333115,Château d'Eymet,castle | château,France
http://www.wikidata.org/entity/Q38280079,Castle of Pythio,castle,Greece
http://www.wikidata.org/entity/Q1014419,Burg Vohenstein,castle,Germany
http://www.wikidata.org/entity/Q97288891,Mirador del Castillo,castle | archaeological site,Spain
http://www.wikidata.org/entity/Q108750926,Castle of Akontisma,castle,Greece
http://www.wikidata.org/entity/Q17402098,Château de Montmorin,castle,France
http://www.wikidata.org/entity/Q2970628,Château de Sanvensa,castle,France
http://www.wikidata.org/entity/Q30582946,Grabiny Castle,Ordensburg | castle | chapel,Poland
http://www.wikidata.org/entity/Q8342644,Castell de la Tallada,castle,Spain
http://www.wikidata.org/entity/Q28086724,Encomienda Castle,castle,Spain
http://www.wikidata.org/entity/Q24661269,Hartley settlement,castle | historical settlement,United Kingdom
http://www.wikidata.org/entity/Q78661015,Château de Montlaur,castle,France
http://www.wikidata.org/entity/Q113292484,Castle of Montasico,castle,Italy
http://www.wikidata.org/entity/Q3662720,Castello di Monte Antico,castle,Italy
http://www.wikidata.org/entity/Q2559434,Wenigenburg (Gudensberg),castle,Germany
http://www.wikidata.org/entity/Q5757744,Castillo de las Arguijuelas de Arriba,castle,Spain
http://www.wikidata.org/entity/Q2154099,Ringwall Hünenkeller,castle | archaeological site,Germany
http://www.wikidata.org/entity/Q4850752,Balfour Castle,castle,United Kingdom
http://www.wikidata.org/entity/Q83719477,Château de Nieul,castle,France
http://www.wikidata.org/entity/Q5314101,Dunaverty Castle,castle,United Kingdom
http://www.wikidata.org/entity/Q2970503,Château de Saint-Denis-en-Bugey,castle,France
http://www.wikidata.org/entity/Q4819381,Auchen Castle Hotel,castle,United Kingdom
http://www.wikidata.org/entity/Q1013695,Burg Rode,castle,Germany
http://www.wikidata.org/entity/Q112169834,Castello di Bascapè,castle,Italy
http://www.wikidata.org/entity/Q29884643,Castello Cattaneo,architectural structure | castle,Switzerland
http://www.wikidata.org/entity/Q15940085,Château du Cuchet,castle,France
http://www.wikidata.org/entity/Q1014489,Burg Wartenberg (Geisingen),castle,Germany
http://www.wikidata.org/entity/Q4193351,Zolotyy Potik Castle,castle,Ukraine | Austria-Hungary | Austrian Empire
http://www.wikidata.org/entity/Q112322951,Castello di Collemancio,castle,Italy
http://www.wikidata.org/entity/Q1876458,Château des Rois ducs,castle | château,France
http://www.wikidata.org/entity/Q55831432,Castello di Mola,castle,Italy
http://www.wikidata.org/entity/Q5050022,Castle Caulfield,castle,United Kingdom
http://www.wikidata.org/entity/Q3662849,Castello di Rovasenda,castle,Italy
http://www.wikidata.org/entity/Q18003839,Castell de Fonolleres,castle,Spain
http://www.wikidata.org/entity/Q1011480,Burg Dorndiel,castle,Germany
http://www.wikidata.org/entity/Q2736607,Agel Castle,castle,France
http://www.wikidata.org/entity/Q4859982,Barclosh Castle,castle,United Kingdom
http://www.wikidata.org/entity/Q24659826,Cae Wall Wood Motte,motte-and-bailey castle | castle | motte,United Kingdom
http://www.wikidata.org/entity/Q3276850,Castillo de San Romualdo,monument | castle,Spain
http://www.wikidata.org/entity/Q113378643,Castello,castle,Italy
http://www.wikidata.org/entity/Q2175464,Ruine Untereggingen,castle,Germany
http://www.wikidata.org/entity/Q2969052,Château de Coulans,castle,France
http://www.wikidata.org/entity/Q85824533,Agazzano Castle,castle,Italy
http://www.wikidata.org/entity/Q15132675,Turmhügel Hechenberg,motte-and-bailey castle | castle | Bodendenkmal,Germany
http://www.wikidata.org/entity/Q8342580,Castell de Tona,castle,Spain
http://www.wikidata.org/entity/Q115564082,Rehstein,castle,France
http://www.wikidata.org/entity/Q24659573,Great Castle Head,castle | promontory fort | archaeological site,United Kingdom
http://www.wikidata.org/entity/Q23928452,Castello di Santa Maria Coghinas,castle,Italy
http://www.wikidata.org/entity/Q866154,Haapsalu Castle,destroyed building or structure | castle,Estonia
http://www.wikidata.org/entity/Q38598432,Dinweilir,castle,United Kingdom
http://www.wikidata.org/entity/Q15123231,Obere Burg (Zwingenberg),castle,Germany
http://www.wikidata.org/entity/Q29891329,Château de la Roche,castle | architectural structure | fortified house,Switzerland
http://www.wikidata.org/entity/Q108664930,Kastellorizo Castle,castle,Greece
http://www.wikidata.org/entity/Q15660316,Château de Verreux,castle,France
http://www.wikidata.org/entity/Q8342664,Castell del Piló,monument | castle,Spain
http://www.wikidata.org/entity/Q115309199,Saint-Germain Castle,castle,Germany
http://www.wikidata.org/entity/Q17596792,Castell del Bullidor,castle,Spain
http://www.wikidata.org/entity/Q30232096,Gorica Castle,castle | historic site,Albania
http://www.wikidata.org/entity/Q5757515,Castillo de Petralata,castle,Spain
http://www.wikidata.org/entity/Q15943739,Château de Courseulles,castle | château,France
http://www.wikidata.org/entity/Q2520943,Sverresborg,castle,Norway
http://www.wikidata.org/entity/Q2043012,Spontin Castle,castle,Belgium
http://www.wikidata.org/entity/Q251766,Strassberg Castle,castle | castle ruin,Switzerland
http://www.wikidata.org/entity/Q2970946,Château de Vermoise,castle,France
http://www.wikidata.org/entity/Q17595911,Castell de Bar,castle,Spain
http://www.wikidata.org/entity/Q41246391,Ensemble Burgberg und Markt Lupburg,castle,Germany
http://www.wikidata.org/entity/Q16329492,Mouchli Castle,castle,Greece
http://www.wikidata.org/entity/Q8024581,Windsor Castle Royal Tattoo,castle,United Kingdom
http://www.wikidata.org/entity/Q2664402,Burg Obernheim,castle,Germany
http://www.wikidata.org/entity/Q122217044,Cilgerran Castle Additional Area,castle,United Kingdom
http://www.wikidata.org/entity/Q70599805,Kasteel van Watou,castle,Belgium
http://www.wikidata.org/entity/Q1013629,Burg Reichenstein,castle,Germany
http://www.wikidata.org/entity/Q1014571,Burg Wettenberg,castle,Germany
http://www.wikidata.org/entity/Q1453024,Palais Schönburg,castle | palace,Austria
http://www.wikidata.org/entity/Q24937864,Castle of Roccalanzona,castle,Italy
http://www.wikidata.org/entity/Q83718403,Château du Soudun,castle | château,France
http://www.wikidata.org/entity/Q21074586,Château de Cassaigne,castle,France
http://www.wikidata.org/entity/Q17596410,Castell de Mont-ros,castle,Spain
http://www.wikidata.org/entity/Q28497197,Château du Val,castle,France
http://www.wikidata.org/entity/Q5757677,Castle of Vegallera,castle,Spain
http://www.wikidata.org/entity/Q665611,Burg Seebenstein,castle,Austria
http://www.wikidata.org/entity/Q78661070,Château de Pépinès,castle,France
http://www.wikidata.org/entity/Q1013012,Burg Lohr,castle,Germany
http://www.wikidata.org/entity/Q2240167,Château de Bailleul,castle,France
http://www.wikidata.org/entity/Q2968381,Château d'Épierre (Ain),castle,France
http://www.wikidata.org/entity/Q5945166,Milajerd Castle,castle,Iran
http://www.wikidata.org/entity/Q2377402,Château de Grandchamp,castle,France
http://www.wikidata.org/entity/Q15108415,Burgstall Menburg,castle | archaeological site,Germany
http://www.wikidata.org/entity/Q2970260,Château de Poncin,castle,France
http://www.wikidata.org/entity/Q11913057,Castell de Montargull,castle,Spain
http://www.wikidata.org/entity/Q28670512,Castello Ginami-Buccelleni,castle,Italy
http://www.wikidata.org/entity/Q1013815,Burg Salzhofen,castle,Germany
http://www.wikidata.org/entity/Q15790318,Burg Allersburg,castle,Germany
http://www.wikidata.org/entity/Q113366487,Castello Reynaudi,castle,Italy
http://www.wikidata.org/entity/Q2971437,Castle of Maqueda,monument | castle,Spain
http://www.wikidata.org/entity/Q67772269,Mittlere Erlinsburg,castle,Switzerland
http://www.wikidata.org/entity/Q1011122,Burg Borken,castle,Germany
http://www.wikidata.org/entity/Q30741155,Château de la Bretauche,castle,France
http://www.wikidata.org/entity/Q12803455,Old Castle,castle,Slovenia
http://www.wikidata.org/entity/Q24660486,Llanvaches Castle,castle,United Kingdom
http://www.wikidata.org/entity/Q1723933,Kansteinburg,castle,Germany
http://www.wikidata.org/entity/Q628587,Château de Rognac,castle | château,France
http://www.wikidata.org/entity/Q17624847,Château de Stoerenbourg,castle,France
http://www.wikidata.org/entity/Q9386757,Castle in Warta Bolesławiecka,castle,Poland
http://www.wikidata.org/entity/Q5246061,Dean Castle,castle | military museum | local authority museum,United Kingdom
http://www.wikidata.org/entity/Q41375781,Ensemble Altstadt Hilpoltstein mit Burg,castle,Germany
http://www.wikidata.org/entity/Q15106412,Alte Burg,castle,Germany
http://www.wikidata.org/entity/Q56319223,Castillo de Miravete,castle,Spain
http://www.wikidata.org/entity/Q6407895,Killowen Castle,castle,United Kingdom
http://www.wikidata.org/entity/Q24941211,Castello di Correggio Micheli,castle,Italy
http://www.wikidata.org/entity/Q24660028,Haresfield Mount,castle,United Kingdom
http://www.wikidata.org/entity/Q21530304,Castell de Castellbisbal,castle,Spain
http://www.wikidata.org/entity/Q1478826,Niederpleiser Niederungsmotte,castle,Germany
http://www.wikidata.org/entity/Q15790344,Burg Landeskron,castle,Germany
http://www.wikidata.org/entity/Q2341945,Barroux Castle,castle | château,France
http://www.wikidata.org/entity/Q5757769,Castle of Asmesnal,castle,Spain
http://www.wikidata.org/entity/Q5313791,Dumfries Castle,castle,United Kingdom
http://www.wikidata.org/entity/Q15790370,Setterich Castle,castle,Germany
http://www.wikidata.org/entity/Q17671905,Shrawardine Castle,motte-and-bailey castle | castle | shell keep | archaeological site,United Kingdom
http://www.wikidata.org/entity/Q1011506,Burg Dürboslar,castle,Germany
http://www.wikidata.org/entity/Q55182058,Castello Caetani,castle,Italy
http://www.wikidata.org/entity/Q17596186,Castell de Ferran,castle,Spain
http://www.wikidata.org/entity/Q110839294,Castle Alt-Wildon,castle,Austria
http://www.wikidata.org/entity/Q78661032,Château de Montséret,castle,France
http://www.wikidata.org/entity/Q2967839,Château Bayard,castle | winery,France
http://www.wikidata.org/entity/Q9704238,Inch Castle,castle,United Kingdom
http://www.wikidata.org/entity/Q98847024,Castello di Cenate Sotto,castle,Italy
http://www.wikidata.org/entity/Q16609630,Labraza Walls,monument | castle,Spain
http://www.wikidata.org/entity/Q3662478,Castle of Bardi,castle,Italy
http://www.wikidata.org/entity/Q113432062,Huis te Dodewaard,destroyed building or structure | castle,Dutch Republic | Holy Roman Empire | Netherlands
http://www.wikidata.org/entity/Q113376019,Castello di Molo,castle,Italy
http://www.wikidata.org/entity/Q28797926,Castle of Panocchia,castle,Italy
http://www.wikidata.org/entity/Q821196,Lissingen Castle,castle,Germany
http://www.wikidata.org/entity/Q29785867,Bevaix Castle,architectural structure | castle,Switzerland
http://www.wikidata.org/entity/Q78661106,Château de Rochejean,castle,France
http://www.wikidata.org/entity/Q85860559,Vigolzone Castle,castle,Italy
http://www.wikidata.org/entity/Q3662672,Castello di Maniago,castle,Italy
http://www.wikidata.org/entity/Q113050296,Castello di Tordera,castle,Italy
http://www.wikidata.org/entity/Q9386707,Castle in Pinczów,castle,Poland
http://www.wikidata.org/entity/Q15944307,Château d'Allègre,castle | château,France
http://www.wikidata.org/entity/Q688261,Valère Castle,castle | co-cathedral | minor basilica,Switzerland
http://www.wikidata.org/entity/Q108612459,Castle of Fylla,castle,Greece
http://www.wikidata.org/entity/Q2700205,Château de Menthon-Saint-Bernard,fortified house | castle,France
http://www.wikidata.org/entity/Q5050150,Castle Hotel,hotel | castle,United Kingdom
http://www.wikidata.org/entity/Q682601,Caerphilly Castle,castle,United Kingdom
http://www.wikidata.org/entity/Q113163604,Castello Borelli,castle,Italy
http://www.wikidata.org/entity/Q20600984,"Trecastell, Pen-y-clawdd",castle,United Kingdom
http://www.wikidata.org/entity/Q15108456,Burgstall Walda,castle | archaeological site,Germany
http://www.wikidata.org/entity/Q6065551,Ipswich Castle,castle,United Kingdom
http://www.wikidata.org/entity/Q116897404,Katzenschwanz Castle,castle | architectural structure | destroyed building or structure,Germany
http://www.wikidata.org/entity/Q2969824,Château de Martigné-Briand,castle,France
http://www.wikidata.org/entity/Q56310799,Château de Mirvault,castle,France
http://www.wikidata.org/entity/Q17624100,Castello di Bargone,castle,Italy
http://www.wikidata.org/entity/Q24661605,Milton House Mound,castle,United Kingdom
http://www.wikidata.org/entity/Q29345562,Castle of Terrer,castle,Spain
http://www.wikidata.org/entity/Q38282193,Koules of Koxare,castle,Greece
http://www.wikidata.org/entity/Q38598932,Lawrenny Castle,castle,United Kingdom
http://www.wikidata.org/entity/Q98274887,Cultural heritage D-3-6842-0003 in Miltach,castle | château | feature | Bodendenkmal,Germany
http://www.wikidata.org/entity/Q113377043,Castello Gajoli Boidi,castle,Italy
http://www.wikidata.org/entity/Q112320169,Scisciano Castle,castle,Italy
http://www.wikidata.org/entity/Q3662312,Caldora-Cantelmo Castle,castle,Italy
http://www.wikidata.org/entity/Q113140755,Castello di Villagana,castle,Italy
http://www.wikidata.org/entity/Q55624548,Naggar Castle,castle,India
http://www.wikidata.org/entity/Q5893737,Mir Gholam Hashemi Castle,castle | cultural property,Iran
http://www.wikidata.org/entity/Q3663049,Castiglion Balzetti,castle,Italy
http://www.wikidata.org/entity/Q43121404,El Castell,castle | masia,Spain
http://www.wikidata.org/entity/Q1012709,Kostomlaty Castle,castle | castle ruin,Czech Republic
http://www.wikidata.org/entity/Q11913085,Château de Riell,castle | château,France
http://www.wikidata.org/entity/Q17121895,Lustheim Palace,museum | castle | maison de plaisance | manor house | hunting lodge,Germany
http://www.wikidata.org/entity/Q1011940,Burg Gernsheim,castle,Germany
http://www.wikidata.org/entity/Q18416888,Castle of Casale Monferrato,castle,Italy
http://www.wikidata.org/entity/Q5215908,Danesmoate House,castle,Ireland
http://www.wikidata.org/entity/Q16353465,Ādaži Castle,castle,Latvia
http://www.wikidata.org/entity/Q112278497,Castello di Attigliano,castle,Italy
http://www.wikidata.org/entity/Q5757159,Castillo de Bernardo,castle,Spain
http://www.wikidata.org/entity/Q20602248,Waun Twmpath Motte,castle | motte,United Kingdom
http://www.wikidata.org/entity/Q5757527,Castillo de Pozaldez,castle,Spain
http://www.wikidata.org/entity/Q2969994,Château de Montferrand (Lagnieu),castle,France
http://www.wikidata.org/entity/Q18191220,"Castle of Santa Bárbara, La Fresneda",castle,Spain
http://www.wikidata.org/entity/Q111964109,Château de la Folie d'Aigremont,castle,France
http://www.wikidata.org/entity/Q83716772,Château de la Perrière,castle,France
http://www.wikidata.org/entity/Q113584872,Castell'Arcione,castle,Italy
http://www.wikidata.org/entity/Q106079125,Ala orientale del Forte,castle,Italy
http://www.wikidata.org/entity/Q1975734,Castle Campbell,castle,United Kingdom
http://www.wikidata.org/entity/Q1590704,House Witten,manor estate | castle,Germany
http://www.wikidata.org/entity/Q113361707,Castello di Quaregna,castle,Italy
http://www.wikidata.org/entity/Q105963467,el Castellot,castle,Spain
http://www.wikidata.org/entity/Q113399452,Castello di Castelcies,castle,Italy
http://www.wikidata.org/entity/Q1014182,Burg Sulzburg (Lautertal),castle,Germany
http://www.wikidata.org/entity/Q2971502,Château des Jaubertes,castle,France
http://www.wikidata.org/entity/Q2970646,Château de Sauvagnac,castle,France
http://www.wikidata.org/entity/Q13057138,Alexander Castle,castle,Bangladesh
http://www.wikidata.org/entity/Q8342185,Castle of Batres,castle | Historical Emsemble (Spain),Spain
http://www.wikidata.org/entity/Q148575,Zaunburg,castle,Germany
http://www.wikidata.org/entity/Q17353344,Alsterburg,castle,Germany
http://www.wikidata.org/entity/Q1014016,Sokolac Castle,castle | cultural heritage,Croatia
http://www.wikidata.org/entity/Q107549517,Borromeo Castle,architectural ensemble | castle,Italy
http://www.wikidata.org/entity/Q1625031,Ruin Hohenbodman,castle,Germany
http://www.wikidata.org/entity/Q30102611,Old palace in Nałęczów,castle,Poland
http://www.wikidata.org/entity/Q113571525,Ferretti Castle,castle,Italy
http://www.wikidata.org/entity/Q5118777,Château de Grane,castle,France
http://www.wikidata.org/entity/Q1010991,Burg Beyernaumburg,castle | château,Germany
http://www.wikidata.org/entity/Q3662710,Castle of Monaselice,castle | palazzo museum | history museum | military museum building | museum for an artifact of industrial archaeology | historical park museum | archaeological museum,Italy
http://www.wikidata.org/entity/Q606822,Castel Telvana,castle,Italy
http://www.wikidata.org/entity/Q9705137,Château de Bellevue,castle,France
http://www.wikidata.org/entity/Q17640925,Kilpeck Castle,castle,United Kingdom
http://www.wikidata.org/entity/Q2971365,Château de la Roche-Pichemer,castle,France
http://www.wikidata.org/entity/Q1498681,Castle Thurnstein,castle | château,Italy
http://www.wikidata.org/entity/Q3662346,Castello Normanno,castle,Italy
http://www.wikidata.org/entity/Q2301986,Halton Castle,castle | ruins,United Kingdom
http://www.wikidata.org/entity/Q31205805,Hradební 61 (Český Krumlov),castle,Czech Republic
http://www.wikidata.org/entity/Q2795436,Château de la Tour de Saint-Genis-Laval,castle,France
http://www.wikidata.org/entity/Q1013467,Burg Peppenhoven,castle | protected area,Germany
http://www.wikidata.org/entity/Q2969809,Ancien château,castle,France
http://www.wikidata.org/entity/Q5118763,Château de Couanac,castle,France
http://www.wikidata.org/entity/Q17596528,Castell de Puig-alder,castle,Spain
http://www.wikidata.org/entity/Q5049824,Castelo de Santiago do Cacém,castle | cultural heritage,Portugal
http://www.wikidata.org/entity/Q16619092,Szamotuły Castle,castle,Poland
http://www.wikidata.org/entity/Q2969344,Château de Grand-Champ,castle,France
http://www.wikidata.org/entity/Q1588982,Hattenbachscher Burgsitz,castle,Germany
http://www.wikidata.org/entity/Q3662937,Castello di Uzzano,castle,Italy
http://www.wikidata.org/entity/Q2970660,Château de Segrez,castle,France
http://www.wikidata.org/entity/Q130644318,Castello di Monterado,castle,Italy
http://www.wikidata.org/entity/Q4918798,Bite-about Pele,castle,United Kingdom
http://www.wikidata.org/entity/Q56661833,Bathgate Castle,castle,United Kingdom
http://www.wikidata.org/entity/Q5527651,Gaujiena Castle,castle,Latvia
http://www.wikidata.org/entity/Q39011943,St Lythans Ringwork,castle,United Kingdom
http://www.wikidata.org/entity/Q119161351,Castello di Cortazzone,castle,Italy
http://www.wikidata.org/entity/Q5757662,Castle of Tàrbena,monument | castle,Spain
http://www.wikidata.org/entity/Q12261996,Château de Latsaga,castle | château,France
http://www.wikidata.org/entity/Q1774870,Cilgerran Castle,castle,United Kingdom
http://www.wikidata.org/entity/Q5016894,Caerhays Castle,castle | English country house,United Kingdom
http://www.wikidata.org/entity/Q108772151,Kotiv castle,castle,Ukraine
http://www.wikidata.org/entity/Q65057515,Fortress of al-Al,castle,Syria
http://www.wikidata.org/entity/Q112810916,Kasteel IJzendoorn,castle,Netherlands
http://www.wikidata.org/entity/Q104216743,Château de Dorigny,castle | château,Switzerland
http://www.wikidata.org/entity/Q17596606,Castle of Sant Antoni,castle,Spain
http://www.wikidata.org/entity/Q3078189,Fort de Limaie,castle,France
http://www.wikidata.org/entity/Q1900094,Castle of Warfusée,castle,Belgium
http://www.wikidata.org/entity/Q24661631,Castle Bach,castle,United Kingdom
http://www.wikidata.org/entity/Q56356378,Beagh Castle,castle,Ireland
http://www.wikidata.org/entity/Q24661473,Little Houghton Ringwork,castle,United Kingdom
http://www.wikidata.org/entity/Q5169784,Corbridge Vicar's Pele,castle,United Kingdom
http://www.wikidata.org/entity/Q20590470,Tomen Cefn Glaniwrch,castle | motte,United Kingdom
http://www.wikidata.org/entity/Q1049589,Castle of Mey,castle | historic house museum,United Kingdom
http://www.wikidata.org/entity/Q257633,Burg Hünersedel,castle,Germany
http://www.wikidata.org/entity/Q2970488,Château de Saint Aubin,castle,France
http://www.wikidata.org/entity/Q98382932,Herrenhaus Krebsburg,castle,Germany
http://www.wikidata.org/entity/Q1014205,Burg Tannenberg,castle,Germany
http://www.wikidata.org/entity/Q2969112,Dalhousie Castle,castle,United Kingdom
http://www.wikidata.org/entity/Q16740847,Castillo de Albalat,monument | castle,Spain
http://www.wikidata.org/entity/Q3662604,Castello Chiaramonte,castle,Italy
http://www.wikidata.org/entity/Q5715629,Bajul Castle,castle,Iran
http://www.wikidata.org/entity/Q109934160,Castell d'en Dalmau,castle | historic building,Spain
http://www.wikidata.org/entity/Q37188030,Fittipaldi Castle,castle,Italy
http://www.wikidata.org/entity/Q113558851,Castellaccio,castle,Italy
http://www.wikidata.org/entity/Q83719455,Château fort de Montoussé,castle,France
http://www.wikidata.org/entity/Q67772654,Burg Grafenstein,castle,Switzerland
http://www.wikidata.org/entity/Q56400437,Fortalesa de Castell,castle,France
http://www.wikidata.org/entity/Q1666922,medieval castle ruins,castle | castle ruin,Switzerland
http://www.wikidata.org/entity/Q21868283,Schloss Kaps,castle,Austria
http://www.wikidata.org/entity/Q42755670,Château byzantin,castle,Tunisia
http://www.wikidata.org/entity/Q1012149,Burg Güttersbach,castle,Germany
http://www.wikidata.org/entity/Q1392075,Fahlburg,castle | Ansitz,Italy
http://www.wikidata.org/entity/Q5049738,Castle of Alenquer,castle | cultural heritage,Portugal
http://www.wikidata.org/entity/Q17847719,Press Castle,castle,United Kingdom
http://www.wikidata.org/entity/Q1013739,Burg Rothenburg (Saale),castle,Germany
http://www.wikidata.org/entity/Q13126919,Castell Prin,contour fort | castle,United Kingdom
http://www.wikidata.org/entity/Q2969246,Château de Fontenoy-le-Château,castle | château,France
http://www.wikidata.org/entity/Q41404564,Ehemaliges Torhaus der Burg,castle,Germany
http://www.wikidata.org/entity/Q106074600,Rocca di San Cassiano,castle,Italy
http://www.wikidata.org/entity/Q1013640,Reifferscheid Castle,castle,Germany
http://www.wikidata.org/entity/Q6757995,Tong Pass,castle | cultural heritage,People's Republic of China
http://www.wikidata.org/entity/Q29381560,Sunne kastal,castle,Sweden
http://www.wikidata.org/entity/Q8342633,Castell de Sapeira,castle,Spain
http://www.wikidata.org/entity/Q2475039,Huntingtower Castle,castle | country house | tower house,United Kingdom
http://www.wikidata.org/entity/Q2970050,Château de Montréal-de-Sos,castle | château,France
http://www.wikidata.org/entity/Q1015991,Burgstelle Bachtal,castle,Germany
http://www.wikidata.org/entity/Q111550315,Castello Colonna,castle,Italy
http://www.wikidata.org/entity/Q17624117,Castle of Castelguelfo,castle,Italy
http://www.wikidata.org/entity/Q1012562,Burg Innhausen,castle,Germany
http://www.wikidata.org/entity/Q33224102,Schloß Allstedt,castle,Germany
http://www.wikidata.org/entity/Q2971178,Château de la Chaise,castle,France
http://www.wikidata.org/entity/Q38611748,Ceunant Mound,castle,United Kingdom
http://www.wikidata.org/entity/Q5050397,Castle of Miranda de Ebro,castle,Spain
http://www.wikidata.org/entity/Q2970410,Château de Rognac,castle,France
http://www.wikidata.org/entity/Q15842510,Ringwall Schwedenschanze,castle | archaeological site,Germany
http://www.wikidata.org/entity/Q97625630,Campillo Bajo,village | castle | roadway | archaeological site,Spain
http://www.wikidata.org/entity/Q34629810,castle of Torralba de los Frailes,castle,Spain
http://www.wikidata.org/entity/Q29413319,Kalmar 88:1,castle,Sweden
http://www.wikidata.org/entity/Q107588054,Thornton Castle,castle,United Kingdom
http://www.wikidata.org/entity/Q1672795,Thorberg Castle with outbuildings,castle | correctional facility | architectural ensemble | Carthusian monastery,Switzerland
http://www.wikidata.org/entity/Q1015706,Burgstall Buschelberg (Bocksberg),castle | archaeological site,Germany
http://www.wikidata.org/entity/Q2968191,Castello di Aymavilles,castle | museum of a public entity | palazzo museum,Italy
http://www.wikidata.org/entity/Q1014347,"Ruine Utkoven, Donautal",castle,Germany
http://www.wikidata.org/entity/Q24661833,Trowbridge Castle,castle | archaeological site,United Kingdom
http://www.wikidata.org/entity/Q1012569,Burg Iversheim,castle,Germany
http://www.wikidata.org/entity/Q1012073,Burg Großschafhausen,castle,Germany
http://www.wikidata.org/entity/Q315602,Hohnstein Castle,castle,Germany
http://www.wikidata.org/entity/Q2968614,Château de Bouillac,castle,France
http://www.wikidata.org/entity/Q67772469,Schloss Bussy,castle,Switzerland
http://www.wikidata.org/entity/Q83719716,Château fort du Fief Milon,castle,France
http://www.wikidata.org/entity/Q2254707,Schwedenschanze,castle | archaeological site,Germany
http://www.wikidata.org/entity/Q17648765,Mileham Castle,castle,United Kingdom
http://www.wikidata.org/entity/Q41394577,Burgstall,castle,Germany
http://www.wikidata.org/entity/Q2969314,Château de Gavaudun,castle,France
http://www.wikidata.org/entity/Q5095985,Chichester Castle,castle,United Kingdom
http://www.wikidata.org/entity/Q15110137,Egglburg,castle | archaeological site,Germany
http://www.wikidata.org/entity/Q38603627,Syke Rath,castle,United Kingdom
http://www.wikidata.org/entity/Q1013214,Burg Neidenfels (Satteldorf),castle,Germany
http://www.wikidata.org/entity/Q2263240,Château de Rosanbo,castle,France
http://www.wikidata.org/entity/Q29785773,Tannenfels Castle,architectural structure | castle,Switzerland
http://www.wikidata.org/entity/Q266698,Karlštejn Castle,castle,Czech Republic
http://www.wikidata.org/entity/Q2968758,Château de Canet,castle,France
http://www.wikidata.org/entity/Q19367839,Castillo de la Viñaza,monument | castle,Spain
http://www.wikidata.org/entity/Q28148767,Castell de Nalec,castle,Spain
http://www.wikidata.org/entity/Q56661824,Berriedale Castle,castle,United Kingdom
http://www.wikidata.org/entity/Q11913022,Château de Sansa,castle,France
http://www.wikidata.org/entity/Q1252715,Doune Castle,castle,United Kingdom
http://www.wikidata.org/entity/Q38282003,Anaktoropolis,castle | archaeological site,Greece
http://www.wikidata.org/entity/Q2970294,Château de Pouzy,castle,France
http://www.wikidata.org/entity/Q3662743,Castello di Montesarchio,castle,Italy
http://www.wikidata.org/entity/Q5757149,Castle of Belvís de Monroy,castle,Spain
http://www.wikidata.org/entity/Q113452655,Castello di Santa Sofia,castle,Italy
http://www.wikidata.org/entity/Q1014757,Burg Štrálek,castle | castle ruin,Czech Republic
http://www.wikidata.org/entity/Q104880061,Visconti Castle,castle | Category:Visconti buildings,Italy
http://www.wikidata.org/entity/Q5118784,Château de La Coste,castle,France
http://www.wikidata.org/entity/Q2242245,Louisenberg Castle,castle | château,Switzerland
http://www.wikidata.org/entity/Q14538465,Burg Brelen,castle | hilltop castle,Germany
http://www.wikidata.org/entity/Q1292295,Königshof Haina,castle,Germany
http://www.wikidata.org/entity/Q2969673,Château de Launac,castle,France
http://www.wikidata.org/entity/Q130753306,castle of Canteloup,castle,France
http://www.wikidata.org/entity/Q966737,Vorst Castle,castle,Italy
http://www.wikidata.org/entity/Q115055581,medieval castle ruins of Hochaltstätten,castle | ruins,Switzerland
http://www.wikidata.org/entity/Q15944467,Château du Bois-Doucet,castle,France
http://www.wikidata.org/entity/Q38619853,"Ynysawdre Mound, St Brides Minor",castle,United Kingdom
http://www.wikidata.org/entity/Q5757728,Castle of La Raya,castle,Spain
http://www.wikidata.org/entity/Q39011003,"Cae Dan y Domen, Treflys",castle,United Kingdom
http://www.wikidata.org/entity/Q15845682,Castello Voronoff,castle,Italy
http://www.wikidata.org/entity/Q105979302,Castell del Sala,castle,Spain
http://www.wikidata.org/entity/Q2967797,Château-Naillac,castle,France
http://www.wikidata.org/entity/Q22951888,Château de Longueville,castle,France
http://www.wikidata.org/entity/Q21603859,Castell de Brocà,castle,Spain
http://www.wikidata.org/entity/Q13407357,Džigerdelen Parkan,castle,Slovakia
http://www.wikidata.org/entity/Q128788611,Slot Hardenberg,castle,Netherlands
http://www.wikidata.org/entity/Q3662943,Castello di Valperga,castle | art museum,Italy
http://www.wikidata.org/entity/Q125404006,Château des Colonnes,castle,France
http://www.wikidata.org/entity/Q1011905,Burg Fürstenwalde,castle | castle ruin,Czech Republic
http://www.wikidata.org/entity/Q33518376,Castle of Cubel,bell tower | castle | fortified tower,Spain
http://www.wikidata.org/entity/Q1014061,Stapelburg Castle,castle,Germany
http://www.wikidata.org/entity/Q2971187,Château de la Chalupie,castle | château,France
http://www.wikidata.org/entity/Q24661860,Woodbrook,castle,United Kingdom
http://www.wikidata.org/entity/Q1015797,Burgstall Hubertusfelsen,castle | archaeological site,Germany
http://www.wikidata.org/entity/Q28381003,Norman Castle,castle,Italy
http://www.wikidata.org/entity/Q2224564,Saranta Kolones,castle,Cyprus
http://www.wikidata.org/entity/Q16854290,Château d'Hauterives (Drôme),castle,France
http://www.wikidata.org/entity/Q113303934,Castello di Lizola,castle,Italy
http://www.wikidata.org/entity/Q19367862,Castell de Sant Domí,castle,Spain
http://www.wikidata.org/entity/Q10610458,Opensten,castle,Sweden
http://www.wikidata.org/entity/Q47037595,El Castillejo,castle,Spain
http://www.wikidata.org/entity/Q3662622,Castle of Gorizia,castle,Italy
http://www.wikidata.org/entity/Q5689696,Punicastro castle,castle,Spain | Kingdom of Navarre
http://www.wikidata.org/entity/Q2970801,Château de Thugny-Trugny,castle,France
http://www.wikidata.org/entity/Q2970184,Château de Parpacé,castle,France
http://www.wikidata.org/entity/Q3402432,Sevnica Castle,castle,Slovenia
http://www.wikidata.org/entity/Q6722918,Macclesfield Castle,castle,United Kingdom
http://www.wikidata.org/entity/Q1013754,Burg Rudersberg,castle,Germany
http://www.wikidata.org/entity/Q30947483,Fengguiwei Fort,castle,Taiwan
http://www.wikidata.org/entity/Q98349090,Cultural heritage D-2-7345-0001 in Aicha vorm Wald,castle | château | feature | Bodendenkmal,Germany
http://www.wikidata.org/entity/Q11912975,Schoenborn Palace,castle | palace,Ukraine
http://www.wikidata.org/entity/Q38119485,"Burgerturm, Pöchlarn",castle,Austria
http://www.wikidata.org/entity/Q17596368,Castell de Marzà,castle,Spain
http://www.wikidata.org/entity/Q113551097,Castello di Rutigliano,castle,Italy
http://www.wikidata.org/entity/Q2971101,Château de l'Hermine,castle | ruins,France
http://www.wikidata.org/entity/Q2968796,Château de Caumale,castle,France
http://www.wikidata.org/entity/Q5757020,Castillo de Alba,castle,Spain
http://www.wikidata.org/entity/Q2888337,Castillo de Montalván,castle,Spain
http://www.wikidata.org/entity/Q1016209,Burgwall Tietzow,castle,Germany
http://www.wikidata.org/entity/Q1757808,Vadstena Castle,castle | heritage site in Sweden | tourist attraction | enterprise | cultural property | architectural ensemble,Sweden
http://www.wikidata.org/entity/Q56450795,Castle of Paleochora,fortress | castle,Greece
http://www.wikidata.org/entity/Q2970924,Château de Vaujours,castle,France
http://www.wikidata.org/entity/Q38024028,Hausberg Schlössel,castle,Austria
http://www.wikidata.org/entity/Q6403657,Castle of Aamaj,castle,Iran
http://www.wikidata.org/entity/Q5049735,Castle of Alegrete,castle | cultural heritage,Portugal
http://www.wikidata.org/entity/Q71249877,Castelvecchio di Testona,museum | castle,Italy
http://www.wikidata.org/entity/Q98219697,Cultural heritage D-4-6133-0309 in Heiligenstadt in Oberfranken,castle | château | Bodendenkmal | chapel | feature,Germany
http://www.wikidata.org/entity/Q112323176,Castello di Montenero,castle,Italy
http://www.wikidata.org/entity/Q55887931,Ardee Castle,castle | historic site,Ireland
http://www.wikidata.org/entity/Q8342437,Millares Castle,castle,Spain
http://www.wikidata.org/entity/Q2739779,Male Castle,castle,Belgium
http://www.wikidata.org/entity/Q97208056,Nishijima Castle,castle,Japan
http://www.wikidata.org/entity/Q514388,Loch Leven Castle,castle,United Kingdom
http://www.wikidata.org/entity/Q41213373,Burgtor,castle,Germany
http://www.wikidata.org/entity/Q11913045,Castell de Juià,castle,Spain
http://www.wikidata.org/entity/Q606744,Château de Borjova,castle,Ukraine
http://www.wikidata.org/entity/Q29880610,Buechi-Schlössli with medieval castle ruins Buchegg,castle | Bergfried | architectural structure | archaeological site,Switzerland
http://www.wikidata.org/entity/Q7920355,Ventspils Castle,castle,Latvia
http://www.wikidata.org/entity/Q12790221,Fala Castle,castle,Slovenia
http://www.wikidata.org/entity/Q14570807,Château de Cuy,castle,France
http://www.wikidata.org/entity/Q38281220,Castle of Paramythis,castle,Greece
http://www.wikidata.org/entity/Q2970676,Château de Septmonts,castle,France
http://www.wikidata.org/entity/Q3662481,Castello di Barrugeri,castle,Italy
http://www.wikidata.org/entity/Q19545308,Castle of Ragusa,castle,Italy
http://www.wikidata.org/entity/Q39006481,Ruthin Old Castle,castle,United Kingdom
http://www.wikidata.org/entity/Q877760,Schloss Kleinbardorf,castle,Germany
http://www.wikidata.org/entity/Q108612443,Castle of Figaleia,castle,Greece
http://www.wikidata.org/entity/Q3662838,Castello di Rivara,castle | museum of modern art,Italy
http://www.wikidata.org/entity/Q2970340,Castle of Rapallo,castle,Italy
http://www.wikidata.org/entity/Q11913050,Castell de Lles,castle,Spain
http://www.wikidata.org/entity/Q20009638,Castello di Cesnola,castle,Italy
http://www.wikidata.org/entity/Q12017829,Frejštejn,castle | castle ruin,Czech Republic
http://www.wikidata.org/entity/Q70334840,Castello di Resuttano,castle,Italy
http://www.wikidata.org/entity/Q113303942,Castello di Castiglione Martellato,castle,Italy
http://www.wikidata.org/entity/Q78661355,Château du Chastel des Prés,castle,France
http://www.wikidata.org/entity/Q113563097,Castello di Spanò,castle,Italy
http://www.wikidata.org/entity/Q4280811,Manchester Castle,castle | manor house | tourist attraction,United Kingdom
http://www.wikidata.org/entity/Q3361039,Palais de l'Ombrière,castle,France
http://www.wikidata.org/entity/Q20590317,Cefn Bryntalch Castle,motte-and-bailey castle | castle,United Kingdom
http://www.wikidata.org/entity/Q20875069,Castell de Preixens,castle,Spain
http://www.wikidata.org/entity/Q3403319,Oxwich Castle,castle | fortified manor house | archaeological site,United Kingdom
http://www.wikidata.org/entity/Q113381261,Château de Montrodeix,castle,France
http://www.wikidata.org/entity/Q2970441,Château de Rougemont,castle,Belgium
http://www.wikidata.org/entity/Q98272860,Cultural heritage D-3-6436-0035 in Edelsfeld,castle | château | feature | Bodendenkmal,Germany
http://www.wikidata.org/entity/Q15790358,Burg Prebrunn,castle,Germany
http://www.wikidata.org/entity/Q20598633,Castell Gronw,castle | motte,United Kingdom
http://www.wikidata.org/entity/Q3662547,Castello di Castelleone,castle,Italy
http://www.wikidata.org/entity/Q6534016,Leuchars Castle,castle,United Kingdom
http://www.wikidata.org/entity/Q112138653,Rocca di Castro,castle,Italy
http://www.wikidata.org/entity/Q1012173,Burg Hallermund,castle,Germany
http://www.wikidata.org/entity/Q4968836,Bristol Castle,destroyed building or structure | castle,United Kingdom
http://www.wikidata.org/entity/Q1590491,House Rüdinghausen,castle,Germany
http://www.wikidata.org/entity/Q317959,Dankwarderode Castle,museum | castle,Germany
http://www.wikidata.org/entity/Q117601263,Castle of Kalokastro,castle | archaeological site,Greece
http://www.wikidata.org/entity/Q2968689,Château de Brou-sur-Chantereine,castle,France
http://www.wikidata.org/entity/Q43133557,Castillo los Correos,monument | castle,Spain
http://www.wikidata.org/entity/Q1145710,Fetteresso Castle,castle,United Kingdom
http://www.wikidata.org/entity/Q113430443,Castello di Durlo,castle,Italy
http://www.wikidata.org/entity/Q1014518,Burg Weiler,castle,Germany
http://www.wikidata.org/entity/Q1720579,Sonnenburg,castle,Italy
http://www.wikidata.org/entity/Q11913134,Castell de la Rodana,monument | castle,Spain
http://www.wikidata.org/entity/Q97631160,El Rosel,village | castle | defensive wall | archaeological site,Spain
http://www.wikidata.org/entity/Q98275277,Cultural heritage D-3-6139-0072 in Plößberg,castle | feature | Bodendenkmal,Germany
http://www.wikidata.org/entity/Q1255597,Rock of Cashel,castle | archaeological site,Ireland
http://www.wikidata.org/entity/Q6541517,Deh Asgar Castle,castle,Iran
http://www.wikidata.org/entity/Q47496366,Castell de Collfred,castle,Spain
http://www.wikidata.org/entity/Q108822578,Castle of Skopelos,castle,Greece
http://www.wikidata.org/entity/Q15299100,Château de Fonscolombe,castle,France
http://www.wikidata.org/entity/Q15940504,Château de Poyaller,castle,France
http://www.wikidata.org/entity/Q72861604,Landi Castle,castle,Italy
http://www.wikidata.org/entity/Q97629198,Castillo,monument | castle,Spain
http://www.wikidata.org/entity/Q28800262,Qasr Burqu',castle,Jordan
http://www.wikidata.org/entity/Q98279574,Cultural heritage D-3-6439-0052 in Trausnitz,castle | feature | Bodendenkmal,Germany
http://www.wikidata.org/entity/Q29521715,Upper Castle Zizers,architectural structure | castle,Switzerland
http://www.wikidata.org/entity/Q24049968,Castillo de Alhabar,monument | castle,Spain
http://www.wikidata.org/entity/Q85752406,Château de Saint-Lô,castle,France
http://www.wikidata.org/entity/Q1123927,Castello di Rubbia,castle,Italy
http://www.wikidata.org/entity/Q2970316,Château de Puyferrat,castle | château,France
http://www.wikidata.org/entity/Q15944006,Château de Fondremand,castle,France
http://www.wikidata.org/entity/Q67772634,Ruine Rentiel,castle,Switzerland
http://www.wikidata.org/entity/Q129775556,château de Labarre,castle,France
http://www.wikidata.org/entity/Q38282007,Polystylo,castle | archaeological site,Greece
http://www.wikidata.org/entity/Q41422988,Ehemalige Burgapotheke,castle,Germany
http://www.wikidata.org/entity/Q17346988,Château d'Arlod,castle,France
http://www.wikidata.org/entity/Q15790342,Burg Ipf,destroyed building or structure | castle,Austria
http://www.wikidata.org/entity/Q1011934,Burg Geretzhoven,castle,Germany
http://www.wikidata.org/entity/Q8039847,Wyke Castle,castle | folly,United Kingdom
http://www.wikidata.org/entity/Q1090719,Fort du Hâ,castle | château,France
http://www.wikidata.org/entity/Q1011111,Burg Boll,castle,Germany
http://www.wikidata.org/entity/Q17649290,Horsley Castle,castle,United Kingdom
http://www.wikidata.org/entity/Q2968909,Château de Chazelet,castle,France
http://www.wikidata.org/entity/Q65128628,Château de Blanchefort,castle,France
http://www.wikidata.org/entity/Q5876700,Aghur Castle,castle,Iran
http://www.wikidata.org/entity/Q4121977,Crom Castle,castle,United Kingdom
http://www.wikidata.org/entity/Q1012784,Burg Kühlseggen,castle,Germany
http://www.wikidata.org/entity/Q1012201,Hardenstein Castle,castle | ruins,Germany
http://www.wikidata.org/entity/Q2968060,Allaman Castle,castle,Switzerland
http://www.wikidata.org/entity/Q5118874,Château des Junies,castle,France
http://www.wikidata.org/entity/Q15944409,Château de Montmirail,castle,France
http://www.wikidata.org/entity/Q112322968,castle of Sant'Eraclio,castle,Italy
http://www.wikidata.org/entity/Q5906591,Horston Castle,castle,United Kingdom
http://www.wikidata.org/entity/Q1012595,Kallmuth Castle,castle,Germany
http://www.wikidata.org/entity/Q1474982,Untere Burg,castle,Germany
http://www.wikidata.org/entity/Q1013896,Burg Schlossbühl,castle,Germany
http://www.wikidata.org/entity/Q104720938,Château de Carentan,castle,France
http://www.wikidata.org/entity/Q2175481,Ruine Walkenstein,castle,Germany
http://www.wikidata.org/entity/Q113383527,Castle of Prampero,castle,Italy
http://www.wikidata.org/entity/Q20592286,Ceri Castle,motte-and-bailey castle | castle,United Kingdom
http://www.wikidata.org/entity/Q11680604,Castell de Rubí,castle,Spain
http://www.wikidata.org/entity/Q2970396,Château de Rochebonne,castle,France
http://www.wikidata.org/entity/Q1013598,Burg Rauhlaubenberg,castle | archaeological site,Germany
http://www.wikidata.org/entity/Q5129799,Claxton Castle,castle,United Kingdom
http://www.wikidata.org/entity/Q39006306,"Vortigern Castle, Pistyll",castle,United Kingdom
http://www.wikidata.org/entity/Q122028123,Castello Borghese,castle,Italy
http://www.wikidata.org/entity/Q110255504,Antic Castell d'Horta,castle,Spain
http://www.wikidata.org/entity/Q8342627,Castillo de Viñuelas,castle,Spain
http://www.wikidata.org/entity/Q17795894,Castlewigg Castle,castle | country house,United Kingdom
http://www.wikidata.org/entity/Q3662629,Castle of Grinzane Cavour,castle,Italy
http://www.wikidata.org/entity/Q1012747,Burg Kronwinkel,castle,Germany
http://www.wikidata.org/entity/Q4907645,Blidegg Castle,architectural structure | castle,Switzerland
http://www.wikidata.org/entity/Q83718910,Château fort de Bellecombe,castle,France
http://www.wikidata.org/entity/Q12047637,Zelená Hora,hillfort | castle,Czech Republic
http://www.wikidata.org/entity/Q9703987,Castelo Carrapatoso,castle,Portugal
http://www.wikidata.org/entity/Q2877536,Castle of Alaejos,castle,Spain
http://www.wikidata.org/entity/Q18003829,Castell d'Arties,castle,Spain
http://www.wikidata.org/entity/Q2971693,Château du Grand-Saint-Jean,castle,France
http://www.wikidata.org/entity/Q1013713,Ronneburg Castle,castle | rocca,Germany
http://www.wikidata.org/entity/Q106644612,Abdolabad Castle,caravanserai | castle | fortress,Iran
http://www.wikidata.org/entity/Q746876,Leeds Castle,castle | English country house | historic house museum,United Kingdom
http://www.wikidata.org/entity/Q12630303,Pejačević Manor,castle,Croatia
http://www.wikidata.org/entity/Q1482013,Trakai Island Castle,castle,Lithuania
http://www.wikidata.org/entity/Q5756929,Castillo-palacio de Noreña,castle | palace,Spain
http://www.wikidata.org/entity/Q97616842,Carteia,castle | city | grave | human settlement | archaeological site,Spain
http://www.wikidata.org/entity/Q24659440,Rudbaxton Motte,castle,United Kingdom
http://www.wikidata.org/entity/Q65393420,Castillo de Singra,castle,Spain
http://www.wikidata.org/entity/Q1013359,Hrad Návarov,castle | castle ruin,Czech Republic
http://www.wikidata.org/entity/Q37860925,Burgerhoftor,castle,Austria
http://www.wikidata.org/entity/Q113171956,Castello dei Della Lengueglia,castle,Italy
http://www.wikidata.org/entity/Q3662333,Castello Malaspina,castle | military museum building | Italian national museum | Museum of the Italian Ministry of Culture | historical park museum,Italy
http://www.wikidata.org/entity/Q1049143,Castle of Castrojeriz,castle,Spain
http://www.wikidata.org/entity/Q15108394,Burgstall Hohenstein (Staudach-Egerndach),castle | archaeological site,Germany
http://www.wikidata.org/entity/Q24659338,Fforest Wood Castle,motte-and-bailey castle | castle,United Kingdom
http://www.wikidata.org/entity/Q1011162,Bourscheid Castle,castle,Luxembourg
http://www.wikidata.org/entity/Q3662559,Castello di Cerreto,castle,Italy
http://www.wikidata.org/entity/Q1014113,Burg Steingebronn,castle,Germany
http://www.wikidata.org/entity/Q38284937,Castle of Chora Folegandrou,castle,Greece
http://www.wikidata.org/entity/Q376571,Runkelstein Castle,castle | private museum | historical park museum | military museum building,Italy
http://www.wikidata.org/entity/Q28711938,Castell de Raïmat,castle,Spain
http://www.wikidata.org/entity/Q1013644,Reifenstein Castle,castle,Italy
http://www.wikidata.org/entity/Q113378411,Castello di Baio,castle,Italy
http://www.wikidata.org/entity/Q1012989,Burg Linzenich,castle,Germany
http://www.wikidata.org/entity/Q8342479,Castell de Montpalau,castle,Spain
http://www.wikidata.org/entity/Q1471804,Castle of Ónod,castle | border fortress,Hungary
http://www.wikidata.org/entity/Q1015474,Burgruine Reichenstein,castle,Germany
http://www.wikidata.org/entity/Q97626930,Castillo,castle,Spain
http://www.wikidata.org/entity/Q2968900,Château de Chaumont (Saône-et-Loire),castle,France
http://www.wikidata.org/entity/Q2967836,Castello Baradello,castle,Italy
http://www.wikidata.org/entity/Q15944346,Château de Villebrumier,castle,France
http://www.wikidata.org/entity/Q115798371,Château de Marsan,castle,France
http://www.wikidata.org/entity/Q113163621,Castello Bellavista,castle,Italy
http://www.wikidata.org/entity/Q1092053,Craignethan Castle,castle,United Kingdom
http://www.wikidata.org/entity/Q18285712,Castillo de Matamala,castle | archaeological site,Spain
http://www.wikidata.org/entity/Q3662861,Castello di San Genuario,castle,Italy
http://www.wikidata.org/entity/Q18281754,Castle of Ocre,castle,Italy
http://www.wikidata.org/entity/Q6489266,"Largie Castle, Tayinloan",castle,United Kingdom
http://www.wikidata.org/entity/Q16113020,Miljana Castle,castle,Croatia
http://www.wikidata.org/entity/Q5321022,Dębno Castle,castle,Poland
http://www.wikidata.org/entity/Q107526606,Ferdinandsburg,castle,Germany
http://www.wikidata.org/entity/Q66777774,Forte Castellaccio (Messina),castle,Italy
http://www.wikidata.org/entity/Q108612703,Castle of Trikorfa,castle,Greece
http://www.wikidata.org/entity/Q5945780,Huntsham Castle,castle,United Kingdom
http://www.wikidata.org/entity/Q15108285,Burg Röthekopf,castle,Germany
http://www.wikidata.org/entity/Q4851427,Ballands Castle,castle,United Kingdom
http://www.wikidata.org/entity/Q104093779,Vitovlje Castle,castle,Slovenia
http://www.wikidata.org/entity/Q8342365,castle of La Alameda,castle,Spain
http://www.wikidata.org/entity/Q79803838,Gadgirth Old Ha',castle,United Kingdom
http://www.wikidata.org/entity/Q17624133,Castle of Costamezzana,castle,Italy
http://www.wikidata.org/entity/Q9386597,Bardo Castle,castle | ruins,Poland
http://www.wikidata.org/entity/Q67013467,Prarolo Castle,castle,Italy
http://www.wikidata.org/entity/Q2969806,Château de Marigny,castle,France
http://www.wikidata.org/entity/Q1013393,Burghaus Scheltensülz,castle,Germany
http://www.wikidata.org/entity/Q1011514,Burg Eberhardzell,castle,Germany
http://www.wikidata.org/entity/Q1950056,Duissern,castle,Germany
http://www.wikidata.org/entity/Q113378414,Castello di Buriasco,castle,Italy
http://www.wikidata.org/entity/Q108058688,Burg Uchte,castle,Germany
http://www.wikidata.org/entity/Q2175174,Alt-Regensberg Castle,castle | castle ruin,Switzerland
http://www.wikidata.org/entity/Q3535527,Tours de Merle,castle,France
http://www.wikidata.org/entity/Q3662984,Norman castle of Anversa degli Abruzzi,castle,Italy
http://www.wikidata.org/entity/Q2970312,Château de Puybautier,castle,France
http://www.wikidata.org/entity/Q19401699,Manor in Wilków Wielki,castle | palace,Poland
http://www.wikidata.org/entity/Q30879083,Lauken,castle | architectural landmark,Russia
http://www.wikidata.org/entity/Q2968993,Château de Clefs,castle,France
http://www.wikidata.org/entity/Q24659362,Crugyn Dimai,castle,United Kingdom
http://www.wikidata.org/entity/Q9386672,Lesko Castle,castle,Poland
http://www.wikidata.org/entity/Q2971650,Château du Cengle,castle,France
http://www.wikidata.org/entity/Q5835405,Machi Castle,castle | cultural property,Iran
http://www.wikidata.org/entity/Q24659441,Wolfscastle Motte,motte-and-bailey castle | castle,United Kingdom
http://www.wikidata.org/entity/Q15943936,Château des Bouly,castle,France
http://www.wikidata.org/entity/Q14565183,Viščyn Castle,castle,Belarus
http://www.wikidata.org/entity/Q3442744,Heukelum Castle,castle,Netherlands
http://www.wikidata.org/entity/Q4667536,Abia de la Obispalía Castle,castle,Spain
http://www.wikidata.org/entity/Q302219,Burg Bräunlingen,castle,Germany
http://www.wikidata.org/entity/Q15707749,Castillo de Corbó,monument | castle,Spain
http://www.wikidata.org/entity/Q24661496,Upton Court Ringwork,ringwork castle | castle,United Kingdom
http://www.wikidata.org/entity/Q38599381,"Mound, Llansamlet",castle,United Kingdom
http://www.wikidata.org/entity/Q15940336,Château de Glane,castle,France
http://www.wikidata.org/entity/Q1012471,Burg Holtzbrinck,castle,Germany
http://www.wikidata.org/entity/Q16411953,Mālpils Castle,castle,Latvia
http://www.wikidata.org/entity/Q2970061,Château de Montvéran,castle,France
http://www.wikidata.org/entity/Q1013899,Burg Schlüsselburg,castle,Germany
http://www.wikidata.org/entity/Q20875070,Castell de Vinfaro,castle,Spain
http://www.wikidata.org/entity/Q3662839,Castle of Rivarola,castle,Italy
http://www.wikidata.org/entity/Q2970166,Château de Paley,castle,France
http://www.wikidata.org/entity/Q18003871,Castell dels Moros,castle,Spain
http://www.wikidata.org/entity/Q108783102,Ozerna Castle,castle,Ukraine
http://www.wikidata.org/entity/Q107149327,Montiggler Schlössl,castle,Italy
http://www.wikidata.org/entity/Q11913086,Castell de Rodonyà,castle,Spain
http://www.wikidata.org/entity/Q3662800,Castello di Pilato,castle,Italy
http://www.wikidata.org/entity/Q17596709,Castell de Savallà,castle,Spain
http://www.wikidata.org/entity/Q98330889,Cultural heritage D-1-7034-0179 in Kipfenberg,castle | Bodendenkmal,Germany
http://www.wikidata.org/entity/Q67373218,Castello di Mirafiori,castle,Italy
http://www.wikidata.org/entity/Q432955,Alt-Lichtenegg,castle,Germany
http://www.wikidata.org/entity/Q62558976,Vladimir Kremlin,castle | archaeological site,Russia
http://www.wikidata.org/entity/Q1011340,Burg Chałupki,castle,Poland
http://www.wikidata.org/entity/Q67772265,Burgstelle Neu Meldegg,castle,Switzerland
http://www.wikidata.org/entity/Q1985853,White Castle,castle,United Kingdom
http://www.wikidata.org/entity/Q1013785,Burg Rüdenberg,castle,Germany
http://www.wikidata.org/entity/Q1012151,Burg Hachen,castle,Germany
http://www.wikidata.org/entity/Q20034270,Castle Nowym Kościele,"castle | non-existent building object, Duszniki-Zdrój | palace",Poland
http://www.wikidata.org/entity/Q1010655,Burg Aasen,castle,Germany
http://www.wikidata.org/entity/Q97288330,Castillo Piedra del Lugar Viejo,monument | castle | human settlement | watchtower,Spain
http://www.wikidata.org/entity/Q78660960,Château de Marouate,castle,France
http://www.wikidata.org/entity/Q1014092,Burg Stein,abandoned village | castle,Germany
http://www.wikidata.org/entity/Q15790462,Burgstall Ullersricht,castle | Burgstall | Bodendenkmal,Germany
http://www.wikidata.org/entity/Q2969807,Château de Marines,castle,France
http://www.wikidata.org/entity/Q99455304,Strassberg BE,castle | lordship,Switzerland
http://www.wikidata.org/entity/Q635086,Hylton Castle,castle,United Kingdom
http://www.wikidata.org/entity/Q3662096,Welfenstein Castle,castle,Italy
http://www.wikidata.org/entity/Q2970367,Château de Ricey-Bas,castle,France
http://www.wikidata.org/entity/Q104713213,Kasteel van Ooigem,castle,Belgium
http://www.wikidata.org/entity/Q3737669,Castillo de Chirel,castle,Spain
http://www.wikidata.org/entity/Q108612668,Castle of Agios Georgios of Scorta,castle,Greece
http://www.wikidata.org/entity/Q1011150,Burg Braunsberg,castle | cultural heritage monument in Germany,Germany
http://www.wikidata.org/entity/Q56598607,Castillo de Somosierra,castle,Spain
http://www.wikidata.org/entity/Q1729067,Frýdlant Castle,castle | château,Czech Republic
http://www.wikidata.org/entity/Q5710520,Hajjiabad Castle,castle,Iran
http://www.wikidata.org/entity/Q17596379,Castell de Merola,castle,Spain
http://www.wikidata.org/entity/Q4692364,Aghalard Castle,castle,Ireland
http://www.wikidata.org/entity/Q1012458,Burg Hohlenstein,castle,Germany
http://www.wikidata.org/entity/Q12373209,Pöide Castle,castle,Estonia
http://www.wikidata.org/entity/Q2968176,Château d'Auxonne,castle,France
http://www.wikidata.org/entity/Q2970519,Château de Saint-Germain-du-Salembre,castle | château,France
http://www.wikidata.org/entity/Q12790252,Prem Castle,castle,Slovenia
http://www.wikidata.org/entity/Q1013902,Burg Schmalenstein,castle,Germany
http://www.wikidata.org/entity/Q97633993,Castillo de Ortegícar,monument | castle | hillfort,Spain
http://www.wikidata.org/entity/Q61145800,Burg Oberlauda,castle | Burgstall | castle ruin,Germany
http://www.wikidata.org/entity/Q1014115,Burg Steinhausen,castle,Germany
http://www.wikidata.org/entity/Q56681923,Castello Normanno-Svevo,castle,Italy
http://www.wikidata.org/entity/Q1515258,Wasserburg Bihlafingen,castle,Germany
http://www.wikidata.org/entity/Q12062035,Moreton Corbet Castle,castle,United Kingdom
http://www.wikidata.org/entity/Q2969718,Château de Lobit,castle,France
http://www.wikidata.org/entity/Q5640090,Castell d'Aguilar,castle,Spain
http://www.wikidata.org/entity/Q3662392,Castello Visconteo,castle,Italy
http://www.wikidata.org/entity/Q2640400,Aldeburg,castle,Germany
http://www.wikidata.org/entity/Q1013149,Burg Moritzstein,castle,Germany
http://www.wikidata.org/entity/Q5882115,Kong Portuguese Castle,castle,Iran
http://www.wikidata.org/entity/Q1602945,Jedburgh Castle,museum | castle | prison | local authority museum,United Kingdom
http://www.wikidata.org/entity/Q78660913,Château de Lascaud de Sales,castle,France
http://www.wikidata.org/entity/Q118194653,Mishab Castle,castle,Iran
http://www.wikidata.org/entity/Q2970222,Château de Pierreclos,castle,France
http://www.wikidata.org/entity/Q113379120,Castello di Sambuy,castle,Italy
http://www.wikidata.org/entity/Q2971016,Château de Villers,castle,France
http://www.wikidata.org/entity/Q5783739,Montclús Castle,castle,Spain
http://www.wikidata.org/entity/Q127028,Castle of Somló,castle,Hungary
http://www.wikidata.org/entity/Q19116672,Château de Virelade,castle,France
http://www.wikidata.org/entity/Q98682065,Burg Hof a.Regen 48 in Nittenau,castle,Germany
http://www.wikidata.org/entity/Q17596462,Castell de Navès,castle,Spain
http://www.wikidata.org/entity/Q2969163,Duillier Castle,castle | winery | architectural structure,Switzerland
http://www.wikidata.org/entity/Q1010898,Burg Baldenberg,castle,Germany
http://www.wikidata.org/entity/Q19830948,Castell de Claret,castle,Spain
http://www.wikidata.org/entity/Q5757305,Castle of Enguera,castle,Spain
http://www.wikidata.org/entity/Q56398318,Valtaki Fortress,castle,Greece
http://www.wikidata.org/entity/Q17570546,Denmylne Castle,tower house | castle,United Kingdom
http://www.wikidata.org/entity/Q1012677,Burg Kleinsteinbach,castle,Germany
http://www.wikidata.org/entity/Q5878353,Rota Castle,castle,Iran
http://www.wikidata.org/entity/Q2570433,Wildburg (Treis-Karden),castle,Germany
http://www.wikidata.org/entity/Q5913916,Padeh Castle,castle | cultural property,Iran
http://www.wikidata.org/entity/Q22954304,Château d'Évol,castle | château,France
http://www.wikidata.org/entity/Q113172740,Castle of Bestagno,castle,Italy
http://www.wikidata.org/entity/Q23354,Castello Sforzesco,castle,Italy
http://www.wikidata.org/entity/Q9386615,Palace in Chocianowiec,castle | palace,Poland
http://www.wikidata.org/entity/Q98339161,Cultural heritage D-1-7942-0024 in Tittmoning,castle | grave | Bodendenkmal | feature | preceding structure,Germany
http://www.wikidata.org/entity/Q7521794,Sinap Castle,fortress | castle,Turkey
http://www.wikidata.org/entity/Q21873999,Schloss Erko,castle,Austria
http://www.wikidata.org/entity/Q107325942,Burg Wustrow,castle,Germany
http://www.wikidata.org/entity/Q2970557,Château de Saint-Martin de Toques,castle,France
http://www.wikidata.org/entity/Q39006475,Cegin Fedw,castle,United Kingdom
http://www.wikidata.org/entity/Q1015211,Burgreste Burgstallhöhle,castle,Germany
http://www.wikidata.org/entity/Q9386554,Bieniewski castle in Rakovets,castle,Ukraine
http://www.wikidata.org/entity/Q16544706,Magaña Castle,castle,Spain
http://www.wikidata.org/entity/Q1011187,Castle of Bredevoort,castle,Netherlands
http://www.wikidata.org/entity/Q17596474,Castell de Palau-saverdera,castle,Spain
http://www.wikidata.org/entity/Q21530424,El Castellot (Ponts),castle,Spain
http://www.wikidata.org/entity/Q1015827,Burgstall Lauter,castle,Germany
http://www.wikidata.org/entity/Q2968436,Château de Barbezières,castle | château,France
http://www.wikidata.org/entity/Q5118845,Château de Saint-Thamar,castle,France
http://www.wikidata.org/entity/Q14622206,Château de Vésenaz,castle,Switzerland
http://www.wikidata.org/entity/Q473434,Sønderborg Castle,museum | castle,Denmark
http://www.wikidata.org/entity/Q1013990,Burg Sensenstein,castle,Germany
http://www.wikidata.org/entity/Q5118826,Château de Pézenas,castle,France
http://www.wikidata.org/entity/Q3662855,Castello di Salle,castle,Italy
http://www.wikidata.org/entity/Q112139792,Castello di San Damiano,castle,Italy
http://www.wikidata.org/entity/Q2707866,Château de Chassy,castle,France
http://www.wikidata.org/entity/Q83719472,Neuilly Castle,castle,France
http://www.wikidata.org/entity/Q15108399,Burgstall Ketschenstein,castle | archaeological site,Germany
http://www.wikidata.org/entity/Q5757614,Castillo de Soto de los Infantes,castle,Spain
http://www.wikidata.org/entity/Q1012220,Castle Hauenstein,castle,Italy
http://www.wikidata.org/entity/Q83719817,White Queen's  Tower,castle,France
http://www.wikidata.org/entity/Q29573934,Le Vidomnat,architectural structure | castle,Switzerland
http://www.wikidata.org/entity/Q1012956,Burg Liebenstein,castle,Germany
http://www.wikidata.org/entity/Q97633040,Castillo de Casares,monument | castle,Spain
http://www.wikidata.org/entity/Q16764634,Schuerels Castle,castle | ruins,Luxembourg
http://www.wikidata.org/entity/Q113430435,Castello dei Capra,castle,Italy
http://www.wikidata.org/entity/Q5921140,Kazhdom Castle,castle,Iran
http://www.wikidata.org/entity/Q881802,Sterrenberg Castle,castle,Germany
http://www.wikidata.org/entity/Q1013686,Riom Castle,castle,Switzerland
http://www.wikidata.org/entity/Q43125227,Castell de Montellà,castle,Spain
http://www.wikidata.org/entity/Q99735462,Felsenburg Buchfart,castle,Germany
http://www.wikidata.org/entity/Q99512024,Seta,castle,Switzerland
http://www.wikidata.org/entity/Q41288028,Burg eines Ortsadels,castle,Germany
http://www.wikidata.org/entity/Q1471585,Óbuda royal castle,castle,Hungary
http://www.wikidata.org/entity/Q115449736,Château de Soultz-sous-Forêts,castle,France
http://www.wikidata.org/entity/Q1393565,Enn Castle,castle,Italy
http://www.wikidata.org/entity/Q1619653,Hinterturm,castle,Germany
http://www.wikidata.org/entity/Q37095359,Palacio de la Princesa de Belmonte,castle,Spain
http://www.wikidata.org/entity/Q15943838,Château de Champlevois,castle | château,France
http://www.wikidata.org/entity/Q3662324,Giusso Castle,castle,Italy
http://www.wikidata.org/entity/Q131569048,Kasteel van Schoonhoven,castle,Netherlands
http://www.wikidata.org/entity/Q1010701,Burg Alt-Bartenstein,castle,Germany
http://www.wikidata.org/entity/Q1011477,Burg Donsieders,castle,Germany
http://www.wikidata.org/entity/Q20959952,Château de Veyssilieu,castle,France
http://www.wikidata.org/entity/Q39010998,Castell Greido,castle,United Kingdom
http://www.wikidata.org/entity/Q9386742,Stoszowice Castle,castle,Poland
http://www.wikidata.org/entity/Q573732,Falkenstein Castle,castle,Germany
http://www.wikidata.org/entity/Q83719019,Château fort de Chassingrimont,castle,France
http://www.wikidata.org/entity/Q113574288,Castello di Vestignano,castle,Italy
http://www.wikidata.org/entity/Q1014610,Burg Wilenstein,castle,Germany
http://www.wikidata.org/entity/Q2969226,Château de Fleurac,castle,France
http://www.wikidata.org/entity/Q684917,Blonay Castle,castle,Switzerland
http://www.wikidata.org/entity/Q1013823,Château de Salignac,castle | château,France
http://www.wikidata.org/entity/Q2969821,Château de Martigny-le-Comte,castle,France
http://www.wikidata.org/entity/Q2971550,Château des Roure,castle,France
http://www.wikidata.org/entity/Q1014719,Schloss Daisbach,castle,Germany
http://www.wikidata.org/entity/Q18530022,Lemberg Castle,castle,Slovenia
http://www.wikidata.org/entity/Q97626354,Castillo del Moral,museum | castle,Spain
http://www.wikidata.org/entity/Q2969916,Château de Monceau,castle,France
http://www.wikidata.org/entity/Q105955587,Château de Douville,castle,France
http://www.wikidata.org/entity/Q5757533,Castillo de Píñar,castle,Spain
http://www.wikidata.org/entity/Q2969089,Château de Crèvecœur,castle,France
http://www.wikidata.org/entity/Q21127003,Château d'Ortaffa,castle | château,France
http://www.wikidata.org/entity/Q113578637,castle,castle,Italy
http://www.wikidata.org/entity/Q3662129,Castel San Gottardo,castle,Italy
http://www.wikidata.org/entity/Q4706020,Alamut Castle,castle | cultural property,Iran
http://www.wikidata.org/entity/Q2968332,Oultremont Castle,castle,Belgium
http://www.wikidata.org/entity/Q97015903,Castello di Branduzzo,castle,Italy
http://www.wikidata.org/entity/Q113440846,Castello della Leonessa,castle,Italy
http://www.wikidata.org/entity/Q2968708,Château de Buy,castle,France
http://www.wikidata.org/entity/Q55831771,Castello di Gazzuolo,castle,Italy
http://www.wikidata.org/entity/Q5869431,Sar Tapeh Castle,castle,Iran
http://www.wikidata.org/entity/Q1752882,Ploskovice Castle,castle | château,Czech Republic
http://www.wikidata.org/entity/Q7257119,Ptuj Castle,castle,Slovenia
http://www.wikidata.org/entity/Q1014153,Burg Straßberg (Vogtland),castle,Germany
http://www.wikidata.org/entity/Q73010295,Vieste Castle,castle,Italy
http://www.wikidata.org/entity/Q1015746,Burgstall Gegenpoint,castle | archaeological site,Germany
http://www.wikidata.org/entity/Q112322952,castle of Castel Ritaldi,castle,Italy
http://www.wikidata.org/entity/Q1012743,Burg Kreuzen,castle | ruins,Austria
http://www.wikidata.org/entity/Q51885132,Castell de Rià,castle,France
http://www.wikidata.org/entity/Q113290227,Castello Sanfelice,castle,Italy
http://www.wikidata.org/entity/Q7445682,Seedorf Castle,castle,Switzerland
http://www.wikidata.org/entity/Q36857097,Černá Voda Castle,castle | château | building complex,Czech Republic
http://www.wikidata.org/entity/Q98426056,Castelo da Amêndoa ou Cruzeiro de Amêndoa,castle | cultural heritage | wayside cross,Portugal
http://www.wikidata.org/entity/Q22227277,Castell de Pardines,castle,Spain
http://www.wikidata.org/entity/Q607126,Fénis Castle,museum | castle | religious museum | military museum building | museum of a public entity | historical park museum,Italy
http://www.wikidata.org/entity/Q108612602,Castle of Ochia (Viper),castle,Greece
http://www.wikidata.org/entity/Q22969960,Sesga Castle,castle,Spain
http://www.wikidata.org/entity/Q128995707,Château de l'Ermitage Saint Barthelemy,castle,Belgium
http://www.wikidata.org/entity/Q12262063,Legazpi dorrea,castle | birth house | monument | tower | tower house,Spain
http://www.wikidata.org/entity/Q5004686,Bywell Castle,castle,United Kingdom
http://www.wikidata.org/entity/Q78660605,Château d'Usson en Forez,castle,France
http://www.wikidata.org/entity/Q2385597,Zbarazh Castle,castle | heritage site,Ukraine | Austria-Hungary | Austrian Empire
http://www.wikidata.org/entity/Q684663,Rosenburg Castle,castle | château,Austria
http://www.wikidata.org/entity/Q2968469,Château Beaufort,castle,France
http://www.wikidata.org/entity/Q4688901,Affeton Castle,castle,United Kingdom
http://www.wikidata.org/entity/Q17310637,Burg Auenstein,castle,Austria
http://www.wikidata.org/entity/Q539485,Roquemartine,castle,France
http://www.wikidata.org/entity/Q5024019,Caludon Castle,castle | archaeological site,United Kingdom
http://www.wikidata.org/entity/Q65146269,Fort de Giaure,castle,France
http://www.wikidata.org/entity/Q106075199,Castello di Cusercoli,castle | palace,Italy
http://www.wikidata.org/entity/Q28232579,Castle Carra,hall house | castle | national monument of Ireland,Ireland
http://www.wikidata.org/entity/Q15790372,Burg Traunstein,castle | archaeological site,Germany
http://www.wikidata.org/entity/Q15790321,Burg Amberg,monastery | castle | Burgstall | Bodendenkmal | feature | preceding structure,Germany
http://www.wikidata.org/entity/Q2751516,castel of Montjeu,castle,France
http://www.wikidata.org/entity/Q39011787,Castell Gwern,castle,United Kingdom
http://www.wikidata.org/entity/Q113584286,Castello di Poggiovalle,castle,Italy
http://www.wikidata.org/entity/Q1011887,Fürstenberg Castle,castle | cultural heritage monument in Germany,Germany
http://www.wikidata.org/entity/Q2586657,Wittekindsburg,castle,Germany
http://www.wikidata.org/entity/Q98287339,Cultural heritage D-7-8329-0010 in Eisenberg (Allgäu),castle | Bodendenkmal,Germany
http://www.wikidata.org/entity/Q107406763,Castello di Murlo,castle | hamlet,Italy
http://www.wikidata.org/entity/Q5049740,Castle of Alfeizerão,castle | cultural heritage,Portugal
http://www.wikidata.org/entity/Q113585042,Castello Orsini,castle,Italy
http://www.wikidata.org/entity/Q15078961,Zhydachiv Castle,hillfort | castle,Ukraine
http://www.wikidata.org/entity/Q96146309,Kasteel de Woesten,castle,Belgium
http://www.wikidata.org/entity/Q7621210,Strancally Castle,castle,Ireland
http://www.wikidata.org/entity/Q15108279,Schloss Rothenfels,castle,Austria
http://www.wikidata.org/entity/Q111913741,Château de Chaumont-en-Vexin,castle,France
http://www.wikidata.org/entity/Q30143243,Lunsko Castle,castle,Poland
http://www.wikidata.org/entity/Q113557449,Castello Pensabene,castle,Italy
http://www.wikidata.org/entity/Q1595745,Heimburg Castle,castle,Germany
http://www.wikidata.org/entity/Q108612488,Castle of Kamara,castle,Greece
http://www.wikidata.org/entity/Q29251970,Grådö Redoubt,castle,Sweden
http://www.wikidata.org/entity/Q1013992,Ruin Sigberg,castle | ruins,Austria
http://www.wikidata.org/entity/Q1014465,Waldmannshausen Castle,castle,Germany
http://www.wikidata.org/entity/Q1430044,Obere Burg Wartenberg,castle,Germany
http://www.wikidata.org/entity/Q1013702,Rogätz Castle,castle,Germany
http://www.wikidata.org/entity/Q42629468,Shahr Asb Castle,castle | cultural property,Iran
http://www.wikidata.org/entity/Q98271990,Cultural heritage D-3-6835-0150 in Berching,castle | château | feature | Bodendenkmal,Germany
http://www.wikidata.org/entity/Q1015779,Burgstall Heroldstein,castle | archaeological site,Germany
http://www.wikidata.org/entity/Q102396651,Kompolje Castle,castle,Slovenia
http://www.wikidata.org/entity/Q6008234,Rize Castle,castle,Turkey
http://www.wikidata.org/entity/Q2633314,Abschnittsbefestigung Spitalwald,castle,Germany
http://www.wikidata.org/entity/Q78660893,Château de Lafigère,castle,France
http://www.wikidata.org/entity/Q99690380,Elendsburg,castle,Germany
http://www.wikidata.org/entity/Q1535932,Schloss Therasburg,castle | rocca,Austria
http://www.wikidata.org/entity/Q1011833,Burg Freudensee,castle,Germany
http://www.wikidata.org/entity/Q107279367,Castell de Grillera,castle,Spain
http://www.wikidata.org/entity/Q30066795,Castle in Tworóg,castle,Poland
http://www.wikidata.org/entity/Q37765203,Fluchtburg Weizberg,castle,Austria
http://www.wikidata.org/entity/Q2969889,Château de Milly-le-Meugon,castle | château,France
http://www.wikidata.org/entity/Q55165783,Castello Rivera,castle,Italy
http://www.wikidata.org/entity/Q3483960,'s Gravenkasteel,castle | château,Belgium
http://www.wikidata.org/entity/Q97632189,Casa Palacio de los Señores De la Chica,hotel | castle | palace | archaeological site,Spain
http://www.wikidata.org/entity/Q60361415,Dobrovo Castle,castle,Slovenia
http://www.wikidata.org/entity/Q1011530,Burg Egelsee,castle,Germany
http://www.wikidata.org/entity/Q5132925,Castell de Castellet,castle,Spain
http://www.wikidata.org/entity/Q5757602,Castillo de Sardineros,castle,Spain
http://www.wikidata.org/entity/Q1049270,Ponferrada Castle,monument | castle | commandry,Spain
http://www.wikidata.org/entity/Q4782454,Aqaba Castle,castle,Jordan
http://www.wikidata.org/entity/Q10856852,Bílá,castle,Czech Republic
http://www.wikidata.org/entity/Q98222402,Cultural heritage D-4-6234-0044 in Pottenstein (Oberfranken),castle | feature | Bodendenkmal,Germany
http://www.wikidata.org/entity/Q340350,Visborg,castle | ancient monument | ruins,Sweden
http://www.wikidata.org/entity/Q2970573,Château de Saint-Pont,castle,France
http://www.wikidata.org/entity/Q3662788,Castello di Pedres,castle,Italy
http://www.wikidata.org/entity/Q1012649,Burg Illingen,castle,Germany
http://www.wikidata.org/entity/Q2968102,Château d'Arcis-sur-Aube,castle,France
http://www.wikidata.org/entity/Q1012400,Hohenecken Castle,castle | cultural heritage monument in Germany,Germany
http://www.wikidata.org/entity/Q1014370,Unteres Schloss,castle,Germany
http://www.wikidata.org/entity/Q30133014,Castello Normanno-Svevo,castle,Italy
http://www.wikidata.org/entity/Q108785017,Lidykhiv Castle,castle,Ukraine
http://www.wikidata.org/entity/Q113551689,Castello Maresca,castle,Italy
http://www.wikidata.org/entity/Q15943971,Château de Montjustin,castle,France
http://www.wikidata.org/entity/Q15943846,Château de Villemenant,castle,France
http://www.wikidata.org/entity/Q113556050,Castello della Margana,castle,Italy
http://www.wikidata.org/entity/Q78661342,Château dit tour à péage,castle,France
http://www.wikidata.org/entity/Q9706204,Castle of Trigueros del Valle,castle,Spain
http://www.wikidata.org/entity/Q1013155,Burg Möckmühl,castle,Germany
http://www.wikidata.org/entity/Q5757560,Castle of San Jorge,monument | castle,Spain
http://www.wikidata.org/entity/Q98169309,Cultural heritage D-6-6325-0261 in Giebelstadt,castle | parish church | feature | Bodendenkmal,Germany
http://www.wikidata.org/entity/Q2399977,Château de la Baronnière,castle,France
http://www.wikidata.org/entity/Q3662580,Castle of Contignaco,castle,Italy
http://www.wikidata.org/entity/Q971673,Triangular castle of Poitiers,destroyed building or structure | castle,France
http://www.wikidata.org/entity/Q7943148,Vrnograč Castle,castle,Bosnia and Herzegovina
http://www.wikidata.org/entity/Q12385634,Castle of Nogueirosa,monument | castle,Spain
http://www.wikidata.org/entity/Q3078443,Fortress of Prizren,castle | tourist attraction | fortress | historic site | archaeological site,Kosovo | Serbia
http://www.wikidata.org/entity/Q108775394,Château de Still,castle,France
http://www.wikidata.org/entity/Q113303935,Castello di Mercurio,castle,Italy
http://www.wikidata.org/entity/Q2970046,Château de Montrond,castle,France
http://www.wikidata.org/entity/Q2969946,Château de Montardy,castle,France
http://www.wikidata.org/entity/Q1010883,Burg Bachem,castle,Germany
http://www.wikidata.org/entity/Q28668443,Castello di Uviglie,castle,Italy
http://www.wikidata.org/entity/Q5118859,Château de Vieillevigne,castle,France
http://www.wikidata.org/entity/Q2971664,Château du Claud,castle,France
http://www.wikidata.org/entity/Q1012383,Burg Hohenbalken,castle | castle ruin,Switzerland
http://www.wikidata.org/entity/Q39009897,Llyswen Manor Hall,castle,United Kingdom
http://www.wikidata.org/entity/Q112172630,Castel Negrino,castle | xenodocheion,Italy
http://www.wikidata.org/entity/Q5049745,Castle of Alva,castle | cultural heritage,Portugal
http://www.wikidata.org/entity/Q23982425,Castillo del Paso-Alto,castle,Spain
http://www.wikidata.org/entity/Q1013244,Burg Neu-Tannegg,castle,Germany
http://www.wikidata.org/entity/Q15273401,Roughan Castle,castle,United Kingdom
http://www.wikidata.org/entity/Q26863345,Castello di Varsi,castle,Italy
http://www.wikidata.org/entity/Q1806013,Hohenlandenberg Castle,castle | castle ruin,Switzerland
http://www.wikidata.org/entity/Q1015878,Burgstall Regenstauf,castle | archaeological site,Germany
http://www.wikidata.org/entity/Q981067,Burg Dichtenhausen,castle,Germany
http://www.wikidata.org/entity/Q1014577,Burg Wiesbach,castle,Germany
http://www.wikidata.org/entity/Q2242619,Schloss Neuenstein,royal palace | castle,Germany
http://www.wikidata.org/entity/Q12020551,Hrad na Blešenském vrchu,castle,Czech Republic
http://www.wikidata.org/entity/Q1010839,Burg Arlen,castle,Austria
http://www.wikidata.org/entity/Q151545,Wartburg,museum | castle,Germany
http://www.wikidata.org/entity/Q97641407,Castillo,monument | castle,Spain
http://www.wikidata.org/entity/Q5568548,Glengorm Castle,castle,United Kingdom
http://www.wikidata.org/entity/Q616423,Castle in Toky,castle,Ukraine
http://www.wikidata.org/entity/Q113366463,Castello della Volta,castle,Italy
http://www.wikidata.org/entity/Q95388800,Burg in Serfaus,castle | ruins,Austria
http://www.wikidata.org/entity/Q1015856,Burgstall Niederzwehren,castle,Germany
http://www.wikidata.org/entity/Q12790259,"Turn Castle, Velenje",castle,Slovenia
http://www.wikidata.org/entity/Q17353462,Burg Schildberg,castle | archaeological site,Germany
http://www.wikidata.org/entity/Q3662608,Castello di Frascarolo,castle,Italy
http://www.wikidata.org/entity/Q2969688,Château de Lavison,castle | château,France
http://www.wikidata.org/entity/Q7403370,Salacgrīva Fortress,castle,Latvia
http://www.wikidata.org/entity/Q20878229,Rudbaxton Rath,castle,United Kingdom
http://www.wikidata.org/entity/Q7828483,Totternhoe Knolls,castle,United Kingdom
http://www.wikidata.org/entity/Q5192972,Cullahill Castle,castle | castle ruin,Ireland
http://www.wikidata.org/entity/Q112322970,Castello di Fratta Todina,castle,Italy
http://www.wikidata.org/entity/Q2970917,Château de Vaugrenier,castle,France
http://www.wikidata.org/entity/Q56367506,Esfandaqeh Castle,castle,Iran
http://www.wikidata.org/entity/Q38601200,Maelienydd,castle,United Kingdom
http://www.wikidata.org/entity/Q113361360,Castello La Malpaga,castle,Italy
http://www.wikidata.org/entity/Q1012379,Burg Hof am Regen,castle | archaeological site,Germany
http://www.wikidata.org/entity/Q9386552,Zamek Quingenburg,castle | castle ruin,Poland
http://www.wikidata.org/entity/Q1014567,Burg Westernhagen,castle,Germany
http://www.wikidata.org/entity/Q97631104,Peñas de Santa María,castle | human settlement | archaeological site,Spain
http://www.wikidata.org/entity/Q3868801,Roman fortress in Moravia,castle | Roman archaeological site,Czech Republic
http://www.wikidata.org/entity/Q33507897,Podgrodzie Castle,castle | architectural heritage monument,Poland
http://www.wikidata.org/entity/Q816203,Beltershausen,castle,Germany
http://www.wikidata.org/entity/Q24660213,Wetherby Castle,castle,United Kingdom
http://www.wikidata.org/entity/Q5118740,Château de Belpuig,castle,France
http://www.wikidata.org/entity/Q27239979,Delvinë Castle,castle | historic site,Albania
http://www.wikidata.org/entity/Q2009523,Oberes Schloss,castle | ruins,Germany
http://www.wikidata.org/entity/Q2894861,Belleperche Castle,castle,France
http://www.wikidata.org/entity/Q2247093,Borve Castle,castle,United Kingdom
http://www.wikidata.org/entity/Q2235342,Korneuburg Schiffswerft,castle,Austria
http://www.wikidata.org/entity/Q55832528,Castello di Solofra,castle,Italy
http://www.wikidata.org/entity/Q112664092,Castle of Balboa,castle,Spain
http://www.wikidata.org/entity/Q570515,Antonia Fortress,destroyed building or structure | castle,Palestine
http://www.wikidata.org/entity/Q21863837,Schloss Waldschach,castle,Austria
http://www.wikidata.org/entity/Q896617,Schloss Broich,castle,Germany
http://www.wikidata.org/entity/Q1014222,Tepenec Castle,castle,Czech Republic
http://www.wikidata.org/entity/Q2968345,Château d'Usson,castle,France
http://www.wikidata.org/entity/Q98339310,Cultural heritage D-1-7941-0228 in Trostberg,castle | feature | Bodendenkmal | preceding structure,Germany
http://www.wikidata.org/entity/Q112278534,Castel di Fiori,castle,Italy
http://www.wikidata.org/entity/Q83719573,Château fort de Saignon,castle,France
http://www.wikidata.org/entity/Q8342528,Castillo de Salvatierra,monument | castle,Spain
http://www.wikidata.org/entity/Q2970932,Château of Vauvenarg,castle,France
http://www.wikidata.org/entity/Q58024334,castle of Aliaga,castle,Spain
http://www.wikidata.org/entity/Q55181780,Castello di Urbech o Urbecco o Orbec,castle,Italy
http://www.wikidata.org/entity/Q24659447,Parc y Castell,castle | earthworks,United Kingdom
http://www.wikidata.org/entity/Q2555649,Weilerhügel,castle | archaeological site,Germany
http://www.wikidata.org/entity/Q17624198,Castelluccio,castle,Italy
http://www.wikidata.org/entity/Q13126909,Castle Madoc Mound,castle | motte,United Kingdom
http://www.wikidata.org/entity/Q41362727,Bergfried der mittelalterlichen Burg,castle,Germany
http://www.wikidata.org/entity/Q17624160,Castello di Procoio,castle,Italy
http://www.wikidata.org/entity/Q5910048,"Aliabad Castle, Pish Kuh",castle,Iran
http://www.wikidata.org/entity/Q30532458,Vlattenhaus,castle | ruins,Belgium
http://www.wikidata.org/entity/Q1015870,Burgstall Poppenhausen,castle,Germany
http://www.wikidata.org/entity/Q9705655,castle of Petilla,castle,Spain
http://www.wikidata.org/entity/Q5757696,Castillo de Villavellid,monument | castle,Spain
http://www.wikidata.org/entity/Q83719038,Château fort de châteauneuf la Forêt,castle,France
http://www.wikidata.org/entity/Q247451,Buonconsiglio Castle,castle,Italy
http://www.wikidata.org/entity/Q1982165,Nevděk,castle,Czech Republic
http://www.wikidata.org/entity/Q2969316,Château de Gillevoisin,castle,France
http://www.wikidata.org/entity/Q1014566,Burg Westerhof,castle,Germany
http://www.wikidata.org/entity/Q2970431,Château de Rosey,castle,France
http://www.wikidata.org/entity/Q4370727,Nižni zamak,castle,Belarus
http://www.wikidata.org/entity/Q3662965,Castello di Volognano,castle,Italy
http://www.wikidata.org/entity/Q576534,Château de Coucy,castle,France
http://www.wikidata.org/entity/Q26233855,Château de Bempt,castle | château,Belgium
http://www.wikidata.org/entity/Q78660999,Château de Montendre,castle,France
http://www.wikidata.org/entity/Q56192306,Burg Hornburg,castle,Germany
http://www.wikidata.org/entity/Q41393670,Höhenburg,castle,Germany
http://www.wikidata.org/entity/Q111787321,Qulay'ah Castle,castle,Syria
http://www.wikidata.org/entity/Q83718905,Château fort de Beauregard l'Evêque,castle,France
http://www.wikidata.org/entity/Q21815314,Castell de Paüls,castle,Spain
http://www.wikidata.org/entity/Q5050345,Castle and Barony of Robertland,castle,United Kingdom
http://www.wikidata.org/entity/Q112317763,Castello di Briosco,castle,Italy
http://www.wikidata.org/entity/Q17844440,Kinclaven Castle,castle,United Kingdom
http://www.wikidata.org/entity/Q2968118,Ardtornish Castle,castle,United Kingdom
http://www.wikidata.org/entity/Q1011710,Burgstall Weiher,castle | Burgstall | Bodendenkmal | archaeological site,Germany
http://www.wikidata.org/entity/Q41174291,Burg und Schloss Stein,castle,Germany
http://www.wikidata.org/entity/Q2968754,Château de Campbon,castle,France
http://www.wikidata.org/entity/Q16538027,Castello della Rotta,castle,Italy
http://www.wikidata.org/entity/Q1013263,Burg Neuenburg (Blumberg),castle,Germany
http://www.wikidata.org/entity/Q20381139,Kalba Fort,castle | military base,United Arab Emirates
http://www.wikidata.org/entity/Q5757325,Torre Fuencubierta,monument | castle | tower,Spain
http://www.wikidata.org/entity/Q15790330,Burg Brie,castle,Germany
http://www.wikidata.org/entity/Q27627667,Rattin Castle,castle,Ireland
http://www.wikidata.org/entity/Q3662742,Castle of Monteregio,castle,Italy
http://www.wikidata.org/entity/Q16517639,Stropkovský Castle,castle | manor house,Slovakia
http://www.wikidata.org/entity/Q1011307,Burg Camburg,castle,Germany
http://www.wikidata.org/entity/Q1014274,Točník Castle,hillfort | castle,Czech Republic
http://www.wikidata.org/entity/Q1010717,Burg Alt-Lichtenstein,castle,Germany
http://www.wikidata.org/entity/Q3662636,Castello di Isola Farnese,castle,Italy
http://www.wikidata.org/entity/Q3662671,Castello di Malgrà,religious museum | castle | military museum building,Italy
http://www.wikidata.org/entity/Q2378583,Château de Galleville,castle,France
http://www.wikidata.org/entity/Q112278503,Castello di Montiolo,castle,Italy
http://www.wikidata.org/entity/Q2497748,Unterholznerburg,castle,Germany
http://www.wikidata.org/entity/Q13407907,Zítkov,castle,Czech Republic
http://www.wikidata.org/entity/Q112137960,Castello di Lurano,castle,Italy
http://www.wikidata.org/entity/Q1011408,Burg Dattenfeld,castle,Germany
http://www.wikidata.org/entity/Q98082790,Seizankan,castle,Japan
http://www.wikidata.org/entity/Q1106373,Justinian Fortress,castle | Cultural Monument of Albania | historic site,Albania
http://www.wikidata.org/entity/Q2259040,Schönecker Burg,castle,Germany
http://www.wikidata.org/entity/Q2241189,Schloss Giechkröttendorf,castle,Germany
http://www.wikidata.org/entity/Q1014377,Vetzberg Castle,castle,Germany
http://www.wikidata.org/entity/Q1013367,Burg Ober-Ruchenberg,castle | castle ruin,Switzerland
http://www.wikidata.org/entity/Q5757302,"Castillo del Collao, Camargo",castle | archaeological site,Spain
http://www.wikidata.org/entity/Q21196177,Castello di Codiponte,castle,Italy
http://www.wikidata.org/entity/Q5049843,Castle of Vila Nova de Cerveira,castle | cultural heritage,Portugal
http://www.wikidata.org/entity/Q2059782,Petit Châtelet,castle,France
http://www.wikidata.org/entity/Q2971794,Château du Pont-de-Varenne,castle,France
http://www.wikidata.org/entity/Q113452111,Castello D'Anna,castle,Italy
http://www.wikidata.org/entity/Q1011542,Burg Ehrenfels,castle,Austria
http://www.wikidata.org/entity/Q2132248,Château Levat,castle,France
http://www.wikidata.org/entity/Q30741090,Château de Saint-Cirgues-de-Malbert,castle,France
http://www.wikidata.org/entity/Q15944292,Château de Neuville-sur-Oise,castle,France
http://www.wikidata.org/entity/Q126917613,Pagenburg,castle,Germany
http://www.wikidata.org/entity/Q5182529,Craster Tower,castle,United Kingdom
http://www.wikidata.org/entity/Q30525630,Moydow Castle,castle,Ireland
http://www.wikidata.org/entity/Q883760,Güssenburg Castle,castle,Germany
http://www.wikidata.org/entity/Q112942266,Feudal Castle,castle,Italy
http://www.wikidata.org/entity/Q2970953,Château de Vendeuvre,castle,France
http://www.wikidata.org/entity/Q1012616,Wachturm,castle | archaeological site,Germany
http://www.wikidata.org/entity/Q2970499,Château de Saint-Chamant,castle,France
http://www.wikidata.org/entity/Q1015846,Burgstall Mörlenbach,castle,Germany
http://www.wikidata.org/entity/Q9705144,Castle of Castelo Novo,castle | cultural heritage,Portugal
http://www.wikidata.org/entity/Q1012250,Heidenkeller,castle,Germany
http://www.wikidata.org/entity/Q113366667,Castello della Salza,castle,Italy
http://www.wikidata.org/entity/Q108873345,Castell de Pedra,castle | historic building,Spain
http://www.wikidata.org/entity/Q5118864,Château de l'Alba,castle | château,France
http://www.wikidata.org/entity/Q1014415,Burg Vohburg,castle | archaeological site,Germany
http://www.wikidata.org/entity/Q1014179,Burg Sulz,castle,Germany
http://www.wikidata.org/entity/Q1012020,Škrljevo Castle,castle,Slovenia
http://www.wikidata.org/entity/Q2789683,Duffus Castle,castle,United Kingdom
http://www.wikidata.org/entity/Q5046176,Carrickmines Castle,castle,Ireland
http://www.wikidata.org/entity/Q56356387,Bourchier Tower,castle,Ireland
http://www.wikidata.org/entity/Q13126906,Castell Llwyn Bedw,castle | motte,United Kingdom
http://www.wikidata.org/entity/Q17624105,Castello di Belforte,castle,Italy
http://www.wikidata.org/entity/Q52264551,Castillo de Recena,monument | castle,Spain
http://www.wikidata.org/entity/Q1014412,Burg Voggen,castle,Germany
http://www.wikidata.org/entity/Q124052778,Bischofsburg,castle,Germany
http://www.wikidata.org/entity/Q98172824,Cultural heritage D-6-5527-0108 in Nordheim vor der Rhön,castle | grave | Bodendenkmal | parish church | feature,Germany
http://www.wikidata.org/entity/Q13126899,Castell Flemish hillfort,contour fort | castle,United Kingdom
http://www.wikidata.org/entity/Q15943886,Château de Turly,castle,France
http://www.wikidata.org/entity/Q833939,Boldogkő Castle,castle | ruins,Hungary
http://www.wikidata.org/entity/Q3662534,"Castle of Charles V, Crotone",castle,Italy
http://www.wikidata.org/entity/Q1013110,Mengerskirchen Castle,castle,Germany
http://www.wikidata.org/entity/Q24659395,Allt Ogofau,castle,United Kingdom
http://www.wikidata.org/entity/Q5757175,Castle of Borró,castle,Spain
http://www.wikidata.org/entity/Q39009832,Castelldwyran,castle,United Kingdom
http://www.wikidata.org/entity/Q1012661,Burg Kirchberg,castle,Germany
http://www.wikidata.org/entity/Q43125199,Castell d'Arànser,castle,Spain
http://www.wikidata.org/entity/Q98222365,Cultural heritage D-4-6234-0102 in Pottenstein,castle | hilltop settlement | Bodendenkmal | human settlement | feature,Germany
http://www.wikidata.org/entity/Q22920606,Château d'Aphat,castle | château,France
http://www.wikidata.org/entity/Q67772432,Château du Sappel,castle,France
http://www.wikidata.org/entity/Q3662317,Cantelmo Castle,castle,Italy
http://www.wikidata.org/entity/Q924311,Château de Lorge,castle,France
http://www.wikidata.org/entity/Q130611857,Henfstädt castle,castle,Germany
http://www.wikidata.org/entity/Q3093246,Prilepac,castle | fortification | historic site,Kosovo | Serbia
http://www.wikidata.org/entity/Q1011557,Burg Eichelberg,castle | archaeological site,Germany
http://www.wikidata.org/entity/Q1010763,Old Falkenstein Castle,castle,Germany
http://www.wikidata.org/entity/Q42860114,Yazdegerd Castle (Dalahu County),castle | cultural property,Iran
http://www.wikidata.org/entity/Q3662335,Castello di Mancapane,castle,Italy
http://www.wikidata.org/entity/Q7331081,Richmont Castle,castle,United Kingdom
http://www.wikidata.org/entity/Q33224797,Waldstein,castle,Germany
http://www.wikidata.org/entity/Q5757738,Castillo de la Zuda,castle | castle with zuda,Spain
http://www.wikidata.org/entity/Q30161015,Shandon Castle,castle,Ireland
http://www.wikidata.org/entity/Q4122274,Helme Castle,castle,Estonia
http://www.wikidata.org/entity/Q17548282,Hanwell Castle,castle,United Kingdom
http://www.wikidata.org/entity/Q15957666,Château de Verdun-Dessus,castle,France
http://www.wikidata.org/entity/Q2175339,Laufenburg ruin,castle | architectural structure | castle ruin,Switzerland
http://www.wikidata.org/entity/Q17596547,Château Ramet,castle,Belgium
http://www.wikidata.org/entity/Q1013273,Burg Neuenstein (Walting),castle | archaeological site,Germany
http://www.wikidata.org/entity/Q4850781,Balgarvie Castle,castle,United Kingdom
http://www.wikidata.org/entity/Q113387675,Castello,castle,Italy
http://www.wikidata.org/entity/Q5118818,Château de Padiès,castle | château,France
http://www.wikidata.org/entity/Q97619362,Torrecera Castle,castle | archaeological site,Spain
http://www.wikidata.org/entity/Q1786469,Kranenburg,castle | archaeological site,Germany
http://www.wikidata.org/entity/Q67772820,Carmagnola Castle,castle,Italy
http://www.wikidata.org/entity/Q16054760,Burg Elmendorf,castle,Germany
http://www.wikidata.org/entity/Q402663,Ahrburg,castle,Germany
http://www.wikidata.org/entity/Q108612730,Castle of Vitsilia,castle,Greece
http://www.wikidata.org/entity/Q2968263,Hérisson Castle,castle,France
http://www.wikidata.org/entity/Q17611241,Castle Herburtów Chyrowie,castle,Ukraine
http://www.wikidata.org/entity/Q5591646,Graciosa Fortress,castle,Morocco
http://www.wikidata.org/entity/Q113557726,castello di San Marco d'Alunzio,castle,Italy
http://www.wikidata.org/entity/Q5050362,Old Castle of Alcoutim,castle | cultural heritage,Portugal
http://www.wikidata.org/entity/Q97648573,Castillo de Hoya del Castillo,monument | castle,Spain
http://www.wikidata.org/entity/Q24661657,Glan Hafren Ringwork,castle,United Kingdom
http://www.wikidata.org/entity/Q15108455,Burgstall Unterübermoos,castle | archaeological site,Germany
http://www.wikidata.org/entity/Q15108192,Burg Birkendorf,castle,Germany
http://www.wikidata.org/entity/Q893095,Boosenburg,castle,Germany
http://www.wikidata.org/entity/Q5870088,Gabri Dehdaq Castle,castle,Iran
http://www.wikidata.org/entity/Q9386630,Dąbrówno Castle,castle,Poland
http://www.wikidata.org/entity/Q5692336,Larak Castle,castle,Iran
http://www.wikidata.org/entity/Q2969143,Château de Domeyrat,castle,France
http://www.wikidata.org/entity/Q51279769,Dezh Estakhr Castle,castle,Iran
http://www.wikidata.org/entity/Q89202418,Castello Durini,castle,Italy
http://www.wikidata.org/entity/Q3662595,Castello di Dinazzano,castle,Italy
http://www.wikidata.org/entity/Q22963372,Château de Montfort,castle,France
http://www.wikidata.org/entity/Q43136013,Carchuna Fort,castle,Spain
http://www.wikidata.org/entity/Q55109727,Castello di Butera,castle,Italy
http://www.wikidata.org/entity/Q7108569,Othello Castle,castle,Cyprus | Northern Cyprus
http://www.wikidata.org/entity/Q23702078,Castello Orsini,castle,Italy
http://www.wikidata.org/entity/Q3645409,Broughton Castle,castle | country house | English country house | historic house museum,United Kingdom
http://www.wikidata.org/entity/Q67772527,Castle of Brivio,castle,Italy
http://www.wikidata.org/entity/Q43163633,Castillo de Clarines,monument | castle,Spain
http://www.wikidata.org/entity/Q665687,Burgruine Petersberg,castle | ruins,Austria
http://www.wikidata.org/entity/Q9386680,Zamek w Mielniku,castle,Poland
http://www.wikidata.org/entity/Q108612670,Castle of Sophiko,castle,Greece
http://www.wikidata.org/entity/Q5757083,Castillo de Aracena,castle | aljibe | alcázar,Spain
http://www.wikidata.org/entity/Q2072054,Château de l'Épine,castle,France
http://www.wikidata.org/entity/Q16618929,Castle in Dąbrówka Starzeńska,castle,Poland
http://www.wikidata.org/entity/Q756815,Beaumaris Castle,castle,United Kingdom
http://www.wikidata.org/entity/Q98743168,Burg Burgstraße 19 in Eichstätt,castle,Germany
http://www.wikidata.org/entity/Q41406734,Burgruine Rieden,castle,Germany
http://www.wikidata.org/entity/Q7088549,Olsborg Castle,castle | Burgstall | archaeological site,Sweden
http://www.wikidata.org/entity/Q20010138,Lucignano Castle,castle,Italy
http://www.wikidata.org/entity/Q65515211,Castle of Cergneu,castle,Italy
http://www.wikidata.org/entity/Q5680295,Hastings Castle,castle | archaeological site,United Kingdom
http://www.wikidata.org/entity/Q735077,Seeberg,hillfort | castle,Czech Republic
http://www.wikidata.org/entity/Q874451,Greifenstein Castle,castle,Austria
http://www.wikidata.org/entity/Q108761821,Grand-Wasigenstein,castle,France
http://www.wikidata.org/entity/Q1012335,Hiltpoltstein Castle,castle,Germany
http://www.wikidata.org/entity/Q312445,Château de Dinan,castle,France
http://www.wikidata.org/entity/Q2968541,Château de Berrie,castle,France
http://www.wikidata.org/entity/Q3662290,Castles in Montecchio Maggiore,castle,Italy
http://www.wikidata.org/entity/Q113083629,Castello di Villa di Basso,castle,Italy
http://www.wikidata.org/entity/Q2970042,Château de Montriou,castle,France
http://www.wikidata.org/entity/Q1011479,Burg Dorfelden,castle,Germany
http://www.wikidata.org/entity/Q37585643,Puig del Castell de l'Aguilar,castle,Spain
http://www.wikidata.org/entity/Q1014733,Karytaina Castle,castle,Greece
http://www.wikidata.org/entity/Q8460083,Castell i col·legiata de Sant Pere d'Àger,church building | castle | historic building,Spain
http://www.wikidata.org/entity/Q83719600,Château fort de Sarreuille,castle,France
http://www.wikidata.org/entity/Q24666103,Castell Crychydd,motte-and-bailey castle | castle,United Kingdom
http://www.wikidata.org/entity/Q17624142,Castello di Leonina,castle,Italy
http://www.wikidata.org/entity/Q12630295,Cernik Castle,castle,Croatia
http://www.wikidata.org/entity/Q113324590,Medola,castle,Italy
http://www.wikidata.org/entity/Q1011556,Burg Eibach,castle,Germany
http://www.wikidata.org/entity/Q104350075,Castello Malvezzi-Campeggi,castle,Italy
http://www.wikidata.org/entity/Q1827633,Orchardton Tower,castle,United Kingdom
http://www.wikidata.org/entity/Q106080248,Castello del Gesso,castle,Italy
http://www.wikidata.org/entity/Q2968057,Château d'Allègre,castle,France
http://www.wikidata.org/entity/Q729681,Ravensburg,castle,Germany
http://www.wikidata.org/entity/Q2969012,Château de Combettes,castle,France
http://www.wikidata.org/entity/Q2970423,Château de Roquelaure,castle,France
http://www.wikidata.org/entity/Q43125318,Castell de Pujol Melós,castle,Spain
http://www.wikidata.org/entity/Q78661189,Château de Sauzet,castle,France
http://www.wikidata.org/entity/Q5885754,Khur Castle,castle | cultural property,Iran
http://www.wikidata.org/entity/Q1790453,Château de Spesbourg,castle,France
http://www.wikidata.org/entity/Q83718882,Château fort de Bagneau,castle,France
http://www.wikidata.org/entity/Q22689258,Khatam Castle,castle,Saudi Arabia
http://www.wikidata.org/entity/Q2970187,Château de Passavant,castle,France
http://www.wikidata.org/entity/Q6080750,Ishëm Fortress,castle | historic site,Albania
http://www.wikidata.org/entity/Q5049807,Castle of Ouguela,castle | cultural heritage,Portugal
http://www.wikidata.org/entity/Q1013005,Loch Castle,castle | archaeological site,Germany
http://www.wikidata.org/entity/Q112278586,Poggio Aquilone Castle,castle,Italy
http://www.wikidata.org/entity/Q5951100,Hutton in the Forest,castle | country house | garden | historic house museum,United Kingdom
http://www.wikidata.org/entity/Q2970091,Château de Ménessaire,castle,France
http://www.wikidata.org/entity/Q98683009,Burg Hussenstraße 17 in Rötz,castle,Germany
http://www.wikidata.org/entity/Q43123987,Castell de Siurana,castle,Spain
http://www.wikidata.org/entity/Q24045620,Castillo de Bélmez de la Moraleda,monument | castle | human settlement,Spain
http://www.wikidata.org/entity/Q2968975,Château de Châtillon-sur-Chalaronne,castle,France
http://www.wikidata.org/entity/Q83719321,Château fort de Lezoux,castle,France
http://www.wikidata.org/entity/Q3078501,City walls of Perpignan,castle,France
http://www.wikidata.org/entity/Q2583763,Domaine du Vieux Mujolan,castle,France
http://www.wikidata.org/entity/Q49369992,Friedensturm,castle,Germany
http://www.wikidata.org/entity/Q2971171,Château de la Bâtie,castle,France
http://www.wikidata.org/entity/Q15266905,Pittulie Castle,castle,United Kingdom
http://www.wikidata.org/entity/Q3662750,Castello di Montorgiali,castle,Italy
http://www.wikidata.org/entity/Q3662685,Castello di Medusa,castle,Italy
http://www.wikidata.org/entity/Q17645797,Ruardean Castle,castle,United Kingdom
http://www.wikidata.org/entity/Q20601143,Newtown Hall Motte,castle | motte,United Kingdom
http://www.wikidata.org/entity/Q2460983,Turmburg Eschborn,castle,Germany
http://www.wikidata.org/entity/Q22953326,Château de Gray,castle | château,France
http://www.wikidata.org/entity/Q1011076,Blansko Castle,castle | castle ruin,Czech Republic
http://www.wikidata.org/entity/Q15790417,Burgstall Burklaberg,castle,Germany
http://www.wikidata.org/entity/Q67772160,Château de Montaillet,castle,France
http://www.wikidata.org/entity/Q16830717,Burg Bisses,castle,Germany
http://www.wikidata.org/entity/Q106083047,Torre dei Marchesi,castle,Italy
http://www.wikidata.org/entity/Q20950517,Château de Certeau,fortified house | castle,France
http://www.wikidata.org/entity/Q43162820,Castillo de Pinos,monument | castle,Spain
http://www.wikidata.org/entity/Q2969275,Château de Fromente,castle,France
http://www.wikidata.org/entity/Q699474,Liechtenstein Castle,museum | castle,Austria
http://www.wikidata.org/entity/Q2971725,Château du Lieu-Dieu,castle | château,France
http://www.wikidata.org/entity/Q2970450,Château de Rouvres,castle,France
http://www.wikidata.org/entity/Q6440553,Krāslava Old Palace,castle,Latvia
http://www.wikidata.org/entity/Q15944458,Château de la Mercerie,castle,France
http://www.wikidata.org/entity/Q1645128,Wetzsteinberg,castle,Germany
http://www.wikidata.org/entity/Q24661308,Fenham Castle,castle,United Kingdom
http://www.wikidata.org/entity/Q3662578,Conegliano Castle,castle,Italy
http://www.wikidata.org/entity/Q1485119,St Donat's Castle,castle,United Kingdom
http://www.wikidata.org/entity/Q27875946,Castle of Pico,castle,Italy
http://www.wikidata.org/entity/Q19965109,Windsbach Castle,castle | ruins | archaeological site,Germany
http://www.wikidata.org/entity/Q1776945,Opole Castle,castle,Poland
http://www.wikidata.org/entity/Q27855995,Castle of Valverde de la Vera,castle,Spain
http://www.wikidata.org/entity/Q67772228,Burgstelle Hebelstein,castle,Switzerland
http://www.wikidata.org/entity/Q5936184,Shian Castle,castle,Iran
http://www.wikidata.org/entity/Q65126459,castle of Lihérin,castle,Belgium
http://www.wikidata.org/entity/Q20876800,Castell de Tuixén,castle,Spain
http://www.wikidata.org/entity/Q1013665,Burg Richstein,abandoned village | castle,Germany
http://www.wikidata.org/entity/Q6485739,Davyd-Haradok Castle,castle,Belarus
http://www.wikidata.org/entity/Q30969833,Kilcolgan Castle,castle,Ireland
http://www.wikidata.org/entity/Q2521166,Veste Erlangen,castle,Germany
http://www.wikidata.org/entity/Q5757520,Castillo de Peñahora,castle,Spain
http://www.wikidata.org/entity/Q83718832,Château fort d'Assé le Riboul,castle,France
http://www.wikidata.org/entity/Q5909550,Bardeh Castle,castle,Iran
http://www.wikidata.org/entity/Q56661832,"Inaltry, castle 30m NNW of",castle,United Kingdom
http://www.wikidata.org/entity/Q111474622,Castello della Rocca,castle,Italy
http://www.wikidata.org/entity/Q22998785,Toutencourt Castle,motte-and-bailey castle | castle,France
http://www.wikidata.org/entity/Q1012489,Burg Horn,castle,Germany
http://www.wikidata.org/entity/Q5118817,Château de Pestillac,castle,France
http://www.wikidata.org/entity/Q1015931,Burgstall Steinbach,castle | Burgstall,Austria
http://www.wikidata.org/entity/Q2142223,Reitweiner Wallberge,castle,Germany
http://www.wikidata.org/entity/Q24661457,Little Easton Moat,castle,United Kingdom
http://www.wikidata.org/entity/Q3662790,Castello di Pentefur,castle,Italy
http://www.wikidata.org/entity/Q1557011,Herrenhaus Pronstorf,castle,Germany
http://www.wikidata.org/entity/Q3662668,Castello di Lunghezza,castle,Italy
http://www.wikidata.org/entity/Q2203504,Rüdenburg Arnsberg,spur castle | castle,Germany
http://www.wikidata.org/entity/Q1012473,Hollenfels Castle,castle,Luxembourg
http://www.wikidata.org/entity/Q22687698,Castillo de Cabrejas del Pinar,castle,Spain
http://www.wikidata.org/entity/Q2970614,Château de Salvagnac-Cajarc,castle,France
http://www.wikidata.org/entity/Q1015713,Burgstall Darstein,castle | archaeological site,Germany
http://www.wikidata.org/entity/Q511492,Château de Commarin,castle,France
http://www.wikidata.org/entity/Q2969105,Château de Dampierre-en-Burly,castle,France
http://www.wikidata.org/entity/Q56357517,Dunhill Castle,castle,Ireland
http://www.wikidata.org/entity/Q25616081,Lynch's Castle,castle,Ireland
http://www.wikidata.org/entity/Q113452119,Castello di San Nicandro,castle,Italy
http://www.wikidata.org/entity/Q38281216,Igoumenitsa Castle,castle,Greece
http://www.wikidata.org/entity/Q20855841,Castle of Torre d'en Besora,castle,Spain
http://www.wikidata.org/entity/Q2005028,Château féodal de Sancerre,castle,France
http://www.wikidata.org/entity/Q2970958,Castle of Verrazzano,castle,Italy
http://www.wikidata.org/entity/Q5757247,Castillo de Chite,castle | defensive wall | monument | human settlement | archaeological site,Spain
http://www.wikidata.org/entity/Q5016868,Caer Gybi,castellum | castle | churchyard wall,United Kingdom
http://www.wikidata.org/entity/Q20875673,Castell de Cabrera,castle,Spain
http://www.wikidata.org/entity/Q1012138,Gößweinstein Castle,castle | archaeological site,Germany
http://www.wikidata.org/entity/Q3325349,Motte Saint-Albe,castle | château,France
http://www.wikidata.org/entity/Q112485,Castel Savoia,religious museum | castle | museum of a public entity | palazzo museum,Italy
http://www.wikidata.org/entity/Q6091475,Castle of Şebinkarahisar,castle,Turkey
http://www.wikidata.org/entity/Q4890358,Castle of Gallifa,church building | castle,Spain
http://www.wikidata.org/entity/Q1712207,Mingary Castle,castle,United Kingdom
http://www.wikidata.org/entity/Q15108448,Burgstall Sternegg,castle | archaeological site,Germany
http://www.wikidata.org/entity/Q5757771,Villanueva de Cañedo Castle,monument | castle,Spain
http://www.wikidata.org/entity/Q1013941,Schwarzenstein Castle,castle | castle ruin,Switzerland
http://www.wikidata.org/entity/Q1014417,Burg Volkertshausen,castle,Germany
http://www.wikidata.org/entity/Q1010719,Burg Alt-Morungen,castle,Germany
http://www.wikidata.org/entity/Q25454119,Tabuk Castle,castle,Saudi Arabia
http://www.wikidata.org/entity/Q19819555,Castle of Terlago,castle,Italy
http://www.wikidata.org/entity/Q43162034,Castillo del Cortijo de Don Cristóbal,monument | castle,Spain
http://www.wikidata.org/entity/Q96375037,Château de Pontoise,castle,France
http://www.wikidata.org/entity/Q113367322,Caccia Castle,castle,Italy
http://www.wikidata.org/entity/Q68228234,Vistarini Castle,castle,Italy
http://www.wikidata.org/entity/Q127697619,Kuhan Castle,castle | cultural property,Iran
http://www.wikidata.org/entity/Q13219119,Château de Meywihr,castle,France
http://www.wikidata.org/entity/Q65146780,Château de Montaigut-sur-Save,castle,France
http://www.wikidata.org/entity/Q1011472,Burgruine Schloßthal,castle,Germany
http://www.wikidata.org/entity/Q7378017,Rufus Castle,castle,United Kingdom
http://www.wikidata.org/entity/Q112169841,Castello di Campagnola,castle,Italy
http://www.wikidata.org/entity/Q15943708,Château de Fontaine-Étoupefour,castle,France
http://www.wikidata.org/entity/Q2969817,Château de Marqueyssac,castle,France
http://www.wikidata.org/entity/Q24661751,Castell y Rhingyll,castle,United Kingdom
http://www.wikidata.org/entity/Q43163491,Castillo del Hierro,monument | castle,Spain
http://www.wikidata.org/entity/Q5944116,Shah Neshin Castle,castle,Iran
http://www.wikidata.org/entity/Q1491307,Nienbrügge,abandoned village | castle,Germany
http://www.wikidata.org/entity/Q31075352,Castell de Miramar,castle,Spain
http://www.wikidata.org/entity/Q2968630,Château de Bourmont,castle,France
http://www.wikidata.org/entity/Q101357310,Castello di Montegibbio,castle,Italy
http://www.wikidata.org/entity/Q2242922,Castle Pienzenau,castle,Italy
http://www.wikidata.org/entity/Q2969301,Château de Gatine,castle,France
http://www.wikidata.org/entity/Q5757412,Castillo de Luna,castle,Spain
http://www.wikidata.org/entity/Q489282,Castle Sinclair Girnigoe,castle | archaeological site,United Kingdom
http://www.wikidata.org/entity/Q2969114,Château de Dehault,castle,France
http://www.wikidata.org/entity/Q2968078,Château d'Ancenis,castle,France
http://www.wikidata.org/entity/Q5577226,Castell de Fals,castle,Spain
http://www.wikidata.org/entity/Q82878,New Castle,castle | tourist attraction,Germany
http://www.wikidata.org/entity/Q2970291,Château de Pouzauges,castle,France
http://www.wikidata.org/entity/Q16619068,Castle Rohatynie,castle,Ukraine
http://www.wikidata.org/entity/Q24659392,Clawyd British Motte,castle,United Kingdom
http://www.wikidata.org/entity/Q39011000,Cae Pengaer,castle,United Kingdom
http://www.wikidata.org/entity/Q83718861,Château fort d'Olliergues,castle,France
http://www.wikidata.org/entity/Q112738,Castle of Xabier,monument | castle | tourist destination,Spain
http://www.wikidata.org/entity/Q20170728,Burg Seldeneck,castle,Germany
http://www.wikidata.org/entity/Q113050305,Castello Mazza,castle,Italy
http://www.wikidata.org/entity/Q4820278,Audunborg,castle,Norway
http://www.wikidata.org/entity/Q113553687,Castello di Fulcignano,castle,Italy
http://www.wikidata.org/entity/Q17596759,Castell de Vallespinosa,castle,Spain
http://www.wikidata.org/entity/Q97633997,Castillo de Comares,monument | castle,Spain
http://www.wikidata.org/entity/Q17645903,Norham Castle tower keep,castle,United Kingdom
http://www.wikidata.org/entity/Q20875669,Castell i vila closa de Maials,castle,Spain
http://www.wikidata.org/entity/Q5757033,Alcalá de la Selva Castle,castle,Spain
http://www.wikidata.org/entity/Q32725,Innes Chonnel Castle,castle,United Kingdom
http://www.wikidata.org/entity/Q943140,Quadrangular castle,castle,Azerbaijan
http://www.wikidata.org/entity/Q111465323,Castello di Melissa,castle,Italy
http://www.wikidata.org/entity/Q55165172,Castello dei Doria,castle,Italy
http://www.wikidata.org/entity/Q2599326,Castle of Almourol,castle | cultural heritage,Portugal
http://www.wikidata.org/entity/Q2245395,Schlüsselburg Markgröningen,abandoned village | castle,Germany
http://www.wikidata.org/entity/Q16544635,Castillo de Barrio de la Tercia,castle,Spain
http://www.wikidata.org/entity/Q42145632,Moulton Castle,castle,United Kingdom
http://www.wikidata.org/entity/Q2970658,Château de Scry,castle,Belgium
http://www.wikidata.org/entity/Q2969732,Château de Lordat,castle,France
http://www.wikidata.org/entity/Q102683329,Višnjevek,castle,Slovenia
http://www.wikidata.org/entity/Q17526107,Ayton Castle,castle,United Kingdom
http://www.wikidata.org/entity/Q5049785,Castle of Linhares,castle | cultural heritage,Portugal
http://www.wikidata.org/entity/Q19830947,Castell de Ceuró,castle,Spain
http://www.wikidata.org/entity/Q1012820,Landeck Castle,castle,Germany
http://www.wikidata.org/entity/Q1014435,Burg Wadendorf,castle | archaeological site,Germany
http://www.wikidata.org/entity/Q15108300,Burg Trostberg,castle | archaeological site,Germany
http://www.wikidata.org/entity/Q30061456,Castillo-palacio de Toral de los Guzmanes,castle | palace,Spain
http://www.wikidata.org/entity/Q5757727,Castillo de la Pileta,castle,Spain
http://www.wikidata.org/entity/Q1013365,Burg Oberacker,castle,Germany
http://www.wikidata.org/entity/Q41311084,Burgruine Altenburg,castle,Germany
http://www.wikidata.org/entity/Q2517770,Château de Meux,castle,France
http://www.wikidata.org/entity/Q78660792,Château de Freudeneck,castle,France
http://www.wikidata.org/entity/Q1011630,Burg Enningen,castle,Germany
http://www.wikidata.org/entity/Q39009782,"Y Castell, Llys y Fran",castle,United Kingdom
http://www.wikidata.org/entity/Q15126357,Rosenberg (Putzar),castle,Germany
http://www.wikidata.org/entity/Q2104550,Château de Lamartinie,castle,France
http://www.wikidata.org/entity/Q1450462,Franzosenschanze,castle,Germany
http://www.wikidata.org/entity/Q17650397,Powderham Castle,castle,United Kingdom
http://www.wikidata.org/entity/Q6407929,Killyleagh Castle,castle | country house,United Kingdom
http://www.wikidata.org/entity/Q1012749,Burg Krosigk,castle,Germany
http://www.wikidata.org/entity/Q29688444,Bailiff's castle,architectural structure | castle,Switzerland
http://www.wikidata.org/entity/Q1011878,Burg Fronhofen,castle,Germany
http://www.wikidata.org/entity/Q2969680,Château de Laurens Castelet,castle,France
http://www.wikidata.org/entity/Q106073537,ruins of the castle (Castel de' Britti),castle,Italy
http://www.wikidata.org/entity/Q24659473,Llangibby Motte,castle | motte,United Kingdom
http://www.wikidata.org/entity/Q54870700,Castello dei figli di Cambio,castle,Italy
http://www.wikidata.org/entity/Q1619654,Burg Tengen,castle,Germany
http://www.wikidata.org/entity/Q5050373,Castle of Castilnovo,monument | castle,Spain
http://www.wikidata.org/entity/Q1322535,Grasburg,castle,Germany
http://www.wikidata.org/entity/Q17665186,"Castle Hill moated site, 350m south of St Peter and St Paul's Church",castle | moated site,United Kingdom
http://www.wikidata.org/entity/Q78660847,Château de l'Espinasse,castle,France
http://www.wikidata.org/entity/Q17596287,Castell de la Miana,castle,Spain
http://www.wikidata.org/entity/Q67772704,castle of Caramala,castle,Italy
http://www.wikidata.org/entity/Q106764649,Lardirago Castle,castle,Italy
http://www.wikidata.org/entity/Q9705660,Castelo de Proença-a-Velha,castle,Portugal
http://www.wikidata.org/entity/Q83718944,Château fort de Boudes,castle,France
http://www.wikidata.org/entity/Q2967791,Château-Gaillard,castle | archaeological museum,France
http://www.wikidata.org/entity/Q66314519,Visconti Rocca,castle | rocca,Italy
http://www.wikidata.org/entity/Q108744743,Château de Banvillars,castle,France
http://www.wikidata.org/entity/Q3662144,Castel Savello,castle,Italy
http://www.wikidata.org/entity/Q39011017,Castell Einion Sais,castle,United Kingdom
http://www.wikidata.org/entity/Q98221240,Cultural heritage D-4-6130-0061 in Lisberg,castle | feature | Bodendenkmal,Germany
http://www.wikidata.org/entity/Q16619081,Castle Starym Oleksińcu,castle,Ukraine
http://www.wikidata.org/entity/Q2969027,Château de Conches-en-Ouche,castle,France
http://www.wikidata.org/entity/Q42449594,Castillo de Tiebas,monument | castle | building,Spain
http://www.wikidata.org/entity/Q880094,Wirtemberg Castle,destroyed building or structure | castle,Germany
http://www.wikidata.org/entity/Q1014413,Burg Vogtsberg,castle | archaeological site,Germany
http://www.wikidata.org/entity/Q3939414,Rocca Sanvitale,castle,Italy
http://www.wikidata.org/entity/Q2968857,Château de Chanac,castle,France
http://www.wikidata.org/entity/Q2781833,Dunaneeny Castle,castle,United Kingdom
http://www.wikidata.org/entity/Q24659812,Penycastell,castle,United Kingdom
http://www.wikidata.org/entity/Q12730021,Admontbichl castle,castle | château,Austria
http://www.wikidata.org/entity/Q4779713,Castillo de Ganalur,castle,Spain
http://www.wikidata.org/entity/Q7431733,Frondsberg Castle,castle,Austria
http://www.wikidata.org/entity/Q112278582,Rocca di Piediluco,castle,Italy
http://www.wikidata.org/entity/Q5286862,Dobroyd Castle,castle,United Kingdom
http://www.wikidata.org/entity/Q26806140,Castell de Marsugà,castle,France
http://www.wikidata.org/entity/Q1746596,SnowCastle of Kemi,castle,Finland
http://www.wikidata.org/entity/Q30975270,Doon Castle,castle,Ireland
http://www.wikidata.org/entity/Q15115311,Hunterston Castle,castle,United Kingdom
http://www.wikidata.org/entity/Q78660564,Château d'Aureille,castle,France
http://www.wikidata.org/entity/Q64799562,Castelleone di Suasa castel,castle,Italy
http://www.wikidata.org/entity/Q24660448,Ilketshall St John,castle,United Kingdom
http://www.wikidata.org/entity/Q2968087,Château d'Anterroches,castle,France
http://www.wikidata.org/entity/Q98287017,Cultural heritage D-7-7230-0318 in Donauwörth,castle | feature | Bodendenkmal,Germany
http://www.wikidata.org/entity/Q65130289,Castel Ruggero,villa | castle,Italy
http://www.wikidata.org/entity/Q73487614,Castello Pieve Sant'Andrea,castle,Italy
http://www.wikidata.org/entity/Q1012358,Hluboký,castle,Czech Republic
http://www.wikidata.org/entity/Q108664847,Toroni Castle,castle,Greece
http://www.wikidata.org/entity/Q108794810,Chortkiv Castle (old),castle,Ukraine
http://www.wikidata.org/entity/Q11913020,Castell de Cervià,castle,Spain
http://www.wikidata.org/entity/Q29884491,Castle of Monastero Bormida,castle | museum of a public entity | historical park museum | military museum building,Italy
http://www.wikidata.org/entity/Q714783,Gripsholm Castle,castle | tourist attraction | cultural property,Sweden
http://www.wikidata.org/entity/Q32997007,Nenagh Castle,castle,Ireland
http://www.wikidata.org/entity/Q2970092,Château de Mélac,castle,France
http://www.wikidata.org/entity/Q97649210,Castillo,monument | castle,Spain
http://www.wikidata.org/entity/Q5757183,Alcazaba (Bujalance),aljibe | castle,Spain
http://www.wikidata.org/entity/Q4185858,Prudhoe Castle,castle,United Kingdom
http://www.wikidata.org/entity/Q1010777,Burg Altweilnau,castle,Germany
http://www.wikidata.org/entity/Q13365663,Víckov Castle,castle | castle ruin,Czech Republic
http://www.wikidata.org/entity/Q31108826,Keeston Castle,castle | partial contour fort,United Kingdom
http://www.wikidata.org/entity/Q1011527,Burg Edenserloog,castle,Germany
http://www.wikidata.org/entity/Q5907178,Jalali Castle,castle | cultural property,Iran
http://www.wikidata.org/entity/Q43163968,Castillo de la Fuente,monument | castle | human settlement,Spain
http://www.wikidata.org/entity/Q108612478,Castle of Ghizi,castle,Greece
http://www.wikidata.org/entity/Q113574690,Castello di Isola,castle,Italy
http://www.wikidata.org/entity/Q2664396,Burg Neuentierberg,castle,Germany
http://www.wikidata.org/entity/Q107101668,Lesmoir Castle,castle,United Kingdom
http://www.wikidata.org/entity/Q15940131,Château de Chambuet,castle,France
http://www.wikidata.org/entity/Q113440839,Castello di San Barbato,castle,Italy
http://www.wikidata.org/entity/Q2968871,Château de Charbonnières,castle | château | hill,County of Savoy | France
http://www.wikidata.org/entity/Q5895179,Eshgaft-e Moneh Castle,castle,Iran
http://www.wikidata.org/entity/Q1014070,Burg Staufen,castle,Germany
http://www.wikidata.org/entity/Q30524167,Castillo de Nuévalos,castle,Spain
http://www.wikidata.org/entity/Q106162503,Castello de' Monti,castle,Italy
http://www.wikidata.org/entity/Q78660681,Château de Brommat,castle,France
http://www.wikidata.org/entity/Q83719687,Château fort des Landes,castle,France
http://www.wikidata.org/entity/Q1010710,Burg Alt-Hayingen,castle,Germany
http://www.wikidata.org/entity/Q5950765,Haj Wakil Castle,castle,Iran
http://www.wikidata.org/entity/Q1013331,Burg Niederzier,castle,Germany
http://www.wikidata.org/entity/Q113452109,Castello di Terravecchia,castle,Italy
http://www.wikidata.org/entity/Q11912982,Castell d'Alcanó,castle,Spain
http://www.wikidata.org/entity/Q97015902,Castello di Terrarossa,castle,Italy
http://www.wikidata.org/entity/Q22950558,Neaufles-Saint-Martin Castle,castle,France
http://www.wikidata.org/entity/Q7231565,Portencross Castle,cairn | castle | tower house,United Kingdom
http://www.wikidata.org/entity/Q85860546,Castello di Roccavaldina,castle,Italy
http://www.wikidata.org/entity/Q43137744,Castle of Almogía,monument | castle,Spain
http://www.wikidata.org/entity/Q65128177,Château de Castellas,castle,France
http://www.wikidata.org/entity/Q17596749,Castell de Tudela,castle,Spain
http://www.wikidata.org/entity/Q56365327,Coolmain Castle,castle,Ireland
http://www.wikidata.org/entity/Q1011182,Burg Bring,castle,Germany
http://www.wikidata.org/entity/Q17641496,Lindsey Castle,castle,United Kingdom
http://www.wikidata.org/entity/Q15199048,Castle Katzenstein,castle,Italy
http://www.wikidata.org/entity/Q4185834,Kellie Castle,castle | château,United Kingdom
http://www.wikidata.org/entity/Q115599440,Castell de Berrós,castle,Spain
http://www.wikidata.org/entity/Q97651901,Edificio Fortificado,monument | castle,Spain
http://www.wikidata.org/entity/Q112278562,Castello di Corbara,castle,Italy
http://www.wikidata.org/entity/Q7938067,Viļaka Castle,castle,Latvia
http://www.wikidata.org/entity/Q29052334,Carbury Castle,motte-and-bailey castle | castle,Ireland
http://www.wikidata.org/entity/Q15057772,Middelsteburg,castle,Germany
http://www.wikidata.org/entity/Q1014160,Burg Streitberg,castle,Germany
http://www.wikidata.org/entity/Q56365103,Kilcascan Castle,castle,Ireland
http://www.wikidata.org/entity/Q113550406,Castello La Rimbecca,castle,Italy
http://www.wikidata.org/entity/Q112278495,Castello di Montecampano,castle,Italy
http://www.wikidata.org/entity/Q2971191,Château de la Chetardière,castle,France
http://www.wikidata.org/entity/Q48816248,Ios Palaiokastro,castle | fort,Greece
http://www.wikidata.org/entity/Q67950799,Burg Hornberg,castle | ruins,Germany
http://www.wikidata.org/entity/Q98272525,Cultural heritage D-3-6742-0028 in Cham (Oberpfalz),castle | château | feature | Bodendenkmal,Germany
http://www.wikidata.org/entity/Q3662429,Castello del Principe d'Aci,castle,Italy
http://www.wikidata.org/entity/Q20875067,Castell de Montfalcó d'Ossó,castle,Spain
http://www.wikidata.org/entity/Q2664330,Burg Hohenburladingen,castle,Germany
http://www.wikidata.org/entity/Q2054341,château de Saché,castle,France
http://www.wikidata.org/entity/Q15940349,Château de Noaillan,castle,France
http://www.wikidata.org/entity/Q8342270,Castillo de Chera,castle,Spain
http://www.wikidata.org/entity/Q67013822,Tagliolo Castle,castle,Italy
http://www.wikidata.org/entity/Q21061860,East Cowes Castle,castle | fort,United Kingdom
http://www.wikidata.org/entity/Q1590090,Erprath manor,castle | farmhouse,Germany
http://www.wikidata.org/entity/Q1016184,Burgwall Kittlitz,castle | castle ruin,Germany
http://www.wikidata.org/entity/Q1535100,Schloss Reinbek,museum | castle | Northern Renaissance,Germany
http://www.wikidata.org/entity/Q97622545,Castillo de Lucena,castle | agricultural structure | archaeological site,Spain
http://www.wikidata.org/entity/Q39006576,Castell Rhosesmor,castle,United Kingdom
http://www.wikidata.org/entity/Q1677261,Wasserburg Erffa,castle,Germany
http://www.wikidata.org/entity/Q10975126,Castell de Santa Florentina,castle,Spain
http://www.wikidata.org/entity/Q2795493,Château de Dio-et-Valquières,castle,France
http://www.wikidata.org/entity/Q5925197,Qahqah Castle,castle,Iran
http://www.wikidata.org/entity/Q65123037,Château de Cathalo,castle,France
http://www.wikidata.org/entity/Q114510,Grynau Tower,fortress | castle,Switzerland
http://www.wikidata.org/entity/Q24659423,Newport Old Castle,ringwork castle | castle,United Kingdom
http://www.wikidata.org/entity/Q85860543,Pizzighettone Castle,castle,Italy
http://www.wikidata.org/entity/Q1673816,Isenburg,castle,Germany
http://www.wikidata.org/entity/Q16537917,Rametz,castle,Italy
http://www.wikidata.org/entity/Q98683329,Hauptburg Ruine Kürnberg in Stamsried,castle,Germany
http://www.wikidata.org/entity/Q42887816,Oldwoodhouselee Castle,castle,United Kingdom
http://www.wikidata.org/entity/Q2391765,Keverberg Castle,castle | château,Netherlands
http://www.wikidata.org/entity/Q113303928,Castello di Monte Vecchio dei Rocchi,castle,Italy
http://www.wikidata.org/entity/Q126727692,Outremont,castle,
http://www.wikidata.org/entity/Q96316159,Castell de Castelló,castle,Spain
http://www.wikidata.org/entity/Q7563327,Sorbie Tower,tower house | castle,United Kingdom
http://www.wikidata.org/entity/Q1012689,Burg Kniphausen,castle,Germany
http://www.wikidata.org/entity/Q52961,"Royal Castle, Poznań",castle,Poland
http://www.wikidata.org/entity/Q8342253,Castelló de Farfaña,castle,Spain
http://www.wikidata.org/entity/Q6912480,Morlais Castle,contour fort | castle,United Kingdom
http://www.wikidata.org/entity/Q3662973,Castello ducale,Category:Hohenstaufen castles in Southern Italy | castle,Italy
http://www.wikidata.org/entity/Q106077698,Castello di Prato Ottesola,castle,Italy
http://www.wikidata.org/entity/Q15126189,Ringwall Schlossberg,castle | archaeological site,Germany
http://www.wikidata.org/entity/Q1012342,Burg Hinta,castle,Germany
http://www.wikidata.org/entity/Q1147394,Rauenburg,castle,Germany
http://www.wikidata.org/entity/Q113290240,Castello di Macchiagodena,castle,Italy
http://www.wikidata.org/entity/Q1778194,Kodak Fortress,destroyed building or structure | castle,Ukraine
http://www.wikidata.org/entity/Q17596788,Castell de Víllec,castle,Spain
http://www.wikidata.org/entity/Q1623503,Hohe Schanze,castle | mountain,Germany
http://www.wikidata.org/entity/Q24661347,Kirkcambeck,castle,United Kingdom
http://www.wikidata.org/entity/Q27064148,Castillo de Segura de Toro,castle,Spain
http://www.wikidata.org/entity/Q43135264,Castillo de Alhama de Granada,castle,Spain
http://www.wikidata.org/entity/Q2942728,Château de la Flachère,castle,France
http://www.wikidata.org/entity/Q894294,Borwall,castle | archaeological site,Germany
http://www.wikidata.org/entity/Q20601446,Ty'n-y-Celyn Castle Mound,castle | motte,United Kingdom
http://www.wikidata.org/entity/Q16537992,Castello Due Torri di Scorticata,castle,Italy
http://www.wikidata.org/entity/Q2970230,Château de Pieusse,castle,France
http://www.wikidata.org/entity/Q15979004,Hayton Castle,castle,United Kingdom
http://www.wikidata.org/entity/Q1015954,Burgstall Wallenfels,castle,Germany
http://www.wikidata.org/entity/Q111475066,Castello di Casalnuovo,castle,Italy
http://www.wikidata.org/entity/Q1014053,Stagnov,castle | castle ruin,Czech Republic
http://www.wikidata.org/entity/Q107699694,Burg Harste,castle | Burgstall,Germany
http://www.wikidata.org/entity/Q108665219,Castle of Psophida,castle,Greece
http://www.wikidata.org/entity/Q4884057,Bellister Castle,castle | manor house,United Kingdom
http://www.wikidata.org/entity/Q2970077,Château de Moulin-Neuf,castle | château,France
http://www.wikidata.org/entity/Q39006405,Rhos Domen,castle,United Kingdom
http://www.wikidata.org/entity/Q255574,Peveril Castle,castle,United Kingdom
http://www.wikidata.org/entity/Q41237453,Burgstall,castle,Germany
http://www.wikidata.org/entity/Q5050252,Castle Roche,castle,Ireland
http://www.wikidata.org/entity/Q8342623,Castillo de Villahaleva,monument | castle,Spain
http://www.wikidata.org/entity/Q1015183,Burgrest Baumgarten,castle,Germany
http://www.wikidata.org/entity/Q7621632,Strangford Castle,castle,United Kingdom
http://www.wikidata.org/entity/Q24661412,Bryn yr Erye Enclosure,castle,United Kingdom
http://www.wikidata.org/entity/Q33323490,Zlonice Castle,castle | château,Czech Republic
http://www.wikidata.org/entity/Q67772474,Castello Nuovo,castle,Italy
http://www.wikidata.org/entity/Q20083535,"Palace in Mikhailivtsi, Vinnytsia Oblast",castle,Ukraine
http://www.wikidata.org/entity/Q113164529,Castello del Castellaro,castle,Italy
http://www.wikidata.org/entity/Q2968220,Château d'Esnes,castle,France
http://www.wikidata.org/entity/Q2971758,Château du Passage,castle,France
http://www.wikidata.org/entity/Q67772471,Château de Liebenstein,castle,France
http://www.wikidata.org/entity/Q98262045,Cultural heritage D-5-6730-0208 in Windsbach,castle | feature | Bodendenkmal,Germany
http://www.wikidata.org/entity/Q17850103,Cadzow Castle,castle | archaeological site,United Kingdom
http://www.wikidata.org/entity/Q2969324,Château de Girecourt-sur-Durbion,castle,France
http://www.wikidata.org/entity/Q2971595,Château du Bas (Braine),castle,France
http://www.wikidata.org/entity/Q477138,Birseck Castle,castle | castle ruin,Switzerland
http://www.wikidata.org/entity/Q5757254,Castell de Corbera de Llobregat,castle,Spain
http://www.wikidata.org/entity/Q2579998,Castle of Óbidos,castle | cultural heritage,Portugal
http://www.wikidata.org/entity/Q98273540,Cultural heritage D-3-6643-0006 in Furth im Wald,castle | château | feature | Bodendenkmal,Germany
http://www.wikidata.org/entity/Q4968429,Brinklow Castle,castle,United Kingdom
http://www.wikidata.org/entity/Q36864631,Castle Čížkrajice,castle,Czech Republic
http://www.wikidata.org/entity/Q55109243,Castello di Argine,castle,Italy
http://www.wikidata.org/entity/Q4891274,Castle of Aielo de Rugat,monument | castle,Spain
http://www.wikidata.org/entity/Q35271306,Castle of Sinascueva,castle,Spain
http://www.wikidata.org/entity/Q17596095,Castell de Castissent,castle,Spain
http://www.wikidata.org/entity/Q24661501,Harlow Mill,castle | archaeological site,United Kingdom
http://www.wikidata.org/entity/Q9386696,Olsztynek Castle,castle,Poland
http://www.wikidata.org/entity/Q56365089,Kilgobbin Castle,castle,Ireland
http://www.wikidata.org/entity/Q19202644,Castello di Santa Lucia del Mela,castle,Italy
http://www.wikidata.org/entity/Q20985587,Castell de Vilalta,castle,Spain
http://www.wikidata.org/entity/Q5118843,Château de Saint-Maurice,castle,France
http://www.wikidata.org/entity/Q111369997,Castello d'Evoli,castle,Italy
http://www.wikidata.org/entity/Q1073585,Karatsu Castle,castle | Japanese castle,Japan
http://www.wikidata.org/entity/Q1011716,Burg Fischbach,castle,Germany
http://www.wikidata.org/entity/Q1014492,Burg Waseneck,castle,Germany
http://www.wikidata.org/entity/Q2969870,Castle of Melgaço,castle | cultural heritage | archaeological site,Portugal
http://www.wikidata.org/entity/Q22940848,Château Saint-Jean de Nogent-le-Rotrou,castle,France
http://www.wikidata.org/entity/Q2455740,Trostburg,castle | private museum | military museum building,Italy
http://www.wikidata.org/entity/Q3078449,Zemun Fortress,castle,Serbia
http://www.wikidata.org/entity/Q2499665,Château de Beaumont,castle,France
http://www.wikidata.org/entity/Q98275403,Cultural heritage D-3-6435-0143 in Neukirchen bei Sulzbach-Rosenberg,castle | château | feature | Bodendenkmal,Germany
http://www.wikidata.org/entity/Q1011493,Burg Dringenberg,castle,Germany
http://www.wikidata.org/entity/Q16329482,Greveno Castle,castle,Greece
http://www.wikidata.org/entity/Q65588610,Castello dei Doria,castle,Italy
http://www.wikidata.org/entity/Q2231024,Schanze Unterfinning,castle | circular rampart | Bodendenkmal | archaeological site,Germany
http://www.wikidata.org/entity/Q2968337,Château d'Ultrera,castle | château,France
http://www.wikidata.org/entity/Q5703093,"Sam Castle, Hamu",castle,Iran
http://www.wikidata.org/entity/Q56027994,Alte Burg,castle,Germany
http://www.wikidata.org/entity/Q1014286,Burg Trochtelfingen,castle,Germany
http://www.wikidata.org/entity/Q24661443,Cockfield Tower,castle,United Kingdom
http://www.wikidata.org/entity/Q24660249,Roft Motte,castle | motte,United Kingdom
http://www.wikidata.org/entity/Q67772354,Château d'Orlyé,castle,France
http://www.wikidata.org/entity/Q117461780,Potiri Castle,castle,Greece
http://www.wikidata.org/entity/Q1010983,Burg Betzenweiler,castle,Germany
http://www.wikidata.org/entity/Q56356758,Hatch's Castle,castle,Ireland
http://www.wikidata.org/entity/Q108612637,Castle of Ano Poula,castle,Greece
http://www.wikidata.org/entity/Q9386566,Udórz Castle,castle,Poland
http://www.wikidata.org/entity/Q3662621,Castello di Gorzone,castle,Italy
http://www.wikidata.org/entity/Q112140368,Castel Merlo,castle,Italy
http://www.wikidata.org/entity/Q4998502,Burg Neudenstein,castle,Austria
http://www.wikidata.org/entity/Q1015974,Burgstall Wildenroth (Grafrath),castle,Germany
http://www.wikidata.org/entity/Q113452651,Castello Commendale,castle,Italy
http://www.wikidata.org/entity/Q113556211,Castello di Brucato,castle,Italy
http://www.wikidata.org/entity/Q56598572,castle of Ribas de Jarama,castle,Spain
http://www.wikidata.org/entity/Q36997926,Castle of Roden,castle,Spain
http://www.wikidata.org/entity/Q15527487,Burg Gaugrehweiler,castle,Germany
http://www.wikidata.org/entity/Q2969876,Chateau de Messilhac,castle,France
http://www.wikidata.org/entity/Q37288501,Bukovina,castle,Czech Republic
http://www.wikidata.org/entity/Q113375742,castello di Lenta,monastery | castle,Italy
http://www.wikidata.org/entity/Q113050300,Castello di Caiello,castle,Italy
http://www.wikidata.org/entity/Q41403918,Burgruine,castle,Germany
http://www.wikidata.org/entity/Q2175442,Ruine Stein (Sachsen),castle | castle ruin,Germany
http://www.wikidata.org/entity/Q2455157,Castle of Xàtiva,castle,Spain
http://www.wikidata.org/entity/Q2035151,Osterburg,castle,Germany
http://www.wikidata.org/entity/Q25477369,Spileo Castle,castle,Greece
http://www.wikidata.org/entity/Q5905718,"Kak Kahzad Castle, Dana",castle,Iran
http://www.wikidata.org/entity/Q17390068,Castle of Monforte (Figueira de Castelo Rodrigo),castle | cultural heritage,Portugal
http://www.wikidata.org/entity/Q38598420,Cottrell House,castle,United Kingdom
http://www.wikidata.org/entity/Q1904744,Château de Cypierre,castle,France
http://www.wikidata.org/entity/Q1013079,Burg Marsbach,castle,Austria
http://www.wikidata.org/entity/Q16538144,Castello di Salvaterra,castle,Italy
http://www.wikidata.org/entity/Q60964405,castle of Durbuy,castle,Belgium
http://www.wikidata.org/entity/Q111029313,Surdespine,castle | ruins,France
http://www.wikidata.org/entity/Q5924043,Tut Castle,castle,Iran
http://www.wikidata.org/entity/Q78660621,Château de Beauvais,castle,France
http://www.wikidata.org/entity/Q5118794,Château de Larnagol,castle,France
http://www.wikidata.org/entity/Q630563,Castello della Manta,religious museum | castle | palazzo museum | military museum building | private museum,Italy
http://www.wikidata.org/entity/Q29322186,Gammelgarn Castle,castle,Sweden
http://www.wikidata.org/entity/Q2970608,Château de Saligny,castle,France
http://www.wikidata.org/entity/Q39011329,Cae Dan y Domen,castle,United Kingdom
http://www.wikidata.org/entity/Q97623860,Atalaya de Lara,monument | castle,Spain
http://www.wikidata.org/entity/Q56450488,Castle of Messaria,castle,Greece
http://www.wikidata.org/entity/Q2503255,Castle of Arcos de la Frontera,monument | castle,Spain
http://www.wikidata.org/entity/Q113399463,Castello di Alberico da Romano,castle,Italy
http://www.wikidata.org/entity/Q18785408,Castello di Rovescala,castle,Italy
http://www.wikidata.org/entity/Q104186301,Château de Vidy,castle | château,Switzerland
http://www.wikidata.org/entity/Q5118844,Château de Saint-Sulpice,castle,France
http://www.wikidata.org/entity/Q1014720,Burg Obergrombach,castle,Germany
http://www.wikidata.org/entity/Q891953,Bomhof,castle,Germany
http://www.wikidata.org/entity/Q46242,Hofburg Palace,museum | castle | château | cultural property | palace | tourist destination | official residence,Austria
http://www.wikidata.org/entity/Q1012679,Little France,castle,Germany
http://www.wikidata.org/entity/Q16913627,Castle Ortenstein,castle,Italy
http://www.wikidata.org/entity/Q37831507,"Altburg Pux, Frojach",castle,Austria
http://www.wikidata.org/entity/Q20873730,Mish Castle,castle,Belarus
http://www.wikidata.org/entity/Q38614016,Castle Placename,castle,United Kingdom
http://www.wikidata.org/entity/Q15108304,Burg Upleward,castle,Germany
http://www.wikidata.org/entity/Q1012769,Burg,castle | archaeological site,Germany
http://www.wikidata.org/entity/Q84566373,Rocca Priora Fortress,castle,Italy
http://www.wikidata.org/entity/Q78660950,Château de Maner Ar Chastel,castle,France
http://www.wikidata.org/entity/Q17486307,Hmeljnik Castle,castle,Slovenia
http://www.wikidata.org/entity/Q24661612,Dinmore Preceptory,castle,United Kingdom
http://www.wikidata.org/entity/Q14545293,Burgstall Rappershausen,castle | archaeological site,Germany
http://www.wikidata.org/entity/Q113459368,Castello di Pozzarello,castle,Italy
http://www.wikidata.org/entity/Q39011949,Wrinstone Castle,castle,United Kingdom
http://www.wikidata.org/entity/Q15242302,Leybourne Castle,castle,United Kingdom
http://www.wikidata.org/entity/Q97214249,Bard Zanjir Castle,castle,Iran
http://www.wikidata.org/entity/Q2969692,Château de Lavoûte-Polignac,castle,France
http://www.wikidata.org/entity/Q113452118,Castel Vernieri,castle,Italy
http://www.wikidata.org/entity/Q18149819,Carnegie Castle,castle,United Kingdom
http://www.wikidata.org/entity/Q17776653,Fortar Castle,castle,United Kingdom
http://www.wikidata.org/entity/Q24661437,Gaer Noddfa,castle | enclosure,United Kingdom
http://www.wikidata.org/entity/Q113378639,Castelletto,castle,Italy
http://www.wikidata.org/entity/Q65037274,Turin Castle,castle,Ireland
http://www.wikidata.org/entity/Q55131859,Castello Mizza,castle,Italy
http://www.wikidata.org/entity/Q112141954,Cividate al Piano Castle,castle,Italy
http://www.wikidata.org/entity/Q5118857,Château de Vaulogé,castle,France
http://www.wikidata.org/entity/Q14538208,Oldenburger Wall,castle,Germany
http://www.wikidata.org/entity/Q15108430,Burgstall Rauenlechsberg,castle | archaeological site,Germany
http://www.wikidata.org/entity/Q7126863,Palau Sacosta Castle,castle,Spain
http://www.wikidata.org/entity/Q1012491,Horburg Castle,castle,Germany
http://www.wikidata.org/entity/Q1012941,Burg Lichtenstein,castle,Germany
http://www.wikidata.org/entity/Q7085566,Olderfleet Castle,castle,United Kingdom
http://www.wikidata.org/entity/Q64765002,Altes Schloss,castle,Austria
http://www.wikidata.org/entity/Q2664293,Burg Bolsternang,castle,Germany
http://www.wikidata.org/entity/Q15116479,Kemenate Ziegenrück,castle,Germany
http://www.wikidata.org/entity/Q1015682,Burgstall Appertshausen,castle | archaeological site,Germany
http://www.wikidata.org/entity/Q2969768,Château de Madirac,castle,France
http://www.wikidata.org/entity/Q43133340,Castillo de Serón,monument | castle,Spain
http://www.wikidata.org/entity/Q15115380,Luegsteinhöhle,castle | archaeological site,Germany
http://www.wikidata.org/entity/Q112944145,Ravistagno Casttle,castle,Italy
http://www.wikidata.org/entity/Q113579295,Castello di Palmas,castle,Italy
http://www.wikidata.org/entity/Q106080238,Ruderi del castello di Rebecco,castle,Italy
http://www.wikidata.org/entity/Q22693794,Lichtenberg Castle,destroyed building or structure | castle,Germany
http://www.wikidata.org/entity/Q1975445,Nellenburg,castle,Germany
http://www.wikidata.org/entity/Q78661178,Château de Saint Romain,castle,France
http://www.wikidata.org/entity/Q111481932,Castillo de Fontllonga,castle,Spain
http://www.wikidata.org/entity/Q931757,Klaipėda Castle,star fort | castle,Lithuania
http://www.wikidata.org/entity/Q97629191,Castillo,monument | castle,Spain
http://www.wikidata.org/entity/Q1012998,Lipnice nad Sázavou,castle | castle ruin,Czech Republic
http://www.wikidata.org/entity/Q86679739,Château de Rosières,castle,France
http://www.wikidata.org/entity/Q2576745,Waardenburg Castle,architectural ensemble | castle,Netherlands
http://www.wikidata.org/entity/Q43139999,Castillo del Cerro de la Encarnación,monument | castle,Spain
http://www.wikidata.org/entity/Q1012898,Burg Leipferdingen,castle,Germany
http://www.wikidata.org/entity/Q125814,Château de Germolles,castle,France
http://www.wikidata.org/entity/Q8074984,Zuckenriet Castle,castle,Switzerland
http://www.wikidata.org/entity/Q113557363,Castello Bastione,castle,Italy
http://www.wikidata.org/entity/Q17595930,Castell de Besalú,castle,Spain
http://www.wikidata.org/entity/Q2968321,Château d'Orrouy,castle,France
http://www.wikidata.org/entity/Q106075016,Avanzi della Rocca d'Elmici,castle,Italy
http://www.wikidata.org/entity/Q39009808,"Y Gaer, Manor Pound, Maenclochog",castle,United Kingdom
http://www.wikidata.org/entity/Q2175273,Frohberg Castle,castle | castle ruin,Switzerland
http://www.wikidata.org/entity/Q17514702,Ballinafad Castle,castle,Ireland
http://www.wikidata.org/entity/Q19362831,Schlösschen Gundeldingen,castle | building,Switzerland
http://www.wikidata.org/entity/Q99932839,Burg Untermaßfeld,castle,Germany
http://www.wikidata.org/entity/Q112322962,Castello di Collepepe,castle,Italy
http://www.wikidata.org/entity/Q875404,Salzburg Residenz,museum | castle | palace,Austria
http://www.wikidata.org/entity/Q21861473,Schloß Hantberg,castle,Austria
http://www.wikidata.org/entity/Q1015889,Burgstall Rosna,castle,Germany
http://www.wikidata.org/entity/Q4185841,Leamaneh Castle,castle | castle ruin,Ireland
http://www.wikidata.org/entity/Q30898221,Castelluccio,castle,Italy
http://www.wikidata.org/entity/Q1010895,Burg Baldeck,castle,Germany
http://www.wikidata.org/entity/Q78661197,Château de Seillans,castle,France
http://www.wikidata.org/entity/Q1013641,Burg Reineberg,castle,Germany
http://www.wikidata.org/entity/Q15856978,Burg Gügel,castle,Germany
http://www.wikidata.org/entity/Q55180760,Castello di Podenzana,castle,Italy
http://www.wikidata.org/entity/Q3662772,Castello di Oramala,castle,Italy
http://www.wikidata.org/entity/Q3374673,Drumtochty Castle,castle,United Kingdom
http://www.wikidata.org/entity/Q20589974,Trefhedyn Castle,motte-and-bailey castle | castle | motte,United Kingdom
http://www.wikidata.org/entity/Q43163481,Castillo de la Hiedra,monument | castle,Spain
http://www.wikidata.org/entity/Q881658,Schloss Oberhausen,castle,Germany
http://www.wikidata.org/entity/Q22932528,Prieuré-château de Saint-Arcons-d'Allier,castle | château | priory,France
http://www.wikidata.org/entity/Q1012075,Burg Großstadelhofen,castle,Germany
http://www.wikidata.org/entity/Q55726700,Peña Bermeja Castle,castle,Spain
http://www.wikidata.org/entity/Q67772483,Château Burrus,castle,France
http://www.wikidata.org/entity/Q1012046,Burg Grifte,castle,Germany
http://www.wikidata.org/entity/Q17645720,Ampthill Castle: a medieval magnate's residence,castle,United Kingdom
http://www.wikidata.org/entity/Q151507,Falkenburg,castle,Germany
http://www.wikidata.org/entity/Q6406547,Kilberry Castle,castle,United Kingdom
http://www.wikidata.org/entity/Q55134497,Castle,castle,Italy
http://www.wikidata.org/entity/Q2970409,Château de Rochemorin,castle | château,France
http://www.wikidata.org/entity/Q24659824,Trostrey Castle,castle,United Kingdom
http://www.wikidata.org/entity/Q1011918,Burg Geiersberg,chapel | castle,Austria
http://www.wikidata.org/entity/Q3662082,Castel Borello,castle,Italy
http://www.wikidata.org/entity/Q41393768,Burgruine,castle,Germany
http://www.wikidata.org/entity/Q24659419,Castell Dyffryn Mawr,castle | motte,United Kingdom
http://www.wikidata.org/entity/Q43125780,Castell de Tírvia,castle,Spain
http://www.wikidata.org/entity/Q15943992,Château de Boult,castle,France
http://www.wikidata.org/entity/Q17809180,Strathenry Castle,castle,United Kingdom
http://www.wikidata.org/entity/Q13132075,Tyddyn Mount,motte-and-bailey castle | castle | motte,United Kingdom
http://www.wikidata.org/entity/Q5951178,Panj Berar Murmuri Castle,castle,Iran
http://www.wikidata.org/entity/Q1013235,Burg Neu-Morungen,castle,Germany
http://www.wikidata.org/entity/Q43126935,Castell de Montagut,castle,Spain
http://www.wikidata.org/entity/Q2233114,Schelmenburg,castle | château,Germany
http://www.wikidata.org/entity/Q108612405,Castle of Profitis Elias of Arnea,castle,Greece
http://www.wikidata.org/entity/Q12628847,Cesargrad,castle,Croatia
http://www.wikidata.org/entity/Q13101830,Ouren Castle,castle | ruins | archaeological site,Belgium
http://www.wikidata.org/entity/Q113375462,Castello di Corveglia,castle,Italy
http://www.wikidata.org/entity/Q98273068,Cultural heritage D-3-6538-0077 in Fensterbach,castle | château | feature | Bodendenkmal,Germany
http://www.wikidata.org/entity/Q69029483,Manoir de Keranmoal,castle,France
http://www.wikidata.org/entity/Q3662910,Castello di Staggia Senese,castle,Italy
http://www.wikidata.org/entity/Q113136744,Castello Borromeo,castle,Italy
http://www.wikidata.org/entity/Q113579,Burgring,castle | archaeological site,Germany
http://www.wikidata.org/entity/Q3662667,Castle of Madrignano,castle,Italy
http://www.wikidata.org/entity/Q7057235,North West Castle,castle,United Kingdom
http://www.wikidata.org/entity/Q1014460,Burg Waldenstein,castle,Germany
http://www.wikidata.org/entity/Q113432767,Castello dei Pilio,castle,Italy
http://www.wikidata.org/entity/Q15943957,Château de Buthiers,castle | château,France
http://www.wikidata.org/entity/Q24659572,Castles Bay Camp,castle,United Kingdom
http://www.wikidata.org/entity/Q54773269,Crepacore Castle,castle,Italy
http://www.wikidata.org/entity/Q26806209,Castell de Malgrat,castle,Spain
http://www.wikidata.org/entity/Q98485765,Burg,castle,Germany
http://www.wikidata.org/entity/Q2971071,Château de Wœrth,castle,France
http://www.wikidata.org/entity/Q17641010,Pembridge Castle (uninhabited parts),castle,United Kingdom
http://www.wikidata.org/entity/Q97618911,Sitio Arqueológico de Arcos de la Frontera,castle | archaeological site,Spain
http://www.wikidata.org/entity/Q1011952,Burg Geyen,castle,Germany
http://www.wikidata.org/entity/Q55235022,Château de l'Île (Ostwald),hotel | castle,France
http://www.wikidata.org/entity/Q4440428,Starokostiantyniv Castle,castle,Ukraine
http://www.wikidata.org/entity/Q1013191,Château de Montségur,castle,France
http://www.wikidata.org/entity/Q113383572,Castello of Invillino,castle,Italy
http://www.wikidata.org/entity/Q112323169,Castello di Poreta,castle,Italy
http://www.wikidata.org/entity/Q24661634,Great Hunthouse Mound,castle,United Kingdom
http://www.wikidata.org/entity/Q97633915,Castillo Cauche,castle,Spain
http://www.wikidata.org/entity/Q2971497,Château des Hayes Gasselin,castle,France
http://www.wikidata.org/entity/Q17595825,Castell d'Argelaguer,castle,Spain
http://www.wikidata.org/entity/Q29475994,Vallabacken,castle,Sweden
http://www.wikidata.org/entity/Q2971633,Château du Boy,castle,France
http://www.wikidata.org/entity/Q21997574,Kinord Castle,castle,United Kingdom
http://www.wikidata.org/entity/Q41336255,Zehntstadel,castle,Germany
http://www.wikidata.org/entity/Q83719212,Château fort de l'Aulnière,castle,France
http://www.wikidata.org/entity/Q1011618,Burg Endingen,castle,Germany
http://www.wikidata.org/entity/Q15108390,Burgstall Hochberg,castle | archaeological site,Germany
http://www.wikidata.org/entity/Q97198723,Ruine Rothenfluh,castle,Switzerland
http://www.wikidata.org/entity/Q67772393,Château de St SIXT,castle,France
http://www.wikidata.org/entity/Q38251110,Château de Drée,castle,France
http://www.wikidata.org/entity/Q1011942,Burg Gerkendahl,castle,Germany
http://www.wikidata.org/entity/Q2971088,Château de l'Augère,castle,France
http://www.wikidata.org/entity/Q125018164,Huis te Langerak,castle,Netherlands
http://www.wikidata.org/entity/Q2970550,Château de Saint-Martin-de-Seignanx,castle,France
http://www.wikidata.org/entity/Q15108400,Burgstall Kirchberg,castle | archaeological site,Germany
http://www.wikidata.org/entity/Q108764776,Weckersbourg,castle,France
http://www.wikidata.org/entity/Q12033688,Litoměřice Castle,castle,Czech Republic
http://www.wikidata.org/entity/Q28473377,Château de Cassis,castle,France
http://www.wikidata.org/entity/Q1013112,Burg Merenberg,castle,Germany
http://www.wikidata.org/entity/Q115742077,Castello di Lisciano,castle,Italy
http://www.wikidata.org/entity/Q2968076,Château d'Anglefort,castle,France
http://www.wikidata.org/entity/Q31466354,Watchman house at Bubeneč Tunnel,castle,Czech Republic
http://www.wikidata.org/entity/Q113577919,Castello di Olevà,castle,Italy
http://www.wikidata.org/entity/Q5050404,Castle of Peñaranda de Duero,castle,Spain
http://www.wikidata.org/entity/Q478335,Rakvere Castle,castle,Estonia
http://www.wikidata.org/entity/Q50396642,Castello di Zibello,castle,Italy
http://www.wikidata.org/entity/Q112970804,Castellaccio,castle,Italy
http://www.wikidata.org/entity/Q3662532,Carbonana Castle,castle,Italy
http://www.wikidata.org/entity/Q113376856,Castello di Brusamonaca,castle,Italy
http://www.wikidata.org/entity/Q46262234,Castello di Morrea,castle,Italy
http://www.wikidata.org/entity/Q2970389,Château de Rochebrune,castle,France
http://www.wikidata.org/entity/Q1644404,Wasserburg Mietingen,castle,Germany
http://www.wikidata.org/entity/Q39011001,"Gwar y Castell and Cae Castell Placenames, Llangurig",castle,United Kingdom
http://www.wikidata.org/entity/Q1266302,Duntulm Castle,castle,United Kingdom
http://www.wikidata.org/entity/Q39006558,"Cae Castell Ucha, Issa and Pella",castle,United Kingdom
http://www.wikidata.org/entity/Q112967588,Burg Dischingen,castle | ruins,Germany
http://www.wikidata.org/entity/Q3662425,Castello del Piagnaro,castle,Italy
http://www.wikidata.org/entity/Q1013000,Lissberg Castle,castle,Germany
http://www.wikidata.org/entity/Q24661448,Barnwell earthwork,castle,United Kingdom
http://www.wikidata.org/entity/Q15856985,Burgstall am Lohberg,castle | archaeological site,Germany
http://www.wikidata.org/entity/Q1014406,Burg Vlatten,castle,Germany
http://www.wikidata.org/entity/Q112169823,Castello della Battaglia,architectural ensemble | castle,Italy
http://www.wikidata.org/entity/Q60978763,Castelliere,castle | archaeological site,Switzerland
http://www.wikidata.org/entity/Q5050393,Castle of Kars,castle,Turkey
http://www.wikidata.org/entity/Q88294521,Baselica Castle,castle,Italy
http://www.wikidata.org/entity/Q15108297,Burg Thamsbrück,castle,Germany
http://www.wikidata.org/entity/Q1624805,Hollerburg,castle,Germany
http://www.wikidata.org/entity/Q17325524,Old Dalquharran Castle,castle,United Kingdom
http://www.wikidata.org/entity/Q2971958,Châtel-Argent,castle,Italy
http://www.wikidata.org/entity/Q1977923,Neratzia,castle | château,Greece
http://www.wikidata.org/entity/Q108701284,Château du Bas-Andlau,castle,France
http://www.wikidata.org/entity/Q2659535,Old Hrodna Castle,castle,Belarus
http://www.wikidata.org/entity/Q20584881,Mwnt Bryn Castell,motte-and-bailey castle | castle | motte,United Kingdom
http://www.wikidata.org/entity/Q1014241,Thurant Castle,museum | castle,Germany
http://www.wikidata.org/entity/Q28001121,castle of Saragano,castle,Italy
http://www.wikidata.org/entity/Q21789763,Castell de Grevalosa,castle,Spain
http://www.wikidata.org/entity/Q98221051,Cultural heritage D-4-5832-0052 in Lichtenfels (Oberfranken),castle | feature | Bodendenkmal,Germany
http://www.wikidata.org/entity/Q2749729,Château de Blain,castle,France
http://www.wikidata.org/entity/Q1011261,Burg Bärenberg,castle,Germany
http://www.wikidata.org/entity/Q73484120,Castello Aragonese,castle,Italy
http://www.wikidata.org/entity/Q24659270,Castell Foel Allt,castle,United Kingdom
http://www.wikidata.org/entity/Q20593726,Castell Llanddingad,castle | motte | archaeological site,United Kingdom
http://www.wikidata.org/entity/Q18396725,Stara Loka Castle,castle,Slovenia
http://www.wikidata.org/entity/Q5685859,Castell de Torelló,castle,Spain
http://www.wikidata.org/entity/Q10671617,Slottet Movrove,castle,Albania
http://www.wikidata.org/entity/Q6934015,Mulindry House,castle,United Kingdom
http://www.wikidata.org/entity/Q2841985,Castillo de la Torre de Martos,castle,Spain
http://www.wikidata.org/entity/Q15265885,Penllyn Castle,castle,United Kingdom
http://www.wikidata.org/entity/Q1011160,Breidenbach Castle,castle,Germany
http://www.wikidata.org/entity/Q6415799,Kirkoswald Castle,castle,United Kingdom
http://www.wikidata.org/entity/Q24940683,Castle,castle,Italy
http://www.wikidata.org/entity/Q69560580,Castello di Galeazza,castle,Italy
http://www.wikidata.org/entity/Q455214,Blankenburg Castle with castle barn,castle | barn | architectural structure | architectural ensemble,Switzerland
http://www.wikidata.org/entity/Q1309077,Einsiedelei Ringethal,castle,Germany
http://www.wikidata.org/entity/Q2043483,Castle of Evoramonte,castle | cultural heritage,Portugal
http://www.wikidata.org/entity/Q1011966,Burg Glauburg,castle,Germany
http://www.wikidata.org/entity/Q1049114,Castillo de Alarcón,monument | castle,Spain
http://www.wikidata.org/entity/Q8342658,Castell del Camp de la Bota,castle,Spain
http://www.wikidata.org/entity/Q13104967,La Fontaine Castle,destroyed building or structure | castle,Luxembourg
http://www.wikidata.org/entity/Q4998717,Burgruine Sternberg,castle | ruins,Austria
http://www.wikidata.org/entity/Q5049768,Castle of Castelo de Vide,castle | cultural heritage,Portugal
http://www.wikidata.org/entity/Q110205838,Castello di San Gaudenzio,castle,Italy
http://www.wikidata.org/entity/Q38622405,Bwlch y Castell,castle,United Kingdom
http://www.wikidata.org/entity/Q4661682,Aarberg Castle,building of public administration | castle,Switzerland
http://www.wikidata.org/entity/Q98362973,Cultural heritage D-2-7037-0194 in Kelheim,castle | feature | Bodendenkmal,Germany
http://www.wikidata.org/entity/Q206231,Citadel of Aleppo,castle | tell,Syria
http://www.wikidata.org/entity/Q7452263,Septfontaines Castle,castle,Luxembourg
http://www.wikidata.org/entity/Q2971406,Château de la Sône,castle,France
http://www.wikidata.org/entity/Q113381155,Castelnuovo,castle,Italy
http://www.wikidata.org/entity/Q34360603,Castle of St. George,castle,Spain
http://www.wikidata.org/entity/Q9386698,Opoczno Castle,castle,Poland
http://www.wikidata.org/entity/Q1015903,Burgstall Schenkenzell,castle,Germany
http://www.wikidata.org/entity/Q4980841,Bryn Bras Castle,castle,United Kingdom
http://www.wikidata.org/entity/Q2969643,Langley Castle,castle,United Kingdom
http://www.wikidata.org/entity/Q113452112,Castello di Rocca Cilento,castle,Italy
http://www.wikidata.org/entity/Q5952755,Ismail Khan Castle,castle,Iran
http://www.wikidata.org/entity/Q1627415,Hoohseoburg,castle,Germany
http://www.wikidata.org/entity/Q10380989,Zbraslav Castle,castle,Czech Republic
http://www.wikidata.org/entity/Q126625565,Fort Carré,castle,
http://www.wikidata.org/entity/Q6795479,Maxey Castle,castle,United Kingdom
http://www.wikidata.org/entity/Q56357101,Taaffe’s Castle,castle,Ireland
http://www.wikidata.org/entity/Q113292458,Castello delle Mogne,castle,Italy
http://www.wikidata.org/entity/Q113584432,Castello Orsini di Foglia,castle,Italy
http://www.wikidata.org/entity/Q1010853,Schloss Aschhausen,castle,Germany
http://www.wikidata.org/entity/Q5900299,Qizlar Qaleh Si Castle,castle,Iran
http://www.wikidata.org/entity/Q1012410,Burg Hohenfels (Oberpfalz),castle | castle ruin | archaeological site,Germany
http://www.wikidata.org/entity/Q2969070,Castle of Coustaussa,castle,France
http://www.wikidata.org/entity/Q22812344,Damalas Castle,castle,Greece
http://www.wikidata.org/entity/Q1010765,Burg Altkrenkingen,castle,Germany
http://www.wikidata.org/entity/Q5583571,Goodrich Castle,castle,United Kingdom
http://www.wikidata.org/entity/Q111521608,Castello di Castronovo,castle,Italy
http://www.wikidata.org/entity/Q5121864,Cirencester Castle,castle,United Kingdom
http://www.wikidata.org/entity/Q8342520,Castell de Rubió,castle,Spain
http://www.wikidata.org/entity/Q24661783,Skelton Castle,castle,United Kingdom
http://www.wikidata.org/entity/Q24660899,Bickenhill Castle Hills Farm,castle,United Kingdom
http://www.wikidata.org/entity/Q2368960,Carrickfergus Castle,castle,United Kingdom
http://www.wikidata.org/entity/Q24933848,Castle of Berceto,castle,Italy
http://www.wikidata.org/entity/Q12233049,Qasr Shabeeb,castle,Jordan
http://www.wikidata.org/entity/Q30108716,Svinehave hill fort,castle,Denmark
http://www.wikidata.org/entity/Q20601325,Twmpan Motte,castle | motte | archaeological site,United Kingdom
http://www.wikidata.org/entity/Q12047776,Castle in Písek,castle,Czech Republic
http://www.wikidata.org/entity/Q5926849,"Kohneh Castle, Guren",castle,Iran
http://www.wikidata.org/entity/Q24660389,Rug Park Motte,castle | archaeological site,United Kingdom
http://www.wikidata.org/entity/Q5757538,Castillo de Restábal,castle,Spain
http://www.wikidata.org/entity/Q439584,old castle Bümpliz,castle | architectural structure | restaurant,Switzerland
http://www.wikidata.org/entity/Q64848364,Castle of Camañas,castle,Spain
http://www.wikidata.org/entity/Q1013772,Burg Rußegg,castle,Germany
http://www.wikidata.org/entity/Q17546696,Tarset Castle,castle | ruins,United Kingdom
http://www.wikidata.org/entity/Q5522000,Garbally Castle,castle,Ireland
http://www.wikidata.org/entity/Q20599200,Castell y Domen,castle | motte,United Kingdom
http://www.wikidata.org/entity/Q3662853,Castello di Saint-Marcel,castle,Italy
http://www.wikidata.org/entity/Q67772051,Château du Crest-Cherel,castle,France
http://www.wikidata.org/entity/Q4903673,Bickleigh Castle,castle | English country house,United Kingdom
http://www.wikidata.org/entity/Q628389,Château de Durban,castle,France
http://www.wikidata.org/entity/Q113383446,Castle of Artegna,castle,Italy
http://www.wikidata.org/entity/Q17550490,Sibdon Castle,castle,United Kingdom
http://www.wikidata.org/entity/Q647668,Château Lagrézette,castle,France
http://www.wikidata.org/entity/Q9386621,Zamek w Czudcu,castle,Poland
http://www.wikidata.org/entity/Q2970662,Château de Selles,castle,France
http://www.wikidata.org/entity/Q6357025,Kames Castle,castle | cottage,United Kingdom
http://www.wikidata.org/entity/Q8342602,Castell de Verdera,castle,Spain
http://www.wikidata.org/entity/Q1011511,Düben Castle,castle | cultural heritage ensemble,Germany
http://www.wikidata.org/entity/Q113452653,Castello di Montepeloso,castle,Italy
http://www.wikidata.org/entity/Q34599343,Rocca di Monte Battaglia,castle | rocca,Italy
http://www.wikidata.org/entity/Q1048868,Castle of Santo Niceto,castle,Italy
http://www.wikidata.org/entity/Q2129936,Château de la Lande,castle,France
http://www.wikidata.org/entity/Q2304441,Château de la Grève,castle,France
http://www.wikidata.org/entity/Q1968348,Castillo de Elda,monument | castle,Spain
http://www.wikidata.org/entity/Q16538060,Cerlongo Castle,castle,Italy
http://www.wikidata.org/entity/Q8342218,Castell de Castellar,castle,Spain
http://www.wikidata.org/entity/Q37960485,Hügelgräber Rabensburg,castle,Austria
http://www.wikidata.org/entity/Q12055279,Sokolohrady,castle | castle ruin,Czech Republic
http://www.wikidata.org/entity/Q24661268,Yarm Castle,castle,United Kingdom
http://www.wikidata.org/entity/Q98297476,Cultural heritage D-7-8030-0117 in Waal (Schwaben),castle | château | feature | Bodendenkmal,Germany
http://www.wikidata.org/entity/Q67772566,Château de Fréland,castle,France
http://www.wikidata.org/entity/Q1013861,Burg Schaumberg,castle,Germany
http://www.wikidata.org/entity/Q1011384,Château de Couzan,castle,France
http://www.wikidata.org/entity/Q113324596,Castello di Gombola,castle,Italy
http://www.wikidata.org/entity/Q117822346,Lykouria Castle,castle,Greece
http://www.wikidata.org/entity/Q27955020,Labova e Kryqit Castle,castle | historic site,Albania
http://www.wikidata.org/entity/Q15108260,Niemcza Castle,castle,Poland
http://www.wikidata.org/entity/Q3662342,Castello Normanno,castle,Italy
http://www.wikidata.org/entity/Q17595992,Castell de Boí,castle,Spain
http://www.wikidata.org/entity/Q1590266,Haus Kilver,castle,Germany
http://www.wikidata.org/entity/Q112323125,Castel Rinaldi,castle,Italy
http://www.wikidata.org/entity/Q3662959,Castle (Villa Castelli),castle,Italy
http://www.wikidata.org/entity/Q60346295,Branek Castle,castle,Slovenia
http://www.wikidata.org/entity/Q316382,Heidecksburg,royal palace | castle,Germany
http://www.wikidata.org/entity/Q98273448,Cultural heritage D-3-6834-0226 in Freystadt,castle | château | feature | Bodendenkmal,Germany
http://www.wikidata.org/entity/Q9344377,Old Castle in Żywiec,castle,Poland
http://www.wikidata.org/entity/Q11913088,Château de Rodès,castle,France
http://www.wikidata.org/entity/Q107392812,Polwarth Castle,castle,United Kingdom
http://www.wikidata.org/entity/Q68493563,Brembio Castle,castle,Italy
http://www.wikidata.org/entity/Q7829855,Towie Barclay Castle,castle,United Kingdom
http://www.wikidata.org/entity/Q1015892,Burgstall Romatsried,castle | archaeological site,Germany
http://www.wikidata.org/entity/Q54870702,Castle of San Gregorio,castle,Italy
http://www.wikidata.org/entity/Q1014549,Burg Werle,castle,Germany
http://www.wikidata.org/entity/Q83719351,Château fort de Malaucène,castle,France
http://www.wikidata.org/entity/Q5118858,Château de Vernègues,castle,France
http://www.wikidata.org/entity/Q7236968,Poya Castle,architectural structure | castle,Switzerland
http://www.wikidata.org/entity/Q67772247,Burgstelle Spilberg,castle,Switzerland
http://www.wikidata.org/entity/Q152863,Burg Coraidelstein,castle,Germany
http://www.wikidata.org/entity/Q83719122,Château fort de Dieuzie,castle,France
http://www.wikidata.org/entity/Q79865134,Castello di Vinzaglio,castle,Italy
http://www.wikidata.org/entity/Q108612714,Castle of Tziristra,castle,Greece
http://www.wikidata.org/entity/Q38280817,Penteskoufi Castle,castle | castle ruin,Greece
http://www.wikidata.org/entity/Q20963716,Siderokastron,castle | human settlement,Greece
http://www.wikidata.org/entity/Q1014247,Burg Tiefenbach,castle,Germany
http://www.wikidata.org/entity/Q2969060,Château de Courtalain,castle,France
http://www.wikidata.org/entity/Q5757213,Castle of Castielfabib,castle,Spain
http://www.wikidata.org/entity/Q5929876,Hulagu Khan Castle,castle,Iran
http://www.wikidata.org/entity/Q1670481,Alsterweiler Schlössel,castle,Germany
http://www.wikidata.org/entity/Q17570740,Mounie Castle,castle,United Kingdom
http://www.wikidata.org/entity/Q24661423,Trwst Llewelyn,castle,United Kingdom
http://www.wikidata.org/entity/Q5267588,Devizes Castle,castle,United Kingdom
http://www.wikidata.org/entity/Q9386555,Oława Castle,castle,Poland
http://www.wikidata.org/entity/Q24659378,Castell Gwynionydd,ringwork castle | castle | partial contour fort,United Kingdom
http://www.wikidata.org/entity/Q7845614,Tropea Castle,destroyed building or structure | castle,Italy
http://www.wikidata.org/entity/Q105892492,Il Palazzaccio,castle,Italy
http://www.wikidata.org/entity/Q3662949,Castello di Vettignè,castle,Italy
http://www.wikidata.org/entity/Q2971166,Château de la Brangelie,castle | château,France
http://www.wikidata.org/entity/Q27925333,Pandurica,castle,Montenegro
http://www.wikidata.org/entity/Q8342653,Castell d'Òdena,castle,Spain
http://www.wikidata.org/entity/Q17843241,Moncur Castle,fortified house | castle,United Kingdom
http://www.wikidata.org/entity/Q113459590,Castello di Montegonzi,castle,Italy
http://www.wikidata.org/entity/Q113452106,Castello dell'abate,castle,Italy
http://www.wikidata.org/entity/Q98167650,Cultural heritage D-6-5823-0022 in Burgsinn,castle | feature | Bodendenkmal,Germany
http://www.wikidata.org/entity/Q24660400,Oakley Arms,castle,United Kingdom
http://www.wikidata.org/entity/Q17836914,Duchray Castle,castle,United Kingdom
http://www.wikidata.org/entity/Q16538169,Castle Schlandersberg,castle,Italy
http://www.wikidata.org/entity/Q3817085,Castle of Eslida,monument | castle,Spain
http://www.wikidata.org/entity/Q5757773,Castell del Castellar,castle,Spain
http://www.wikidata.org/entity/Q2461512,Château de Chasselas,castle | winery,France
http://www.wikidata.org/entity/Q113163619,Castle of Orco,castle,Italy
http://www.wikidata.org/entity/Q25406384,Castle Ostapkowcach,castle,Ukraine
http://www.wikidata.org/entity/Q1012421,Château de Hohenfels,castle,France
http://www.wikidata.org/entity/Q21726056,Burg Lauterbach,castle,Germany
http://www.wikidata.org/entity/Q681783,Schloss Straßburg,castle | château,Austria
http://www.wikidata.org/entity/Q16537898,Castel Liteggio,castle,Italy
http://www.wikidata.org/entity/Q113334461,Castello Il Più Bello,castle,Italy
http://www.wikidata.org/entity/Q5683093,Owltan Castle,castle,Iran
http://www.wikidata.org/entity/Q26085710,Castello di Scaldasole,castle,Italy
http://www.wikidata.org/entity/Q60587535,Burg Neuhaus,castle,Germany
http://www.wikidata.org/entity/Q5757528,Castillo de Proaza,castle,Spain
http://www.wikidata.org/entity/Q24660884,Little Kimble Motte,castle,United Kingdom
http://www.wikidata.org/entity/Q9705447,Castelo de Messejana,castle | cultural heritage,Portugal
http://www.wikidata.org/entity/Q24074734,Castell i vila de Bellver de Cerdanya,castle,Spain
http://www.wikidata.org/entity/Q6403647,Avarsin Castle,castle,Iran
http://www.wikidata.org/entity/Q1808763,Lauvenburg (Kaarst),architectural ensemble | castle,Germany
http://www.wikidata.org/entity/Q18332787,Sotes Castle,castle | ruins,Sweden
http://www.wikidata.org/entity/Q1012974,Lindelskopf,castle,Germany
http://www.wikidata.org/entity/Q24696545,Castle of Guiliano,castle,Italy
http://www.wikidata.org/entity/Q2969398,Château de Hierges,castle,France
http://www.wikidata.org/entity/Q1012328,Burg Herzogenstein,castle | cultural heritage monument in Germany,Germany
http://www.wikidata.org/entity/Q1016003,Burgstelle Herrenhof,castle,Germany
http://www.wikidata.org/entity/Q28477543,Castell de Claravalls,castle,Spain
http://www.wikidata.org/entity/Q97654204,Las Aguzaderas,castle | human settlement | abandoned village | archaeological site,Spain
http://www.wikidata.org/entity/Q73415800,castell dels Moros,castle,Spain
http://www.wikidata.org/entity/Q17596395,Château de Molitg-les-Bains,castle,France
http://www.wikidata.org/entity/Q2971652,Château du Chambon,castle,France
http://www.wikidata.org/entity/Q112323138,Castello di Biselli,castle,Italy
http://www.wikidata.org/entity/Q35279012,Castle of Fuentes de jiloca,castle,Spain
http://www.wikidata.org/entity/Q1048852,Donnafugata Castle,castle | Castello,Italy
http://www.wikidata.org/entity/Q2969354,Castle Granyena,castle,Spain
http://www.wikidata.org/entity/Q9386779,7 Zamkowy Square in Wschowa,castle | residential building,Poland
http://www.wikidata.org/entity/Q43162859,Castillo de Volteruela,monument | castle,Spain
http://www.wikidata.org/entity/Q1013264,Burg Neuenberg,castle,Germany
http://www.wikidata.org/entity/Q28840618,Tepelenë Fortress,castle,Albania
http://www.wikidata.org/entity/Q98371526,Cultural heritage D-2-7042-0029 in Schwarzach (Niederbayern),castle | Burgstall | Bodendenkmal | chapel | feature,Germany
http://www.wikidata.org/entity/Q108612534,Kteni Castle,castle | fortress | archaeological site,Greece
http://www.wikidata.org/entity/Q24661598,Burton Pedwardine,castle,United Kingdom
http://www.wikidata.org/entity/Q1220322,Diedrichsburg,castle,Germany
http://www.wikidata.org/entity/Q505858,Chester Castle,castle,United Kingdom
http://www.wikidata.org/entity/Q2369369,Castello di Brazzà,castle,Italy
http://www.wikidata.org/entity/Q1013314,Burg Nieder-Waroldern,castle,Germany
http://www.wikidata.org/entity/Q1013761,Burg Runder Berg,castle,Germany
http://www.wikidata.org/entity/Q1010727,Burg Alt-Sternberg,castle,Germany
http://www.wikidata.org/entity/Q41366008,Reste des Burgstalls,castle,Germany
http://www.wikidata.org/entity/Q107361893,Cocarescem,castle,Germany
http://www.wikidata.org/entity/Q38598583,Castle Tump mound,castle,United Kingdom
http://www.wikidata.org/entity/Q33224790,Waldschloss,castle,Germany
http://www.wikidata.org/entity/Q3823691,Castillo de Ayódar,monument | castle,Spain
http://www.wikidata.org/entity/Q5606474,Gregans Castle,castle,Ireland
http://www.wikidata.org/entity/Q20875063,Castell de Fórnols,castle,Spain
http://www.wikidata.org/entity/Q21480521,Castillo de Torredonjimeno,monument | castle,Spain
http://www.wikidata.org/entity/Q56255271,Qasr al Hallabat,castle,Jordan
http://www.wikidata.org/entity/Q1013014,Litice Castle,castle | castle ruin,Czech Republic
http://www.wikidata.org/entity/Q1818456,Château du Vaudroc,castle,France
http://www.wikidata.org/entity/Q24661432,Camen Mound,castle,United Kingdom
http://www.wikidata.org/entity/Q5049767,Castle of Castelo Melhor,castle | cultural heritage,Portugal
http://www.wikidata.org/entity/Q17640662,Allesley Castle,motte-and-bailey castle | castle | ringwork castle,United Kingdom
http://www.wikidata.org/entity/Q1010879,Château d'Arques,castle,France
http://www.wikidata.org/entity/Q2971380,Château de la Romanerie,castle,France
http://www.wikidata.org/entity/Q251272,Olavinlinna Castle,museum | castle | stronghold,Finland
http://www.wikidata.org/entity/Q7681908,Tamworth Castle,castle | local authority museum | historic house museum,United Kingdom
http://www.wikidata.org/entity/Q109970937,Castell de Peralta,castle,Spain
http://www.wikidata.org/entity/Q4904327,Biecz Castle,castle,Poland
http://www.wikidata.org/entity/Q56397415,Castle of Eleftherohori,castle | archaeological site,Greece
http://www.wikidata.org/entity/Q1013319,Burg Niederasphe,castle,Germany
http://www.wikidata.org/entity/Q15944435,Château de Montépilloy,castle,France
http://www.wikidata.org/entity/Q125796422,Castle of Châtelard,castle,France
http://www.wikidata.org/entity/Q8342446,Castell de Mataplana,castle,Spain
http://www.wikidata.org/entity/Q1012517,Burg Hunsgeweide,castle,Germany
http://www.wikidata.org/entity/Q11913006,Castell d'Olorda,castle,Spain
http://www.wikidata.org/entity/Q2412699,Château de Bissy-sur-Fley,castle,France
http://www.wikidata.org/entity/Q20901129,Castellot del mas Martí,castle,Spain
http://www.wikidata.org/entity/Q1014640,Burg Wirrenweiler,castle,Germany
http://www.wikidata.org/entity/Q30185729,Symizës Castle,castle | historic site,Albania
http://www.wikidata.org/entity/Q1013801,Saaleck Castle,castle | hill castle | ruins,Germany
http://www.wikidata.org/entity/Q106051239,Castle of Montebabbio,castle,Italy
http://www.wikidata.org/entity/Q1012990,Castle Linn,castle,Germany
http://www.wikidata.org/entity/Q38621638,Castell Cadwgan,castle,United Kingdom
http://www.wikidata.org/entity/Q7456774,Seton Castle,castle,United Kingdom
http://www.wikidata.org/entity/Q79086594,Castle of Canosa,castle,Italy
http://www.wikidata.org/entity/Q11913077,Castell de Ponts,castle,Spain
http://www.wikidata.org/entity/Q111016931,castle of Miraval (Tarn),castle,France
http://www.wikidata.org/entity/Q1011064,Burg Blankenhorn,castle,Germany
http://www.wikidata.org/entity/Q2969414,Château de Jaligny-sur-Besbre,castle,France
http://www.wikidata.org/entity/Q108612669,Castle of Smerna,castle,Greece
http://www.wikidata.org/entity/Q9386773,Świdwin Castle,castle,Poland
http://www.wikidata.org/entity/Q3662952,Castello di Viareggio,castle,Italy
http://www.wikidata.org/entity/Q15223134,Hartshill Castle,motte-and-bailey castle | castle,United Kingdom
http://www.wikidata.org/entity/Q100156174,Castle of Imam Turki bin Abdullah,castle | archaeological site,Saudi Arabia
http://www.wikidata.org/entity/Q5049769,Castle of Celorico da Beira,castle | cultural heritage,Portugal
http://www.wikidata.org/entity/Q2968090,Château d'Aragon,castle,France
http://www.wikidata.org/entity/Q11913142,Castell del Meüll,castle,Spain
http://www.wikidata.org/entity/Q108209614,Burg Rosenthal,castle,Germany
http://www.wikidata.org/entity/Q24659370,Bryn Maen Caerau,castle | marsh fort,United Kingdom
http://www.wikidata.org/entity/Q17804139,Old Dunimarle Castle,castle,United Kingdom
http://www.wikidata.org/entity/Q44013106,Tricule Fortress,castle | archaeological site,Romania
http://www.wikidata.org/entity/Q459400,Liebenstein Castle (Rhine),castle,Germany
http://www.wikidata.org/entity/Q106078135,Castello di Muradello,castle,Italy
http://www.wikidata.org/entity/Q5924602,Qelich Castle,castle,Iran
http://www.wikidata.org/entity/Q112231310,Calizzano Castle,castle,Italy
http://www.wikidata.org/entity/Q24661322,Gunthorpe Henge,castle,United Kingdom
http://www.wikidata.org/entity/Q113550407,Castello di Spannocchia,castle,Italy
http://www.wikidata.org/entity/Q83719268,Château fort de la Péronnière,castle,France
http://www.wikidata.org/entity/Q981254,"Burg Galgenbühl, Dreisamtal-Breisgau",castle,Germany
http://www.wikidata.org/entity/Q2968976,Château de Châtillon-sur-Cluses,castle,France
http://www.wikidata.org/entity/Q78660854,Château de la Borie Fricart,castle,France
http://www.wikidata.org/entity/Q83719154,Château fort de Fontaine Milon,castle,France
http://www.wikidata.org/entity/Q83718938,Château fort de Bordères Louron,castle,France
http://www.wikidata.org/entity/Q2664493,Burgstall Arnstein,castle | archaeological site,Germany
http://www.wikidata.org/entity/Q388902,Schallaburg,museum | castle | château | chapel,Austria
http://www.wikidata.org/entity/Q24661418,Rhysnant Hall Motte,ringwork castle | castle,United Kingdom
http://www.wikidata.org/entity/Q16931550,Ľupča Castle,castle,Slovakia
http://www.wikidata.org/entity/Q2971158,Château de la Bourbansais,castle,France
http://www.wikidata.org/entity/Q15108323,Burggrafenburg,castle,Germany
http://www.wikidata.org/entity/Q18003862,Castell de Sant Guim de la Plana,castle,Spain
http://www.wikidata.org/entity/Q782719,Old Sarum,castle | human settlement | contour fort,United Kingdom
http://www.wikidata.org/entity/Q20751537,Manoir de Cantepie,castle,France
http://www.wikidata.org/entity/Q112169840,Castello di Mozzo,architectural ensemble | castle,Italy
http://www.wikidata.org/entity/Q106366724,Sykaminon Castle,castle,Greece
http://www.wikidata.org/entity/Q5315677,Dunseverick Castle,castle,United Kingdom
http://www.wikidata.org/entity/Q57241149,Castle of Palmia,castle,Italy
http://www.wikidata.org/entity/Q113555724,Castello Soprano,castle,Italy
http://www.wikidata.org/entity/Q112138797,Castello dei Landriani,castle,Italy
http://www.wikidata.org/entity/Q8342246,Castell de Castellolí,castle,Spain
http://www.wikidata.org/entity/Q1010674,Burg Ahegg,castle,Germany
http://www.wikidata.org/entity/Q7861714,Tyrrellspass Castle,castle,Ireland
http://www.wikidata.org/entity/Q97901104,Takekoshi Castle,castle,Japan
http://www.wikidata.org/entity/Q83719170,Château fort de Gachetièrevieux,castle,France
http://www.wikidata.org/entity/Q2241229,Schloss Goldenstein,castle | château | Ansitz,Austria
http://www.wikidata.org/entity/Q113574290,Castello di Montalto,castle,Italy
http://www.wikidata.org/entity/Q2970384,Château de Roche-sur-Loue,castle,France
http://www.wikidata.org/entity/Q38047391,Castle Neuhäusel,castle,Czech Republic
http://www.wikidata.org/entity/Q22343075,Château de Brionne,castle,France
http://www.wikidata.org/entity/Q2971692,Château du Grand-Besse,castle,France
http://www.wikidata.org/entity/Q1012692,Kocherburg,castle | castle ruin,Germany
http://www.wikidata.org/entity/Q41358940,Schloss,castle,Germany
http://www.wikidata.org/entity/Q15108428,Burgstall Ramerberg,castle | archaeological site,Germany
http://www.wikidata.org/entity/Q2409751,Mersch Castle,castle | château,Luxembourg
http://www.wikidata.org/entity/Q2968237,Château d'Eyjeaux,castle,France
http://www.wikidata.org/entity/Q67772596,Castellaccio,castle,Italy
http://www.wikidata.org/entity/Q17596778,Castell de Vila-rodona,castle,Spain
http://www.wikidata.org/entity/Q30143652,Żary Castle,castle,Poland
http://www.wikidata.org/entity/Q83719643,Château fort de Trèves,castle,France
http://www.wikidata.org/entity/Q2201517,Château de Traslage,castle,France
http://www.wikidata.org/entity/Q47165740,Château de Joch,castle,France
http://www.wikidata.org/entity/Q29652091,Thielle Castle,architectural structure | castle,Switzerland
http://www.wikidata.org/entity/Q1014102,Burg Steineck (Unterfranken),castle | archaeological site,Germany
http://www.wikidata.org/entity/Q18708353,Brownsea Castle,castle | fort,United Kingdom
http://www.wikidata.org/entity/Q15944465,Château de la Rigaudière,castle,France
http://www.wikidata.org/entity/Q1195682,Sawayama Castle,castle,Japan
http://www.wikidata.org/entity/Q545847,Račice Castle,castle | château,Czech Republic
http://www.wikidata.org/entity/Q38603097,Castell Maelgwyn,castle,United Kingdom
http://www.wikidata.org/entity/Q14078445,Burg Medard,castle,Germany
http://www.wikidata.org/entity/Q66882631,Črni Kal Castle,castle,Slovenia
http://www.wikidata.org/entity/Q6099157,Tokat Castle,castle,Turkey
http://www.wikidata.org/entity/Q5096598,Chiddingstone Castle,castle | house | independent museum | historic house museum,United Kingdom
http://www.wikidata.org/entity/Q1012872,Lauenstein Castle,castle,Germany
http://www.wikidata.org/entity/Q66053620,Castello di Salamarzana,castle,Italy
http://www.wikidata.org/entity/Q105693308,Belforte Castle,castle,Italy
http://www.wikidata.org/entity/Q17596305,Castell de la Roqueta,castle,Spain
http://www.wikidata.org/entity/Q5757745,Castillo de las Huelgas,monument | castle,Spain
http://www.wikidata.org/entity/Q15108214,Burg Großvargula,castle,Germany
http://www.wikidata.org/entity/Q29984059,Santa Gadea del Cid Castle,castle,Spain
http://www.wikidata.org/entity/Q98172656,Cultural heritage D-6-5727-0016 in Münnerstadt,castle | Burgstall | grave | Bodendenkmal,Germany
http://www.wikidata.org/entity/Q78660761,Château de Cozcastel,castle,France
http://www.wikidata.org/entity/Q22969942,Albalat Castle,castle,Spain
http://www.wikidata.org/entity/Q29382989,Sassai Castle,castle,Italy
http://www.wikidata.org/entity/Q28662808,Castle of Guevara-Gebara,castle | building,Spain
http://www.wikidata.org/entity/Q14906524,Carmarthen Castle,castle | archaeological site,United Kingdom
http://www.wikidata.org/entity/Q26276598,Waterbury Castle,castle,United Kingdom
http://www.wikidata.org/entity/Q106419717,Castello di Neviano,castle,Italy
http://www.wikidata.org/entity/Q2971124,La Barben Castle,castle,France
http://www.wikidata.org/entity/Q2971454,Château des Aubiers,castle,France
http://www.wikidata.org/entity/Q2543161,Walmer Castle,castle | fort | history museum | historic house museum,United Kingdom
http://www.wikidata.org/entity/Q679478,Oberhofen Castle,architectural structure | castle,Switzerland
http://www.wikidata.org/entity/Q5921729,Sangar Castle,castle,Iran
http://www.wikidata.org/entity/Q2970703,Château de Sineuil,castle,France
http://www.wikidata.org/entity/Q24659566,Rosemarket Rath,castle | ringfort,United Kingdom
http://www.wikidata.org/entity/Q11175753,Červenice,castle,Czech Republic
http://www.wikidata.org/entity/Q13031284,Łyskaŭ Castle,castle,Belarus
http://www.wikidata.org/entity/Q1011929,Burg Gemen,castle,Germany
http://www.wikidata.org/entity/Q56450490,Castle of Mikro Chorio,castle,Greece
http://www.wikidata.org/entity/Q1013207,Burg Neckarhausen,castle,Germany
http://www.wikidata.org/entity/Q24661465,Hangmans Hill,castle,United Kingdom
http://www.wikidata.org/entity/Q78661354,Château du Cayla,castle,France
http://www.wikidata.org/entity/Q2970560,Château de Saint-Mesmin,castle,France
http://www.wikidata.org/entity/Q1012127,Schlosskirche,castle,Germany
http://www.wikidata.org/entity/Q6970952,Cizre Castle,castle | tourist attraction | citadel,Turkey
http://www.wikidata.org/entity/Q3302227,Libohovë Fortress,castle | historic site | building,Albania
http://www.wikidata.org/entity/Q39006477,"Castell Placename, Llanfair Dyffryn Clwyd",castle,United Kingdom
http://www.wikidata.org/entity/Q60967192,Wartholm,castle,Finland
http://www.wikidata.org/entity/Q22969954,Castle of Mayoralgo,castle,Spain
http://www.wikidata.org/entity/Q15108378,Burgstall Gasteig,castle,Germany
http://www.wikidata.org/entity/Q2970656,Château de Sedaiges,castle,France
http://www.wikidata.org/entity/Q41307368,Ehemalige Burgmühle,castle,Germany
http://www.wikidata.org/entity/Q112141316,Castello di Averara,castle,Italy
http://www.wikidata.org/entity/Q1554653,Ruine Itkon,castle | castle ruin,Switzerland
http://www.wikidata.org/entity/Q15790353,Burg Niederberg,castle,Germany
http://www.wikidata.org/entity/Q5757426,Castillo de Marchenilla,castle,Spain
http://www.wikidata.org/entity/Q1971757,Castle of Silves,castle | cultural heritage | archaeological site,Portugal
http://www.wikidata.org/entity/Q106075304,Castello di Pianetto,castle,Italy
http://www.wikidata.org/entity/Q1015708,Burgstall Bühl,castle | archaeological site,Germany
http://www.wikidata.org/entity/Q112278572,Castello di Tordimonte,castle,Italy
http://www.wikidata.org/entity/Q83719676,Château fort des Cars,castle,France
http://www.wikidata.org/entity/Q15940198,Château de La Magnanne,castle,France
http://www.wikidata.org/entity/Q98290506,Cultural heritage D-7-8327-0046 in Immenstadt im Allgäu,castle | feature | Bodendenkmal,Germany
http://www.wikidata.org/entity/Q98682055,Burg Hof a.Regen 46 in Nittenau,castle,Germany
http://www.wikidata.org/entity/Q21789764,Castell de Maians,castle,Spain
http://www.wikidata.org/entity/Q78660857,Château de la Cave,castle,France
http://www.wikidata.org/entity/Q56302317,Château de Villarzel,castle,Switzerland
http://www.wikidata.org/entity/Q2968259,Château d'Hodebert,castle,France
http://www.wikidata.org/entity/Q1897664,Marienburg,castle,Germany
http://www.wikidata.org/entity/Q111525536,Castello di Polizzi,castle,Italy
http://www.wikidata.org/entity/Q98340486,Cultural heritage D-1-7132-0111 in Wellheim,castle | Bodendenkmal,Germany
http://www.wikidata.org/entity/Q7310075,Reigate Castle,castle,United Kingdom
http://www.wikidata.org/entity/Q2664436,Burg Weiler in der Ebene,castle,Germany
http://www.wikidata.org/entity/Q3662940,Castello di Vallingegno,castle,Italy
http://www.wikidata.org/entity/Q1015928,Burgstall Stein,castle,Germany
http://www.wikidata.org/entity/Q17596274,Castell de la Bisbal del Penedès,castle,Spain
http://www.wikidata.org/entity/Q13031102,Kojdanaŭ Castle,castle,Belarus
http://www.wikidata.org/entity/Q39011009,Cae Domen Placename,castle,United Kingdom
http://www.wikidata.org/entity/Q1921928,Merlinsburg,castle,Germany
http://www.wikidata.org/entity/Q108664808,Castle of Telendos,castle,Greece
http://www.wikidata.org/entity/Q2968041,Château d'Ailly,castle,France
http://www.wikidata.org/entity/Q106051280,Castle of Castelnuovo,castle,Italy
http://www.wikidata.org/entity/Q1032971,Haller Mansion,castle,Romania
http://www.wikidata.org/entity/Q14544960,Edelsitz Zell,castle,Austria
http://www.wikidata.org/entity/Q67772107,Castle of Suardi,castle,Italy
http://www.wikidata.org/entity/Q97603192,Castillo de Yegen,monument | castle,Spain
http://www.wikidata.org/entity/Q2969032,Château de Corcelles,castle,France
http://www.wikidata.org/entity/Q1014590,Burg Wildeck (Wildeck),castle,Germany
http://www.wikidata.org/entity/Q20106314,Castell Berguedà,castle,Spain
http://www.wikidata.org/entity/Q60832945,Château de Beaupuy,castle,France
http://www.wikidata.org/entity/Q1887430,Malittenburg,castle,Germany
http://www.wikidata.org/entity/Q881787,Schloss Waldeck,museum | castle,Germany
http://www.wikidata.org/entity/Q26588859,Ragged Castle,castle,United Kingdom
http://www.wikidata.org/entity/Q1014663,Burg Worringen,castle,Germany
http://www.wikidata.org/entity/Q7996888,Whittingehame Tower,castle,United Kingdom
http://www.wikidata.org/entity/Q24661851,Bridge Sollers Knapp Farm,castle,United Kingdom
http://www.wikidata.org/entity/Q109260815,Tikrit Castle,castle,Iraq
http://www.wikidata.org/entity/Q9386569,Sławków Castle,castle,Poland
http://www.wikidata.org/entity/Q178522,Dunstaffnage Castle,castle,United Kingdom
http://www.wikidata.org/entity/Q16879535,Castell d'en Nadal,castle,Spain
http://www.wikidata.org/entity/Q1412053,Ruine Grötzingen,castle,Germany
http://www.wikidata.org/entity/Q811246,Bauernburg Schwaghof,castle,Germany
http://www.wikidata.org/entity/Q1015904,Burgstall Schlossberg,castle | château | Burgstall | Bodendenkmal | archaeological site,Germany
http://www.wikidata.org/entity/Q86674911,Castello di San Giorgio,castle,Italy
http://www.wikidata.org/entity/Q1013680,Burg Ringsheim,castle,Germany
http://www.wikidata.org/entity/Q15790468,Winken Castle,castle,Germany
http://www.wikidata.org/entity/Q2971321,Château de la Motte,castle,France
http://www.wikidata.org/entity/Q5868909,Gabaran Castle,castle,Iran
http://www.wikidata.org/entity/Q3662379,Spinola-Mignacco Castle,castle | palace,Italy
http://www.wikidata.org/entity/Q30919511,King's Castle,castle,Spain
http://www.wikidata.org/entity/Q3662985,Castello superiore di Arnad,castle,Italy
http://www.wikidata.org/entity/Q3662715,Castello di Montalto Dora,castle,Italy
http://www.wikidata.org/entity/Q19432839,Čretež Castle,castle,Slovenia
http://www.wikidata.org/entity/Q43132945,Castillo El Castillejo,village | castle | cist,Spain
http://www.wikidata.org/entity/Q62996869,Anastasiopolis,castle | archaeological site,Greece
http://www.wikidata.org/entity/Q16829084,Cemilli Castle,castle,Turkey
http://www.wikidata.org/entity/Q18723421,Podčetrtek Castle,castle,Slovenia
http://www.wikidata.org/entity/Q2089479,Sigulda Medieval Castle,castle,Latvia
http://www.wikidata.org/entity/Q2969321,Château de Gevrey-Chambertin,castle | winery,France
http://www.wikidata.org/entity/Q13130633,Pencastell,castle | motte,United Kingdom
http://www.wikidata.org/entity/Q5049804,Castle of Mós,castle | cultural heritage,Portugal
http://www.wikidata.org/entity/Q2664291,Burg Blutsberg,castle,Germany
http://www.wikidata.org/entity/Q1013116,Burg Mettenberg,castle,Germany
http://www.wikidata.org/entity/Q13131949,Tomen Rhydowen,castle | motte,United Kingdom
http://www.wikidata.org/entity/Q5118811,Château de Montespan,castle,France
http://www.wikidata.org/entity/Q878917,Schloss Borbeck,castle,Germany
http://www.wikidata.org/entity/Q2970192,Château de Pennautier,castle,France
http://www.wikidata.org/entity/Q3662775,Castello dei Gonzaga,castle,Italy
http://www.wikidata.org/entity/Q372955,Naxburg,mountain | castle | archaeological site,Germany
http://www.wikidata.org/entity/Q2026185,Bamburgh Castle,castle | historic house museum,United Kingdom
http://www.wikidata.org/entity/Q18482140,Schloss Yvorne,castle,Switzerland
http://www.wikidata.org/entity/Q8342636,Castell de la Pedra,castle,Spain
http://www.wikidata.org/entity/Q2175416,Schalun Castle,castle | ruins,Liechtenstein
http://www.wikidata.org/entity/Q5856517,Castillo de San Telmo,monument | castle | lighthouse,Spain
http://www.wikidata.org/entity/Q2967873,Château Durtail,castle,France
http://www.wikidata.org/entity/Q104350064,Castle of Cecina,castle,Italy
http://www.wikidata.org/entity/Q12042566,Olomouc Castle,castle,Czech Republic
http://www.wikidata.org/entity/Q1011458,Burgruine,castle | archaeological site,Germany
http://www.wikidata.org/entity/Q83718953,Château fort de Bourg le Roi,castle,France
http://www.wikidata.org/entity/Q98272487,Cultural heritage D-3-6741-0057 in Cham (Oberpfalz),castle | château | feature | Bodendenkmal,Germany
http://www.wikidata.org/entity/Q18524007,Castle Marcel,castle,France
http://www.wikidata.org/entity/Q12045625,Plikenštejn,castle,Czech Republic
http://www.wikidata.org/entity/Q14545551,Davidskäpfle (Rattenweiler),castle,Germany
http://www.wikidata.org/entity/Q1010753,Altenstein,castle,Germany
http://www.wikidata.org/entity/Q41369048,Sogenannte Burg,castle,Germany
http://www.wikidata.org/entity/Q5118822,Château de Pontevès,castle,France
http://www.wikidata.org/entity/Q5757473,Castle of Monzón de Campos,castle,Spain
http://www.wikidata.org/entity/Q3662823,Castello di Quarate,castle,Italy
http://www.wikidata.org/entity/Q14661772,Salenegg Castle,castle,Switzerland
http://www.wikidata.org/entity/Q7753540,"The New Castle, County Down",castle,United Kingdom
http://www.wikidata.org/entity/Q7812773,Todi Castle,castle,Italy
http://www.wikidata.org/entity/Q2971018,Château de Villers-Saint-Paul,castle,France
http://www.wikidata.org/entity/Q78660962,Château de Marzé,castle,France
http://www.wikidata.org/entity/Q24660961,Lyminster Siege Castle,castle,United Kingdom
http://www.wikidata.org/entity/Q5118881,Château du Théron,castle,France
http://www.wikidata.org/entity/Q2154151,Ringwallburg Heunstein,castle | archaeological site,Germany
http://www.wikidata.org/entity/Q112323155,Castello di Pilonico Paterno,castle,Italy
http://www.wikidata.org/entity/Q13030661,Hajciuniški Castle,castle,Belarus
http://www.wikidata.org/entity/Q4896456,Castle of Orihuela,castle,Spain
http://www.wikidata.org/entity/Q2529436,Kasteel Ter Lucht,castle,Belgium
http://www.wikidata.org/entity/Q97628201,Castillo,monument | castle,Spain
http://www.wikidata.org/entity/Q26792862,Castillo de la Laguna,monument | castle | tower | fortification,Spain
http://www.wikidata.org/entity/Q3662458,Castello di Agrigento,castle,Italy
http://www.wikidata.org/entity/Q78660738,Château de Chomérac,castle,France
http://www.wikidata.org/entity/Q1541584,Taymouth Castle,castle,United Kingdom
http://www.wikidata.org/entity/Q2625767,Château des Bories,castle | château,France
http://www.wikidata.org/entity/Q55391491,Castello di Montaldeo,castle,Italy
http://www.wikidata.org/entity/Q15211773,Costessey Hall,castle,United Kingdom
http://www.wikidata.org/entity/Q41403372,Wohnhaus,castle,Germany
http://www.wikidata.org/entity/Q2968074,Schloss Angern,castle,Germany
http://www.wikidata.org/entity/Q1011427,Burg Deinsberg,castle,Germany
http://www.wikidata.org/entity/Q15108206,Burg Erding,castle | archaeological site,Germany
http://www.wikidata.org/entity/Q8342425,Castillo Melgarejo,"castle | cemetery, burial plot, or tomb | monument | human settlement | cortijo",Spain
http://www.wikidata.org/entity/Q37830617,Burg Laa an der Thaya,museum | castle,Austria
http://www.wikidata.org/entity/Q15207917,Castlehill Tower,castle,United Kingdom
http://www.wikidata.org/entity/Q29493477,Barons Court,castle | pub,United Kingdom
http://www.wikidata.org/entity/Q37975217,Burstall von Kelzenwert,castle,Austria
http://www.wikidata.org/entity/Q895665,Klempenow Castle,castle,Germany
http://www.wikidata.org/entity/Q6554440,Linköping Castle,castle | heritage site in Sweden | tourist attraction | cultural property | architectural ensemble,Sweden
http://www.wikidata.org/entity/Q60851789,Château de Mirabeau,castle,France
http://www.wikidata.org/entity/Q1013967,Schloss Schönstadt,castle,Germany
http://www.wikidata.org/entity/Q113584054,Castello di San Martino,castle,Italy
http://www.wikidata.org/entity/Q1010692,Burg Allmut,castle,Germany
http://www.wikidata.org/entity/Q98397431,Cultural heritage D-3-6742-0006 in Cham,castle | château | abandoned village | Bodendenkmal | feature,Germany
http://www.wikidata.org/entity/Q77437124,Castle of Carrù,castle,Italy
http://www.wikidata.org/entity/Q21864806,Schloss Pfeilerhof,castle,Austria
http://www.wikidata.org/entity/Q9386545,Piast Castle (Legnica),castle,Poland
http://www.wikidata.org/entity/Q113163612,Castle of Giusvalla,castle,Italy
http://www.wikidata.org/entity/Q2251115,Schulenburg,castle,Germany
http://www.wikidata.org/entity/Q50347971,Drongan Castle,castle,United Kingdom
http://www.wikidata.org/entity/Q19305498,Funkštejn Castle,castle,Czech Republic
http://www.wikidata.org/entity/Q113366484,castello di Cortemilia,castle,Italy
http://www.wikidata.org/entity/Q1013156,Burg Mägdeberg,castle,Germany
http://www.wikidata.org/entity/Q1016151,Burgwall Biesenthal,castle,Germany
http://www.wikidata.org/entity/Q113381062,castle of San Floriano,castle,Italy
http://www.wikidata.org/entity/Q11912977,Castell Marro,castle,Spain
http://www.wikidata.org/entity/Q1015848,Burgstall Miedering,castle | archaeological site,Germany
http://www.wikidata.org/entity/Q50080408,Burg Buschdorf,castle,Germany
http://www.wikidata.org/entity/Q64686441,Château de Muratel,castle,France
http://www.wikidata.org/entity/Q113367473,Pombia Castle,castle,Italy
http://www.wikidata.org/entity/Q8342152,Castell cartoixa de Vallparadís,castle | Carthusian monastery,Spain
http://www.wikidata.org/entity/Q2970071,Château de Mortillon,castle,France
http://www.wikidata.org/entity/Q60853316,Castillo of Torralba,castle,Spain
http://www.wikidata.org/entity/Q2360380,Château de Conros,castle,France
http://www.wikidata.org/entity/Q786152,Graines Castle,castle,Italy
http://www.wikidata.org/entity/Q25927149,Château du Vuache,castle,France
http://www.wikidata.org/entity/Q16329528,Kalamata Castle,castle,Greece
http://www.wikidata.org/entity/Q111550381,Castello di San Casto,castle,Italy
http://www.wikidata.org/entity/Q5940731,Humewood Castle,castle,Ireland
http://www.wikidata.org/entity/Q573650,Lucera Castle,castle,Italy
http://www.wikidata.org/entity/Q109451282,Kasteel Neut,castle,Belgium
http://www.wikidata.org/entity/Q113584546,Castello Sforza Cesarini,castle,Italy
http://www.wikidata.org/entity/Q20679286,Castell de Fontllonga,castle,Spain
http://www.wikidata.org/entity/Q15856989,Burgstall Unterleiterbach,castle | archaeological site,Germany
http://www.wikidata.org/entity/Q17673988,Tower keep castle at Chilham,castle,United Kingdom
http://www.wikidata.org/entity/Q5049810,Castle of Penamacor,castle | cultural heritage,Portugal
http://www.wikidata.org/entity/Q2550906,Wasserburg Weiherhof,castle,Germany
http://www.wikidata.org/entity/Q3267240,Tønsberg Fortress,castle | cultural property,Norway
http://www.wikidata.org/entity/Q1758108,Schloss Taxis,castle | Schloss,Germany
http://www.wikidata.org/entity/Q680215,Aigle Castle,castle | local museum | historic site | wine museum | memory institution,Switzerland
http://www.wikidata.org/entity/Q2664302,Burgrest Falkenstein,castle,Germany
http://www.wikidata.org/entity/Q41253730,Burg Hirschdorf,castle,Germany
http://www.wikidata.org/entity/Q112323129,Castello dei Marchesi Bourbon,castle,Italy
http://www.wikidata.org/entity/Q3662555,Castello di Castrocucco,castle,Italy
http://www.wikidata.org/entity/Q37847021,Meierhof der Burg Prandegg,castle,Austria
http://www.wikidata.org/entity/Q1011424,Dehrn Castle,castle,Germany
http://www.wikidata.org/entity/Q17596630,Castell de Tous,monument | castle,Spain
http://www.wikidata.org/entity/Q67772030,Ruine Neuenburg,castle | ruins,Switzerland
http://www.wikidata.org/entity/Q12134084,Novozaslavsky Castle,castle,Ukraine
http://www.wikidata.org/entity/Q1013732,Rotberg castle youth hostel,castle | youth hostel | hostel,Switzerland
http://www.wikidata.org/entity/Q1624444,Balm ruins,castle | castle ruin,Switzerland
http://www.wikidata.org/entity/Q8342299,Castillo de Curiel de Duero,castle,Spain
http://www.wikidata.org/entity/Q21864658,Schloss Oberkindberg,castle | château,Austria
http://www.wikidata.org/entity/Q20012602,Wartenfels Castle,castle | museum building | architectural structure,Switzerland
http://www.wikidata.org/entity/Q2194736,Château de Montmirail,castle,France
http://www.wikidata.org/entity/Q1011680,Burg Falkenstein,castle | castle ruin,Switzerland
http://www.wikidata.org/entity/Q2221609,Château de Saint-Blancard,castle,France
http://www.wikidata.org/entity/Q1945156,Monraburg,castle,Germany
http://www.wikidata.org/entity/Q78661351,Château du Castellas,castle,France
http://www.wikidata.org/entity/Q17615493,Castell de Llorenç,castle,Spain
http://www.wikidata.org/entity/Q15108280,Burg Rottbach,castle | archaeological site,Germany
http://www.wikidata.org/entity/Q1012682,Burgstall Klingenberg,castle,Germany
http://www.wikidata.org/entity/Q2664504,Burgstall Im Hof,castle,Germany
http://www.wikidata.org/entity/Q1012417,Burg Hohengundelfingen,castle,Germany
http://www.wikidata.org/entity/Q12762987,Bačkovský Castle,castle,Slovakia
http://www.wikidata.org/entity/Q5450189,Fingask Castle,castle,United Kingdom
http://www.wikidata.org/entity/Q24661445,Swaffham Bullbeck,castle,United Kingdom
http://www.wikidata.org/entity/Q48848918,Witków Castle,defensive tower | castle,Poland
http://www.wikidata.org/entity/Q112323157,Gaiche Castle,castle,Italy
http://www.wikidata.org/entity/Q113553689,Castello dei d'Enghien,castle,Italy
http://www.wikidata.org/entity/Q1012406,Burg Hohenfels,castle,Germany
http://www.wikidata.org/entity/Q5118812,Château de Montoire,castle,France
http://www.wikidata.org/entity/Q19256342,Castell de Josa,castle,Spain
http://www.wikidata.org/entity/Q1541728,Zwingen Castle with bridge,castle | architectural structure | architectural ensemble,Switzerland
http://www.wikidata.org/entity/Q8342361,Castell de Jorba,castle,Spain
http://www.wikidata.org/entity/Q15940061,Château de Bocsozel,castle,France
http://www.wikidata.org/entity/Q1015671,Burgstall Altgabelstein,castle,Germany
http://www.wikidata.org/entity/Q1015965,Burgstall Wieseck,castle | archaeological site,Germany
http://www.wikidata.org/entity/Q4815603,Athlone Castle,castle,Ireland
http://www.wikidata.org/entity/Q1011906,Burg Gamburg,castle | cultural heritage monument in Germany,Germany
http://www.wikidata.org/entity/Q117823157,Achladochori Castle,castle | archaeological site,Greece
http://www.wikidata.org/entity/Q12031169,Kotnov,castle,Czech Republic
http://www.wikidata.org/entity/Q123998203,Starý hrad,castle,Czech Republic
http://www.wikidata.org/entity/Q55182712,Palazzo dei marchesi di Clavesana,castle | palace,Italy
http://www.wikidata.org/entity/Q113378578,Castel Guelfo,castle,Italy
http://www.wikidata.org/entity/Q78661348,Château du Castella,castle,France
http://www.wikidata.org/entity/Q1629927,Sanok Castle,castle,Poland
http://www.wikidata.org/entity/Q41284799,Burgruine Rieshofen,castle,Germany
http://www.wikidata.org/entity/Q1789926,Château de Flers,castle | château | art museum,France
http://www.wikidata.org/entity/Q17777921,Dunnottar Castle quadrangle,castle,United Kingdom
http://www.wikidata.org/entity/Q111519174,Castello di Brolo,castle,Italy
http://www.wikidata.org/entity/Q17640844,Tetbury camp,hillfort | castle | ringwork castle | contour fort,United Kingdom
http://www.wikidata.org/entity/Q43138202,Castillo Santo Pitar,castle,Spain
http://www.wikidata.org/entity/Q2917171,Castle of Jarafuel,castle,Spain
http://www.wikidata.org/entity/Q19830950,Castell de Pampa,castle,Spain
http://www.wikidata.org/entity/Q1014169,Burg Stuben,castle,Germany
http://www.wikidata.org/entity/Q1014578,Burg Wiesentfels,castle,Germany
http://www.wikidata.org/entity/Q98275213,Cultural heritage D-3-6539-0143 in Nabburg,castle | château | feature | Bodendenkmal,Germany
http://www.wikidata.org/entity/Q1543887,Torup Castle,castle,Sweden
http://www.wikidata.org/entity/Q29958738,Husberget,castle,Sweden
http://www.wikidata.org/entity/Q80830765,"Balloch Castle,earthwork,Loch Lomond Park",castle | earthworks,United Kingdom
http://www.wikidata.org/entity/Q1012117,Burg Gut-Krenkingen,castle,Germany
http://www.wikidata.org/entity/Q4185864,Fiddaun Castle,destroyed building or structure | castle,Ireland
http://www.wikidata.org/entity/Q5050447,Castle of Zahara de los Atunes and Palace of Jadraza,castle,Spain
http://www.wikidata.org/entity/Q38279716,Castle of Lamia,castle,Greece
http://www.wikidata.org/entity/Q18718671,Svádov Castle,castle,Czech Republic
http://www.wikidata.org/entity/Q5761802,Hilfield Castle,castle | English country house | estate,United Kingdom
http://www.wikidata.org/entity/Q1014079,Steckelberg Castle,castle,Germany
http://www.wikidata.org/entity/Q370664,Châteaux de Lastours,castle,France
http://www.wikidata.org/entity/Q39011031,"Castell y waun, Llandinam",castle,United Kingdom
http://www.wikidata.org/entity/Q18431649,Horozhanka Castle,castle,Ukraine
http://www.wikidata.org/entity/Q98302566,Cultural heritage D-1-8243-0194 in Bayerisch Gmain,castle | city walls | fortification | Bodendenkmal,Germany
http://www.wikidata.org/entity/Q4699438,Aizpute Castle,castle,Latvia
http://www.wikidata.org/entity/Q2971204,Château de la Cour de Cellières,castle,France
http://www.wikidata.org/entity/Q15134806,Westerburg (Groothusen),castle,Germany
http://www.wikidata.org/entity/Q113375583,Castello di Erbario,castle,Italy
http://www.wikidata.org/entity/Q1012223,Hausberk Castle,castle,Czech Republic
http://www.wikidata.org/entity/Q31074243,Castell de Seguer,castle,Spain
http://www.wikidata.org/entity/Q5049755,Castle of Azinhalinho,castle | cultural heritage,Portugal
http://www.wikidata.org/entity/Q15835731,Motte Streithausen,castle,Germany
http://www.wikidata.org/entity/Q576154,Castle of Artana,monument | castle,Spain
http://www.wikidata.org/entity/Q11913042,Castell de Guialmons,castle,Spain
http://www.wikidata.org/entity/Q16653087,Velau Castle,castle,Russia | State of the Teutonic Order
http://www.wikidata.org/entity/Q98273048,Cultural heritage D-3-6139-0082 in Falkenberg (Oberpfalz),castle | feature | Bodendenkmal | preceding structure,Germany
http://www.wikidata.org/entity/Q2970908,Château de Varey,castle,France
http://www.wikidata.org/entity/Q5757151,Castle of Benabarre,castle,Spain
http://www.wikidata.org/entity/Q56304535,castle of Montry,castle,France
http://www.wikidata.org/entity/Q43159414,Castillo de Alicates,monument | castle | abandoned village,Spain
http://www.wikidata.org/entity/Q89202613,Castello di Montalto Pavese,castle,Italy
http://www.wikidata.org/entity/Q123575062,Killernie Castle,castle,United Kingdom
http://www.wikidata.org/entity/Q17596011,Castell de Cabanes,castle,Spain
http://www.wikidata.org/entity/Q128186199,Castell de Puig de la Creu,castle,Spain
http://www.wikidata.org/entity/Q67772088,Château de Groisy,castle,France
http://www.wikidata.org/entity/Q8342159,Castillo de Albalat dels Sorells,monument | castle | casa consistorial,Spain
http://www.wikidata.org/entity/Q67772521,Schloss Greng,castle,Switzerland
http://www.wikidata.org/entity/Q2242828,Schloss Oefte,castle,Germany
http://www.wikidata.org/entity/Q1011319,Burg Cartatscha,castle | castle ruin,Switzerland
http://www.wikidata.org/entity/Q113556048,Castello della Regina Bianca,castle,Italy
http://www.wikidata.org/entity/Q115607192,Ardmillan Castle,castle,United Kingdom
http://www.wikidata.org/entity/Q2177200,Dumbarton Castle,contour fort | castle,United Kingdom
http://www.wikidata.org/entity/Q653936,Chastel Rouge,castle | crusader castle | castle ruin | archaeological site,Syria
http://www.wikidata.org/entity/Q56365136,Murcheh Khvort Castle,castle,Iran
http://www.wikidata.org/entity/Q78660599,Château d'Orgon,castle,France
http://www.wikidata.org/entity/Q1013532,Burg Pürnstein,castle,Austria
http://www.wikidata.org/entity/Q4967392,Bright Castle,castle,United Kingdom
http://www.wikidata.org/entity/Q109379084,Castle of Kastellia,castle,Greece
http://www.wikidata.org/entity/Q113563442,Castello di Burgimilluso,castle,Italy
http://www.wikidata.org/entity/Q1015455,Castell de Palafolls,castle,Spain
http://www.wikidata.org/entity/Q2968200,Aya Castle,castle,Japan
http://www.wikidata.org/entity/Q1016230,Burgwall Wulfsahl,gord | castle,Germany
http://www.wikidata.org/entity/Q17596156,Castell de Cunit,castle,Spain
http://www.wikidata.org/entity/Q3752984,Westport House,castle | house,Ireland
http://www.wikidata.org/entity/Q3398523,Caergwrle Castle,castle of the Welsh princes | castle | archaeological site,United Kingdom
http://www.wikidata.org/entity/Q2175247,Burg Dübelstein,castle | castle ruin,Switzerland
http://www.wikidata.org/entity/Q1013807,Burg Salons,castle | castle ruin,Switzerland
http://www.wikidata.org/entity/Q17596327,Castell de la Torre de Claramunt,castle,Spain
http://www.wikidata.org/entity/Q19256338,Castell de Fontanilles,castle,Spain
http://www.wikidata.org/entity/Q3403139,Gradačac Castle,castle | architectural ensemble | fortress | historic site,Bosnia and Herzegovina
http://www.wikidata.org/entity/Q113341569,Castello di Antico,castle,Italy
http://www.wikidata.org/entity/Q106077671,Castello di Montemartino,castle,Italy
http://www.wikidata.org/entity/Q41377847,Schmiede,castle,Germany
http://www.wikidata.org/entity/Q6530697,Leslie Castle,castle,United Kingdom
http://www.wikidata.org/entity/Q24660243,Hen Blas Castle,castle | archaeological site,United Kingdom
http://www.wikidata.org/entity/Q97626528,Castillo Jesús,monument | castle,Spain
http://www.wikidata.org/entity/Q5757589,Castle of Santa Ana,castle | Historical Emsemble (Spain),Spain
http://www.wikidata.org/entity/Q31724743,Roaylbari Fort,castle,Bangladesh
http://www.wikidata.org/entity/Q96316160,Castell de Meda,castle,Spain
http://www.wikidata.org/entity/Q43136025,Castillo de Órgiva,monument | castle,Spain
http://www.wikidata.org/entity/Q18543165,Castle of Bominaco,castle,Italy
http://www.wikidata.org/entity/Q43133350,Castillo (Sierro),monument | castle | aljibe,Spain
http://www.wikidata.org/entity/Q4896284,Besiekiery Castle,castle | ruins,Poland
http://www.wikidata.org/entity/Q28003359,Castle of Varano Marchesi,castle,Italy
http://www.wikidata.org/entity/Q2016466,Ohlandsburg,castle | archaeological site,Germany
http://www.wikidata.org/entity/Q15793076,Burg Güggelsperg,castle,Germany
http://www.wikidata.org/entity/Q20589712,Caersws Castle,motte-and-bailey castle | castle,United Kingdom
http://www.wikidata.org/entity/Q25915502,Castello ducale di Palena,castle,Italy
http://www.wikidata.org/entity/Q1420248,Hoşap Castle,castle | archaeological site,Turkey
http://www.wikidata.org/entity/Q7902005,Usk Castle,castle | abbey | archaeological site,United Kingdom
http://www.wikidata.org/entity/Q2970468,Château de Réghat,castle,France
http://www.wikidata.org/entity/Q10856761,Winterstein,castle,Czech Republic
http://www.wikidata.org/entity/Q33224194,Schloß Falkenhagen,castle,Germany
http://www.wikidata.org/entity/Q7505456,Shush Castle,castle,Iran
http://www.wikidata.org/entity/Q78661158,Château de Saint Crépin,castle,France
http://www.wikidata.org/entity/Q1012685,Burg Klingenstein,castle,Germany
http://www.wikidata.org/entity/Q2968152,Château d'Aubigné,castle,France
http://www.wikidata.org/entity/Q36968791,Castle-palace of Belmonte de Gracian,castle,Spain
http://www.wikidata.org/entity/Q1014551,Burg Wernfels,castle,Germany
http://www.wikidata.org/entity/Q17390112,Castelo de Vila do Touro,castle | cultural heritage,Portugal
http://www.wikidata.org/entity/Q4792899,Armathwaite Castle,castle,United Kingdom
http://www.wikidata.org/entity/Q8342548,Castillo de San Francisco,monument | castle,Spain
http://www.wikidata.org/entity/Q107688825,Castell de la Maçana,castle,Spain
http://www.wikidata.org/entity/Q56661748,Talla Castle,castle,United Kingdom
http://www.wikidata.org/entity/Q24660235,Dunwalloght Castle,castle,United Kingdom
http://www.wikidata.org/entity/Q55162713,Castello di Falconara,castle,Italy
http://www.wikidata.org/entity/Q18126847,"Kinnaird Castle, Brechin",castle,United Kingdom
http://www.wikidata.org/entity/Q1014260,Toszek Castle,castle,Poland
http://www.wikidata.org/entity/Q5757475,castle of Mora de Rubielos,castle | Monument (Spain),Spain
http://www.wikidata.org/entity/Q1332356,Hammaburg,castle,Germany
http://www.wikidata.org/entity/Q106078833,Torretto di Monte Santo,castle,Italy
http://www.wikidata.org/entity/Q15790443,Burgstall Rappenburg,castle,Germany
http://www.wikidata.org/entity/Q1014602,Burg Wildenstein,castle | archaeological site,Germany
http://www.wikidata.org/entity/Q20985573,Castell de Sant Blai,castle,Spain
http://www.wikidata.org/entity/Q28711175,Castell vell de Salses,castle,France
http://www.wikidata.org/entity/Q115474937,Château de Riedseltz,castle,France
http://www.wikidata.org/entity/Q33511885,Castle of Gañarul,castle | archaeological site,Spain
http://www.wikidata.org/entity/Q15108418,Burgstall Morsbach,castle | archaeological site,Germany
http://www.wikidata.org/entity/Q1552130,Château de Bussy-Rabutin,castle | château,France
http://www.wikidata.org/entity/Q1012449,Hohenurach Castle,castle,Germany
http://www.wikidata.org/entity/Q24661582,Arne,castle,United Kingdom
http://www.wikidata.org/entity/Q1600743,Wekenborg,castle,Germany
http://www.wikidata.org/entity/Q5893870,Daman Castle,castle,Iran
http://www.wikidata.org/entity/Q29898255,Torrione Estense,castle,Italy
http://www.wikidata.org/entity/Q78660774,Château de Domneuve,castle,France
http://www.wikidata.org/entity/Q6406829,Castellet de Carrícola,castle,Spain
http://www.wikidata.org/entity/Q20077653,Kyrylivska Fortress,castle,Ukraine
http://www.wikidata.org/entity/Q5728716,Deh Shad Castle,castle | cultural property,Iran
http://www.wikidata.org/entity/Q73485703,Castello di Occhiolà,castle,Italy
http://www.wikidata.org/entity/Q108929330,Castell del Mor,castle,Spain
http://www.wikidata.org/entity/Q5050407,Castle of Pombal,castle | cultural heritage,Portugal
http://www.wikidata.org/entity/Q19308749,Cultural heritage D-3-6741-0169 in Cham (Oberpfalz),castle | château | Bodendenkmal | parish church | architectural structure | feature | preceding structure,Germany
http://www.wikidata.org/entity/Q114012689,Castel Sant'Agata,castle,Italy
http://www.wikidata.org/entity/Q37731618,Retz Stadt Burg,castle,Austria
http://www.wikidata.org/entity/Q24538876,Castillo de las Cinco Esquinas,monument | castle | quarry,Spain
http://www.wikidata.org/entity/Q2970397,Chateau de Rochefort-en-Valdaine,castle,France
http://www.wikidata.org/entity/Q1015886,Burgstall Reiskirchen,castle,Germany
http://www.wikidata.org/entity/Q6699623,Luffness Castle,castle,United Kingdom
http://www.wikidata.org/entity/Q5757454,castle of Monfragüe,castle,Spain
http://www.wikidata.org/entity/Q108741379,Château d'Asswiller,castle,France
http://www.wikidata.org/entity/Q2970369,Château de Reynerie,castle,France
http://www.wikidata.org/entity/Q38611588,Granvilles Castle,castle,United Kingdom
http://www.wikidata.org/entity/Q29890628,castle,architectural structure | castle,Switzerland
http://www.wikidata.org/entity/Q2968143,Castell d'Ascó,castle,Spain
http://www.wikidata.org/entity/Q6665656,Locking Castle,castle,United Kingdom
http://www.wikidata.org/entity/Q55185059,Castello di Passerano,castle,Italy
http://www.wikidata.org/entity/Q28668730,Castello di Rivarolo Mantovano,castle,Italy
http://www.wikidata.org/entity/Q1013656,Reute Castle in the Hegau,castle,Germany
http://www.wikidata.org/entity/Q2664392,Mülheim Castle,castle,Germany
http://www.wikidata.org/entity/Q112169821,Castello di San Michele,castle,Italy
http://www.wikidata.org/entity/Q2970250,Château de Pomay,castle,France
http://www.wikidata.org/entity/Q107608752,Proceno Castle,castle,Italy
http://www.wikidata.org/entity/Q6403619,Al Bithnah Fort,castle,United Arab Emirates
http://www.wikidata.org/entity/Q112137590,Rocca di Caprino,castle,Italy
http://www.wikidata.org/entity/Q3402549,Strmol Castle,castle,Slovenia
http://www.wikidata.org/entity/Q12878518,Rentina Castle,castle | archaeological site,Greece
http://www.wikidata.org/entity/Q30899288,Joppolo Castle,castle,Italy
http://www.wikidata.org/entity/Q89202514,Castello della Caminata,castle,Italy
http://www.wikidata.org/entity/Q39006462,Coitier Castell,castle | field,United Kingdom
http://www.wikidata.org/entity/Q1014552,Burg Wernerseck,castle,Germany
http://www.wikidata.org/entity/Q576569,"Château de Beauregard, Loire Valley",castle,France
http://www.wikidata.org/entity/Q2240905,Erlach Castle,castle | architectural structure | architectural ensemble,Switzerland
http://www.wikidata.org/entity/Q2970983,Château de Villa,architectural structure | castle,Switzerland
http://www.wikidata.org/entity/Q1011802,Burg Frauenstein,castle,Germany
http://www.wikidata.org/entity/Q2967977,Tour Saint-Clair,castle,France
http://www.wikidata.org/entity/Q5049809,Castle of Pena de Aguiar,castle | cultural heritage,Portugal
http://www.wikidata.org/entity/Q12767100,Liptovský Hrádok Castle,castle | castle ruin,Slovakia
http://www.wikidata.org/entity/Q33224613,Schloß Seehaus,castle,Germany
http://www.wikidata.org/entity/Q97653650,Castle of El Coronil,castle,Spain
http://www.wikidata.org/entity/Q6060581,Inverugie Castle,castle,United Kingdom
http://www.wikidata.org/entity/Q449031,Vischering Castle,castle,Germany
http://www.wikidata.org/entity/Q2221500,Château du Bouilh,castle | château,France
http://www.wikidata.org/entity/Q63433463,Castell de Llo,castle,France
http://www.wikidata.org/entity/Q113164379,Castle of Passano,castle,Italy
http://www.wikidata.org/entity/Q2040732,Château de Palaminy,castle,France
http://www.wikidata.org/entity/Q126576,Corvin Castle,castle,Romania
http://www.wikidata.org/entity/Q59197444,Castello di Pietrapiana,castle,Italy
http://www.wikidata.org/entity/Q28662833,Castillo de Higuera de Vargas,castle,Spain
http://www.wikidata.org/entity/Q68297903,Castello Stella Caracciolo,castle,Italy
http://www.wikidata.org/entity/Q1013358,Burg Nürings,castle,Germany
http://www.wikidata.org/entity/Q1012167,Burg Haldessen,castle,Germany
http://www.wikidata.org/entity/Q9386704,Oświęcim Castle,castle,Poland
http://www.wikidata.org/entity/Q2968716,Château de Béhoust,castle,France
http://www.wikidata.org/entity/Q29345610,Castillo de Pola,castle | archaeological site,Spain
http://www.wikidata.org/entity/Q15225316,Horsford Castle,castle,United Kingdom
http://www.wikidata.org/entity/Q3662611,Castello di Frosini,castle,Italy
http://www.wikidata.org/entity/Q113574694,Castello di Dignano,castle,Italy
http://www.wikidata.org/entity/Q5885938,Kharv Castle,castle | cultural property,Iran
http://www.wikidata.org/entity/Q113445280,Castello ducale,castle,Italy
http://www.wikidata.org/entity/Q8342562,Castell de Bellera,castle,Spain
http://www.wikidata.org/entity/Q1959338,Castle of Colombières,castle,France
http://www.wikidata.org/entity/Q1012037,Greifenstein Castle,castle,Italy
http://www.wikidata.org/entity/Q106081581,Rocca di San Vitale,castle,Italy
http://www.wikidata.org/entity/Q3662809,Ponti sul Mincio Castle,castle,Italy
http://www.wikidata.org/entity/Q15803223,Pobrežje Castle,castle,Slovenia
http://www.wikidata.org/entity/Q106051581,Castle of Viano,castle,Italy
http://www.wikidata.org/entity/Q37998909,Schloss Ebergassing,castle | château,Austria
http://www.wikidata.org/entity/Q26570704,Cave Castle,castle,United Kingdom
http://www.wikidata.org/entity/Q1014129,Burg Sterrenberg,castle,Germany
http://www.wikidata.org/entity/Q1011442,Burg Dhronecken,castle | cultural heritage monument in Germany,Germany
http://www.wikidata.org/entity/Q5049794,Castelo de Monsaraz,castle | cultural heritage,Portugal
http://www.wikidata.org/entity/Q1012205,Hartenštejn Castle,castle | castle ruin,Czech Republic
http://www.wikidata.org/entity/Q9386599,Barwałd Castle,castle,Poland
http://www.wikidata.org/entity/Q73404893,castell de Favars,castle,Spain
http://www.wikidata.org/entity/Q2971821,Fort Grey,castle,Guernsey
http://www.wikidata.org/entity/Q1011440,Burg Desenberg,castle,Germany
http://www.wikidata.org/entity/Q1614083,Gutshaus Parow,castle,Germany
http://www.wikidata.org/entity/Q592319,Krásna Hôrka Castle,castle | palace,Slovakia
http://www.wikidata.org/entity/Q55391553,Castello dei Conti Cepollini,castle,Italy
http://www.wikidata.org/entity/Q98173277,Cultural heritage D-6-6326-0366 in Ochsenfurt,castle | feature | Bodendenkmal | preceding structure,Germany
http://www.wikidata.org/entity/Q1015730,Burgstall Eurasburg,castle | archaeological site,Germany
http://www.wikidata.org/entity/Q2970735,Château de Sénergues,castle,France
http://www.wikidata.org/entity/Q6745387,Castell de Moraira,castle,Spain
http://www.wikidata.org/entity/Q113083626,Castello della Torre,castle,Italy
http://www.wikidata.org/entity/Q1013039,Loket Castle,castle,Czech Republic
http://www.wikidata.org/entity/Q2971647,Château du Castelet des Crozes,castle,France
http://www.wikidata.org/entity/Q78661232,Château de Tourruol,castle,France
http://www.wikidata.org/entity/Q6771659,Marlborough Castle,castle,United Kingdom
http://www.wikidata.org/entity/Q1013525,Burg Pungelscheid,castle,Germany
http://www.wikidata.org/entity/Q99512019,Ober-Maggenberg,castle,Switzerland
http://www.wikidata.org/entity/Q4891993,Berkeley Castle,castle | history museum | historic house museum,United Kingdom
http://www.wikidata.org/entity/Q83719781,Château fort Notre Dame de Pitié,castle,France
http://www.wikidata.org/entity/Q24943000,Castle of Ravarano,castle,Italy
http://www.wikidata.org/entity/Q27627620,Dunmoe Castle,castle | national monument of Ireland,Ireland
http://www.wikidata.org/entity/Q5862515,Zar Bolagh Castle,castle,Iran
http://www.wikidata.org/entity/Q98271516,Cultural heritage D-3-6539-0158 in Altendorf (Landkreis Schwandorf),castle | château | feature | Bodendenkmal,Germany
http://www.wikidata.org/entity/Q1015539,Strahlegg castle ruin,castle | castle ruin | archaeological site,Switzerland
http://www.wikidata.org/entity/Q3662767,Castello di Nus,castle,Italy
http://www.wikidata.org/entity/Q67772611,Burg Haselstein,castle,Switzerland
http://www.wikidata.org/entity/Q14544923,Schlossbühl Limpach,castle,Germany
http://www.wikidata.org/entity/Q24942455,Castello baronale di Felline,castle,Italy
http://www.wikidata.org/entity/Q5049847,Castle of Vinhais,castle | cultural heritage,Portugal
http://www.wikidata.org/entity/Q113571383,Castello di Piticchio,castle,Italy
http://www.wikidata.org/entity/Q65210486,Castell de la Guàrdia dels Prats,castle,Spain
http://www.wikidata.org/entity/Q9154149,Fužine Castle,castle,Slovenia
http://www.wikidata.org/entity/Q2970974,Ancien château (Vierzy),castle,France
http://www.wikidata.org/entity/Q112092479,Kapla,castle,Slovakia
http://www.wikidata.org/entity/Q113083628,Castello di Clanezzo,castle,Italy
http://www.wikidata.org/entity/Q2969884,Maison de Lamartine,castle | château,France
http://www.wikidata.org/entity/Q2898656,Hadleigh Castle,castle | ruins,United Kingdom
http://www.wikidata.org/entity/Q17254848,Castle of Segonzano,castle,Italy
http://www.wikidata.org/entity/Q5568529,Glengarnock Castle,castle,United Kingdom
http://www.wikidata.org/entity/Q3662438,Castello della Pietra d'Amico,castle,Italy
http://www.wikidata.org/entity/Q2242114,Château du Champ de Bataille,castle | château,France
http://www.wikidata.org/entity/Q5049766,Castle of Castelo Branco,castle | cultural heritage,Portugal
http://www.wikidata.org/entity/Q3408981,Bokalce Castle,castle,Slovenia
http://www.wikidata.org/entity/Q38614175,"Pen Castell Placename, Aberedw",castle,United Kingdom
http://www.wikidata.org/entity/Q19401695,Prieborn Castle,castle | palace,Poland
http://www.wikidata.org/entity/Q2967848,Castello Bufalini,castle | palazzo museum | military museum building | Italian national museum | Museum of the Italian Ministry of Culture | historic house museum | historical park museum | art museum,Italy
http://www.wikidata.org/entity/Q112143008,Castello di Comonte,castle,Italy
http://www.wikidata.org/entity/Q5049791,Castle of Monforte (Chaves),castle | cultural heritage,Portugal
http://www.wikidata.org/entity/Q38049846,Römischer Burgus,castle,Austria
http://www.wikidata.org/entity/Q17642240,Down Hall moated site,castle | fortified manor house | moated site,United Kingdom
http://www.wikidata.org/entity/Q97619028,Castillo,monument | castle | archaeological site,Spain
http://www.wikidata.org/entity/Q481476,Castle of Lochstädt,castle | archaeological site,Russia
http://www.wikidata.org/entity/Q1015247,Earnaness,castle | building,Sweden
http://www.wikidata.org/entity/Q111699782,Castle of Cesarò,castle,Italy
http://www.wikidata.org/entity/Q1011417,Burg Degelstein,castle | archaeological site,Germany
http://www.wikidata.org/entity/Q5037851,Carberry Tower,castle,United Kingdom
http://www.wikidata.org/entity/Q15940137,Château de Butenheim,castle | château,France
http://www.wikidata.org/entity/Q112169839,Castello di Copiano,architectural ensemble | castle,Italy
http://www.wikidata.org/entity/Q1013658,Castle Rheineck,castle,Germany
http://www.wikidata.org/entity/Q5757742,Castillo de las Arguijuelas de Abajo,castle,Spain
http://www.wikidata.org/entity/Q4667854,Abinger Castle,castle,United Kingdom
http://www.wikidata.org/entity/Q41278983,Werkssiedlung Wackerstraße,castle,Germany
http://www.wikidata.org/entity/Q1014585,Burg Wildeck,castle,Germany
http://www.wikidata.org/entity/Q1012338,Burg Hilzingen,castle,Germany
http://www.wikidata.org/entity/Q28382109,Castello di Tiorre,castle,Italy
http://www.wikidata.org/entity/Q7544428,Smerby Castle,castle,United Kingdom
http://www.wikidata.org/entity/Q107736620,Burg Barberg,castle,Germany
http://www.wikidata.org/entity/Q5757161,Castillo de Beselga,castle,Spain
http://www.wikidata.org/entity/Q72683080,Castello Conti Carroccio,castle,Italy
http://www.wikidata.org/entity/Q98362939,Cultural heritage D-2-7037-0168 in Kelheim,castle | château | feature | Bodendenkmal,Germany
http://www.wikidata.org/entity/Q2714250,Bock,castle | rock formation,Luxembourg
http://www.wikidata.org/entity/Q3662542,Castellaro Castle,castle,Italy
http://www.wikidata.org/entity/Q749534,Näs Castle,castle | ancient monument | ruins,Sweden
http://www.wikidata.org/entity/Q5179833,Cowthally Castle,castle,United Kingdom
http://www.wikidata.org/entity/Q11904675,Ravendel,castle | ruins,Turkey
http://www.wikidata.org/entity/Q1015960,Burgstall Wehingen,castle,Germany
http://www.wikidata.org/entity/Q11124333,Ilok Castle,castle,Croatia
http://www.wikidata.org/entity/Q22009626,Château de la Motte,castle | château,Belgium
http://www.wikidata.org/entity/Q17547227,Leasowe Castle,castle,United Kingdom
http://www.wikidata.org/entity/Q3431559,Falsterbohus,castle,Sweden
http://www.wikidata.org/entity/Q41418811,Burgbefestigung,castle,Germany
http://www.wikidata.org/entity/Q2969767,Château de Madic,castle,France
http://www.wikidata.org/entity/Q2970653,Château de Savigny-sur-Grosne,castle | château,France
http://www.wikidata.org/entity/Q11913192,Castellot d'Estaís,castle,Spain
http://www.wikidata.org/entity/Q24659425,Dinas Island Castell,castle,United Kingdom
http://www.wikidata.org/entity/Q2968207,Château d'Epiry,castle,France
http://www.wikidata.org/entity/Q1014672,"Burg Zasteler Stein, Oberried",castle,Germany
http://www.wikidata.org/entity/Q78660805,Château de Giens,castle,France
http://www.wikidata.org/entity/Q113563444,Castello Chiaramontano,castle,Italy
http://www.wikidata.org/entity/Q7851303,Tudor Museum,museum | castle,Luxembourg
http://www.wikidata.org/entity/Q1315980,Schloss Neu-Ortenburg,castle,Germany
http://www.wikidata.org/entity/Q24933903,Castel Coredo,castle,Italy
http://www.wikidata.org/entity/Q1013661,Burg Rheinhausen,castle,Germany
http://www.wikidata.org/entity/Q5050422,Castillo,monument | castle,Spain
http://www.wikidata.org/entity/Q106073345,Veggio Castle,castle | tower house | castle ruin,Italy
http://www.wikidata.org/entity/Q43135333,Alquife Castle,castle,Spain
http://www.wikidata.org/entity/Q5046407,Carrigrohane Castle,castle,Ireland
http://www.wikidata.org/entity/Q5049776,Castle of Folgosinho,castle | cultural heritage,Portugal
http://www.wikidata.org/entity/Q2968751,Château de Campan,castle,France
http://www.wikidata.org/entity/Q3662779,Paderna Castle,castle,Italy
http://www.wikidata.org/entity/Q83719130,Château fort de Dun le Chastel,castle,France
http://www.wikidata.org/entity/Q115557890,Reitwiller Castle,castle,France
http://www.wikidata.org/entity/Q67772255,Burgstelle Gsteig,castle,Switzerland
http://www.wikidata.org/entity/Q47169930,Castell de Vallmanya,castle,France
http://www.wikidata.org/entity/Q24704727,New Navarino Fortress,fortress | castle,Greece
http://www.wikidata.org/entity/Q1427883,Maltesholm Castle,castle,Sweden
http://www.wikidata.org/entity/Q1014600,Wildenburg Castle,castle | castle ruin,Switzerland
http://www.wikidata.org/entity/Q5131620,Clent Castle,castle | folly,United Kingdom
http://www.wikidata.org/entity/Q6832875,Tazouda Castle,castle,Morocco
http://www.wikidata.org/entity/Q3662623,Castello di Gragnano,castle,Italy
http://www.wikidata.org/entity/Q113564344,Castello di Mokarta,castle,Italy
http://www.wikidata.org/entity/Q1014559,Burg Werth,castle | geographic region,Germany
http://www.wikidata.org/entity/Q3848087,Peñaflor Castle,castle,Spain
http://www.wikidata.org/entity/Q2970486,Château de Saint-André du Coing,castle,France
http://www.wikidata.org/entity/Q108588130,Unterhaus,architectural structure | castle,Germany
http://www.wikidata.org/entity/Q2968125,Château d'Arranceau,castle,France
http://www.wikidata.org/entity/Q1013977,Burg Seelbach,castle,Germany
http://www.wikidata.org/entity/Q13430801,Castello di Champorcher,castle,Italy
http://www.wikidata.org/entity/Q5118779,Château de Grégy,castle | château,France
http://www.wikidata.org/entity/Q3662143,Wehrburg,castle,Italy
http://www.wikidata.org/entity/Q108612739,Vranokastro,castle,Greece
http://www.wikidata.org/entity/Q39011952,Tongwynlais alleged Motte,castle,United Kingdom
http://www.wikidata.org/entity/Q1014378,Burg Veynau,castle,Germany
http://www.wikidata.org/entity/Q24568069,Castillo de Zahinos,castle,Spain
http://www.wikidata.org/entity/Q31925729,Burgeln,castle,Germany
http://www.wikidata.org/entity/Q15940078,Château de Cinne,castle,France
http://www.wikidata.org/entity/Q24661590,Comfort Castle,castle,United Kingdom
http://www.wikidata.org/entity/Q58397311,Gut Petersdorf: Landschaftsgarten auf der Burginsel,castle,Germany
http://www.wikidata.org/entity/Q24660036,Barley Pound,castle,United Kingdom
http://www.wikidata.org/entity/Q97499982,Castell d'Arraona,castle,Spain
http://www.wikidata.org/entity/Q3662588,castle of Cosseria,castle,Italy
http://www.wikidata.org/entity/Q3662356,Castello Passerin d'Entreves,castle,Italy
http://www.wikidata.org/entity/Q5445103,Fernie Castle,castle,United Kingdom
http://www.wikidata.org/entity/Q2969168,Dundarg Castle,castle | promontory fort | archaeological site,United Kingdom
http://www.wikidata.org/entity/Q1012856,Burg Laubegg,castle,Germany
http://www.wikidata.org/entity/Q42688512,Sebasta Castle,castle,Albania
http://www.wikidata.org/entity/Q5898900,Pasgah Helali Castle,castle | cultural property,Iran
http://www.wikidata.org/entity/Q1815601,Château de Montfort,castle,France
http://www.wikidata.org/entity/Q42779256,Mehrnegar Castle (Gilan-e Gharb County),castle | cultural property,Iran
http://www.wikidata.org/entity/Q11913131,Castell de la Manresana,castle,Spain
http://www.wikidata.org/entity/Q54870718,Castello di Campello Alto,castle,Italy
http://www.wikidata.org/entity/Q1720720,Turmhügelburg Attendorn,castle,Germany
http://www.wikidata.org/entity/Q16268256,Castello di Castelnovo,castle,Italy
http://www.wikidata.org/entity/Q35453820,Castle of Talamantes,rock castle | castle,Spain
http://www.wikidata.org/entity/Q1013069,Burg Mandach,castle,Germany
http://www.wikidata.org/entity/Q682756,Jörgenberg Castle,castle | castle ruin,Switzerland
http://www.wikidata.org/entity/Q946702,Dunrobin Castle,castle,United Kingdom
http://www.wikidata.org/entity/Q8342390,Castell de Lluçà,castle,Spain
http://www.wikidata.org/entity/Q2969873,Château de Messei,castle,France
http://www.wikidata.org/entity/Q2542624,Wallburg Pöhlde,castle | archaeological site,Germany
http://www.wikidata.org/entity/Q83718974,Château fort de Buron,castle,France
http://www.wikidata.org/entity/Q56661781,Dounreay Castle,castle,United Kingdom
http://www.wikidata.org/entity/Q2969041,Château de Cornillon (Bugey),castle,France
http://www.wikidata.org/entity/Q3662666,Castello di Lusuolo,castle,Italy
http://www.wikidata.org/entity/Q4892954,Castillo de Abenromá,castle,Spain
http://www.wikidata.org/entity/Q2971249,Château de la Girottière,castle,France
http://www.wikidata.org/entity/Q113386121,Castello di Bivai,castle,Italy
http://www.wikidata.org/entity/Q6932097,Mugdock Castle,castle,United Kingdom
http://www.wikidata.org/entity/Q2457103,Château de Trigonant,castle | château,France
http://www.wikidata.org/entity/Q1012404,Burg Hohenerpfingen,castle,Germany
http://www.wikidata.org/entity/Q1014473,Burg Walsburg,castle,Germany
http://www.wikidata.org/entity/Q2970605,Château de Saix,castle,France
http://www.wikidata.org/entity/Q10527173,Hundhamra,hillfort | castle | grave field,Sweden
http://www.wikidata.org/entity/Q15793079,Burg Pritzerbe,castle,Germany
http://www.wikidata.org/entity/Q9386681,Międzylesie Castle,castle,Poland
http://www.wikidata.org/entity/Q16653093,Lenzenberg Castle,castle,Russia | State of the Teutonic Order
http://www.wikidata.org/entity/Q56359192,Ballyrobert Castle,castle,Ireland
http://www.wikidata.org/entity/Q108612398,Castle of Ano Fanari,castle,Greece
http://www.wikidata.org/entity/Q113286012,Castello di Monte Vairano,castle,Italy
http://www.wikidata.org/entity/Q24945559,Lubliniec Castle,castle,Poland
http://www.wikidata.org/entity/Q2243043,Schloss Rabensburg,castle | château,Austria
http://www.wikidata.org/entity/Q1013939,Burg Schwarzwald,castle,Germany
http://www.wikidata.org/entity/Q112317759,Castello di Bascapè,castle,Italy
http://www.wikidata.org/entity/Q2971367,Château de la Roche,castle,France
http://www.wikidata.org/entity/Q5757402,Castle of Leiva,castle,Spain
http://www.wikidata.org/entity/Q1014539,Burg Welterode,castle,Germany
http://www.wikidata.org/entity/Q1012740,Kriegshoven Castle,castle,Germany
http://www.wikidata.org/entity/Q67772680,Château de Réaumont,castle,France
http://www.wikidata.org/entity/Q17596592,Castell de Saburella,castle,Spain
http://www.wikidata.org/entity/Q2968049,Château d'Albinhac,castle,France
http://www.wikidata.org/entity/Q113459586,Castello di Battifolle,castle,Italy
http://www.wikidata.org/entity/Q4989654,Kasteel Huize Ruurlo,museum | castle | house | estate,Netherlands
http://www.wikidata.org/entity/Q5194431,Cupar Castle,castle,United Kingdom
http://www.wikidata.org/entity/Q15944193,Manoir du Blanc-Buisson,castle,France
http://www.wikidata.org/entity/Q24661681,Castell Gwyddgrug,castle,United Kingdom
http://www.wikidata.org/entity/Q69359879,Castle of Roddi,castle | historical park museum | military museum building,Italy
http://www.wikidata.org/entity/Q112686779,Santa Maria a Castello,church building | castle,Italy
http://www.wikidata.org/entity/Q108612725,Castle of Velouchovo,castle,Greece
http://www.wikidata.org/entity/Q50427577,Kilcoe Castle,castle,Ireland
http://www.wikidata.org/entity/Q1015430,Burgruine Neuberg,castle,Germany
http://www.wikidata.org/entity/Q5118808,Château de Mirabat,castle | château,France
http://www.wikidata.org/entity/Q2970355,Château de Remilly-les-Pothées,castle,France
http://www.wikidata.org/entity/Q18696056,Castell de Caldes,castle,Spain
http://www.wikidata.org/entity/Q27993868,Castle of Roccaverano,castle,Italy
http://www.wikidata.org/entity/Q55049109,O'Grady's Castle,castle,Ireland
http://www.wikidata.org/entity/Q159971,Lemberk Castle,castle | château,Czech Republic
http://www.wikidata.org/entity/Q17518662,Kastro tis Orias,castle,Greece
http://www.wikidata.org/entity/Q1014544,Burg Werdenstein,castle | archaeological site,Germany
http://www.wikidata.org/entity/Q14943607,Auchanachie Castle,castle,United Kingdom
http://www.wikidata.org/entity/Q5561343,Gilbertfield Castle,castle,United Kingdom
http://www.wikidata.org/entity/Q3662086,Colz,castle | Ansitz,Italy
http://www.wikidata.org/entity/Q113334458,Castello di Maillo,castle,Italy
http://www.wikidata.org/entity/Q18431640,Castle in Brok,castle,Poland
http://www.wikidata.org/entity/Q5183962,Creevekeeran Castle,castle,United Kingdom
http://www.wikidata.org/entity/Q15940494,Château de Pujols,castle,France
http://www.wikidata.org/entity/Q30737476,Schwarzenbourg Castle,castle,France
http://www.wikidata.org/entity/Q17647521,Motte and double ringwork east of Bishopstrow Farm,motte-and-bailey castle | castle,United Kingdom
http://www.wikidata.org/entity/Q18046588,Fortifications romaines des Cluses,castle,France
http://www.wikidata.org/entity/Q29491623,Van House,mansion | castle,United Kingdom
http://www.wikidata.org/entity/Q747306,Fort-la-Latte,castle,France
http://www.wikidata.org/entity/Q78660839,Château de Joyeuse,castle,France
http://www.wikidata.org/entity/Q104778385,Ilud Castle,castle,Iran
http://www.wikidata.org/entity/Q7659623,Sycharth Castle,motte-and-bailey castle | castle | archaeological site,United Kingdom
http://www.wikidata.org/entity/Q2970459,Château de Ruynes,castle,France
http://www.wikidata.org/entity/Q842895,Château de Kintzheim,castle,France
http://www.wikidata.org/entity/Q9386678,Maribor Castle,castle,Slovenia
http://www.wikidata.org/entity/Q113361709,Castello di Ternengo,castle,Italy
http://www.wikidata.org/entity/Q38099099,Frohnburghof,castle,Austria
http://www.wikidata.org/entity/Q1014445,Burg Waldangelloch,castle,Germany
http://www.wikidata.org/entity/Q33123115,Rush Demense Castle,castle,Ireland
http://www.wikidata.org/entity/Q105975374,Muirfad Castle,castle,United Kingdom
http://www.wikidata.org/entity/Q1013371,Burg Oberhohenberg,castle,Germany
http://www.wikidata.org/entity/Q458673,Belfort castle ruin,castle | castle ruin,Switzerland
http://www.wikidata.org/entity/Q113577918,Castello di Molara,castle,Italy
http://www.wikidata.org/entity/Q26379959,Crew Castle,castle,United Kingdom
http://www.wikidata.org/entity/Q2968302,Château d'Oigny-en-Valois,castle,France
http://www.wikidata.org/entity/Q24890788,Archbold's Castle,castle,Ireland
http://www.wikidata.org/entity/Q12141841,Castle Połonnem,castle,Ukraine
http://www.wikidata.org/entity/Q3662805,Poira Castle,castle,Italy
http://www.wikidata.org/entity/Q113303919,Castello di Pratalina,castle,Italy
http://www.wikidata.org/entity/Q55435447,Rovere Castle,castle | castle ruin,Italy
http://www.wikidata.org/entity/Q67772729,Castello di Bizzozero,castle,Italy
http://www.wikidata.org/entity/Q43672211,Castle of Roccaferrara,castle,Italy
http://www.wikidata.org/entity/Q17595778,Castell Coll,castle,Spain
http://www.wikidata.org/entity/Q112140419,Castello di G. Fermo degli Alessandri,castle,Italy
http://www.wikidata.org/entity/Q17596452,Castell de Montsuar,castle,Spain
http://www.wikidata.org/entity/Q113163607,Castello di Conscente,castle,Italy
http://www.wikidata.org/entity/Q20985567,Castell de Montlleó,castle,Spain
http://www.wikidata.org/entity/Q5905500,Sar Firuzabad Castle,castle,Iran
http://www.wikidata.org/entity/Q1013318,Burg Niederburg,castle,Germany
http://www.wikidata.org/entity/Q7253424,Przemyśl Castle,castle,Poland
http://www.wikidata.org/entity/Q15108240,Burg Kühschlag,castle,Austria
http://www.wikidata.org/entity/Q1013426,Burg Oldenburg,castle,Germany
http://www.wikidata.org/entity/Q8342196,Castell de Bufalaranya,castle,Spain
http://www.wikidata.org/entity/Q112137909,Castello di Stefanago,castle,Italy
http://www.wikidata.org/entity/Q2552418,Ardvreck Castle,castle | barn,United Kingdom
http://www.wikidata.org/entity/Q1013573,Ramstein Castle,castle,Germany
http://www.wikidata.org/entity/Q940492,Bouzov Castle,castle,Czech Republic
http://www.wikidata.org/entity/Q15108432,Burgstall Rettenburg,castle | archaeological site,Germany
http://www.wikidata.org/entity/Q2968565,Château de Bity,castle,France
http://www.wikidata.org/entity/Q61883080,Vieille Cour Castle,castle,France
http://www.wikidata.org/entity/Q2969849,Château de Mausson,castle,France
http://www.wikidata.org/entity/Q12634374,Castello di Coriolano Cippico,castle,Croatia
http://www.wikidata.org/entity/Q322183,Riga Castle,castle,Latvia
http://www.wikidata.org/entity/Q1013788,Burg Rüthen,castle,Germany
http://www.wikidata.org/entity/Q14333115,Burg Adlmannstein,castle | archaeological site,Germany
http://www.wikidata.org/entity/Q17596732,Castell de Talteüll,castle,Spain
http://www.wikidata.org/entity/Q2520602,Château de Flers,castle,France
http://www.wikidata.org/entity/Q1049226,Castillo de Montealegre de Campos,castle | silo,Spain
http://www.wikidata.org/entity/Q805847,Balvenie Castle,destroyed building or structure | castle,United Kingdom
http://www.wikidata.org/entity/Q81866530,Banff Castle,castle | motte | house,United Kingdom
http://www.wikidata.org/entity/Q1013905,Burg Schmidsreute,castle,Germany
http://www.wikidata.org/entity/Q97616344,Castillo,monument | castle,Spain
http://www.wikidata.org/entity/Q30505934,Castle in Torrehermosa,castle,Spain
http://www.wikidata.org/entity/Q83719314,Château fort de Lenest,castle,France
http://www.wikidata.org/entity/Q98290504,Cultural heritage D-7-8427-0057 in Immenstadt im Allgäu,castle | feature | Bodendenkmal,Germany
http://www.wikidata.org/entity/Q33516551,Castle of Ainzon,castle,Spain
http://www.wikidata.org/entity/Q2970354,Château de Remilly-Aillicourt,castle,France
http://www.wikidata.org/entity/Q120692000,Chehel Dokhtar Castle (Kashmar County),destroyed building or structure | castle,Iran
http://www.wikidata.org/entity/Q5049672,Green Castle,castle | fortified manor house | building,United Kingdom
http://www.wikidata.org/entity/Q19828409,Tomen yr Allt,castle | motte | archaeological site,United Kingdom
http://www.wikidata.org/entity/Q55377098,Alfieri Castle in Magliano,castle,Italy
http://www.wikidata.org/entity/Q62066808,Buccinasco Castle,castle | villa | architectural ensemble,Italy
http://www.wikidata.org/entity/Q83719216,Château fort de l'Embege,castle,France
http://www.wikidata.org/entity/Q3662928,Tour de Ville Castle,castle,Italy
http://www.wikidata.org/entity/Q78660697,Château de Canet,castle,France
http://www.wikidata.org/entity/Q26276636,Clayton Castle,castle,United Kingdom
http://www.wikidata.org/entity/Q2971726,Château Le Manais,castle,France
http://www.wikidata.org/entity/Q16411825,Gulbenes viduslaiku pils,castle,Latvia
http://www.wikidata.org/entity/Q6534649,Leutemberg Castle,castle | building,Slovenia
http://www.wikidata.org/entity/Q1013694,Burg Rockenstuhl,castle,Germany
http://www.wikidata.org/entity/Q18214371,Domaine de Chennebrun,castle | château,France
http://www.wikidata.org/entity/Q113140749,Castello di Roncadelle,castle,Italy
http://www.wikidata.org/entity/Q38599528,Llanelli New Castle,castle,United Kingdom
http://www.wikidata.org/entity/Q1012890,Lehrbach Castle,castle | ruins | cultural heritage ensemble,Germany
http://www.wikidata.org/entity/Q63495355,Santa Severa Castle,castle,Italy
http://www.wikidata.org/entity/Q113451548,Norman castle,castle,Italy
http://www.wikidata.org/entity/Q97629974,Castillo,monument | castle,Spain
http://www.wikidata.org/entity/Q1008083,Gara-halom,castle,Hungary
http://www.wikidata.org/entity/Q111413143,Castello di Casiglio,hotel | castle,Italy
http://www.wikidata.org/entity/Q696951,Pfalzgrafenstein Castle,castle | toll castle,Germany
http://www.wikidata.org/entity/Q3662675,Castello di Mariana Mantovana,castle,Italy
http://www.wikidata.org/entity/Q3662141,Castel Sant'Angelo,castle | military museum building,Italy
http://www.wikidata.org/entity/Q8342572,Castell de Subirats,castle,Spain
http://www.wikidata.org/entity/Q1808663,Château de Bayac,castle | château,France
http://www.wikidata.org/entity/Q15106211,Abschnittsbefestigung Mallburg,castle | archaeological site,Germany
http://www.wikidata.org/entity/Q2133040,Raubschloss Ringethal,castle,Germany
http://www.wikidata.org/entity/Q58402266,Burggraben,castle,Germany
http://www.wikidata.org/entity/Q5895970,Bedaf Castle,castle,Iran
http://www.wikidata.org/entity/Q1012269,Heinfels Castle,castle | rocca,Austria
http://www.wikidata.org/entity/Q2175300,Heidburg,castle,Germany
http://www.wikidata.org/entity/Q16325207,Castle of Meximieux,castle,France
http://www.wikidata.org/entity/Q55732939,Castillo de Canales,castle,Spain
http://www.wikidata.org/entity/Q3811187,Castle of Marvão,castle | cultural heritage,Portugal
http://www.wikidata.org/entity/Q20594302,Llanthomas Castle Mound,castle | motte,United Kingdom
http://www.wikidata.org/entity/Q83719184,Château fort de Gigondas,castle,France
http://www.wikidata.org/entity/Q1012852,Lanšperk Castle,castle | castle ruin,Czech Republic
http://www.wikidata.org/entity/Q4354900,Dubingiai Castle,castle,Lithuania
http://www.wikidata.org/entity/Q2154496,Château de La Gallée,castle,France
http://www.wikidata.org/entity/Q11913068,Castell de Palagret,castle,Spain
http://www.wikidata.org/entity/Q108612426,Damasio Castle,castle,Greece
http://www.wikidata.org/entity/Q2968789,Château de Caudeval,castle,France
http://www.wikidata.org/entity/Q2969422,Château de Jasseron,castle,France
http://www.wikidata.org/entity/Q24424299,Torre del homenaje del antiguo castillo,monument | castle | tower,Spain
http://www.wikidata.org/entity/Q3662698,Castello di Miradolo,castle | real property,Italy
http://www.wikidata.org/entity/Q33224588,Schloß Schwenzin,castle,Germany
http://www.wikidata.org/entity/Q3299266,Kanina Fortress,castle | historic site,Albania
http://www.wikidata.org/entity/Q5874295,Qameshlu Castle,castle,Iran
http://www.wikidata.org/entity/Q3663135,Castello della Pietra,castle,Italy
http://www.wikidata.org/entity/Q49575018,Denkmalschutzgebiet Stadtkern Burgstädt,castle,Germany
http://www.wikidata.org/entity/Q17496804,Ioannina Castle,castle | archaeological site,Greece
http://www.wikidata.org/entity/Q8342191,Castell de Besora,castle,Spain
http://www.wikidata.org/entity/Q1559136,Haus Traar,castle,Germany
http://www.wikidata.org/entity/Q122219728,Original Swansea Castle,castle,United Kingdom
http://www.wikidata.org/entity/Q38599487,"Castell Placename, Waen",castle,United Kingdom
http://www.wikidata.org/entity/Q1011701,Festenstein Castle,castle,Italy
http://www.wikidata.org/entity/Q80471029,Ellon Castle,castle,United Kingdom
http://www.wikidata.org/entity/Q13580496,Castello di Montfleury,castle,Italy
http://www.wikidata.org/entity/Q106082299,Torrione e Rocca Malatestiana,castle,Italy
http://www.wikidata.org/entity/Q67772071,Burgruine Chastels,castle,Switzerland
http://www.wikidata.org/entity/Q1551416,Gräfenberg,castle | mountain,Germany
http://www.wikidata.org/entity/Q5916970,Erdan Castle,castle | cultural property,Iran
http://www.wikidata.org/entity/Q1013727,Chateau de Roquebrune,castle,France
http://www.wikidata.org/entity/Q98272283,Cultural heritage D-3-6935-0101 in Breitenbrunn (Oberpfalz),castle | château | feature | Bodendenkmal,Germany
http://www.wikidata.org/entity/Q3662864,Castello di San Giorgio,religious museum | castle,Italy
http://www.wikidata.org/entity/Q43830533,Castillo de Villatoro,castle,Spain
http://www.wikidata.org/entity/Q25535604,Castello di Belcastro,castle,Italy
http://www.wikidata.org/entity/Q1013439,Burg Orsbach,castle,Germany
http://www.wikidata.org/entity/Q1010982,Burg Beutelsbach,castle,Germany
http://www.wikidata.org/entity/Q1012927,Burg Lichteneck,castle | cultural heritage monument in Germany,Germany
http://www.wikidata.org/entity/Q17536239,Scargill Castle,castle | fortified manor house,United Kingdom
http://www.wikidata.org/entity/Q1013469,Burg Perlenberg,castle,Germany
http://www.wikidata.org/entity/Q106077684,il Borgallo,castle,Italy
http://www.wikidata.org/entity/Q1010766,Burgruine Grafenstein,castle,Austria
http://www.wikidata.org/entity/Q1010881,Burg Bachberg,castle | archaeological site,Germany
http://www.wikidata.org/entity/Q12047651,Pustý zámek,castle,Czech Republic
http://www.wikidata.org/entity/Q78661247,Château de Vernay,castle,France
http://www.wikidata.org/entity/Q17597013,Château de Caudiès-de-Conflent,castle,France
http://www.wikidata.org/entity/Q16893880,Lackeen Castle,castle,Ireland
http://www.wikidata.org/entity/Q78661088,Château de Praslin,castle,France
http://www.wikidata.org/entity/Q1663657,Vittskövle Castle,castle,Sweden
http://www.wikidata.org/entity/Q24660452,Hawkers Hall,castle,United Kingdom
http://www.wikidata.org/entity/Q6008450,Amasra Castle,castle,Turkey
http://www.wikidata.org/entity/Q2970197,Château de Pernant,castle,France
http://www.wikidata.org/entity/Q15943959,Château de Gézier,castle,France
http://www.wikidata.org/entity/Q113576783,Castello di Naro,castle,Italy
http://www.wikidata.org/entity/Q6150339,Castillo de Torres Cabrera,castle,Spain
http://www.wikidata.org/entity/Q17570895,Murthly Castle,castle,United Kingdom
http://www.wikidata.org/entity/Q5757480,Castillo de Mucientes,castle,Spain
http://www.wikidata.org/entity/Q28468182,Shelford,castle,United Kingdom
http://www.wikidata.org/entity/Q43132382,Castillo (Albanchez),monument | castle,Spain
http://www.wikidata.org/entity/Q5756967,Castell Palau de la Baronia (Alcàsser),castle | casa consistorial,Spain
http://www.wikidata.org/entity/Q5917696,Grub Castle,castle,Iran
http://www.wikidata.org/entity/Q24050143,Castillo de Arenas,monument | castle,Spain
http://www.wikidata.org/entity/Q1584932,Harburg (Eichsfeld),castle,Germany
http://www.wikidata.org/entity/Q5888504,"Qala Castle, Sarayan",castle,Iran
http://www.wikidata.org/entity/Q117601252,Castle of Chionochori,castle | human fortified settlement,Greece
http://www.wikidata.org/entity/Q1012479,Holštejn Castle,castle | castle ruin,Czech Republic
http://www.wikidata.org/entity/Q30097808,Castello di Castione de' Baratti,castle,Italy
http://www.wikidata.org/entity/Q98275802,Cultural heritage D-3-6739-0077 in Nittenau,castle | château | feature | Bodendenkmal,Germany
http://www.wikidata.org/entity/Q106074714,Castello e Torre di Ceparano,castle,Italy
http://www.wikidata.org/entity/Q218621,Zollernschloss,castle,Germany
http://www.wikidata.org/entity/Q26636612,Heighley Castle,castle,United Kingdom
http://www.wikidata.org/entity/Q1016000,Hoh-Wülflingen,castle | castle ruin,Switzerland
http://www.wikidata.org/entity/Q68324479,Castle of Mombaldone,castle,Italy
http://www.wikidata.org/entity/Q1014073,Burg Staufeneck,castle,Germany
http://www.wikidata.org/entity/Q1014734,Burgstall Hohenlinden,castle,Germany
http://www.wikidata.org/entity/Q28752158,Asingaborg,castle | borg,Netherlands
http://www.wikidata.org/entity/Q24023827,Castillo de Santa Catalina,monument | castle,Spain
http://www.wikidata.org/entity/Q28711032,Château de Périllos,castle,France
http://www.wikidata.org/entity/Q78661282,Château de Weidesheim,castle,France
http://www.wikidata.org/entity/Q687186,Schloss Wilhelmshöhe,castle,Germany
http://www.wikidata.org/entity/Q131701462,Moggi House,castle,
http://www.wikidata.org/entity/Q2968454,Château de Bayers,castle,France
http://www.wikidata.org/entity/Q67772163,Château de Jancigny,castle,France
http://www.wikidata.org/entity/Q1010688,Burg Alleshausen,castle,Germany
http://www.wikidata.org/entity/Q17643093,Blenkinsopp Castle (uninhabited parts),castle,United Kingdom
http://www.wikidata.org/entity/Q67772719,Castel del Ciacio,castle,Italy
http://www.wikidata.org/entity/Q1013410,Burg Odenhausen,castle,Germany
http://www.wikidata.org/entity/Q113558852,Castello dei Tre Cantoni,castle,Italy
http://www.wikidata.org/entity/Q112143629,Castello di Vistarino,castle,Italy
http://www.wikidata.org/entity/Q39006490,Cefn Gaer,castle,United Kingdom
http://www.wikidata.org/entity/Q1498926,Jagdschloss Lopshorn,castle,Germany
http://www.wikidata.org/entity/Q113383448,Castle of Gronumbergo,castle,Italy
http://www.wikidata.org/entity/Q30089389,Manor in Stara Kraśnica,castle,Poland
http://www.wikidata.org/entity/Q34492414,Pietrapertosa Castle,castle,Italy
http://www.wikidata.org/entity/Q2971759,Château du Paty,castle,France
http://www.wikidata.org/entity/Q30741062,Château des Hautes-Montées,castle,France
http://www.wikidata.org/entity/Q7564055,Souaillon Castle,castle,Switzerland
http://www.wikidata.org/entity/Q2971625,Château du Bouchet,castle,France
http://www.wikidata.org/entity/Q56400808,Castell dels Moros d'Èvol,castle,France
http://www.wikidata.org/entity/Q24942423,Castello Ducale,castle,Italy
http://www.wikidata.org/entity/Q2970803,Château de Thuillières,castle | château,France
http://www.wikidata.org/entity/Q98219118,Cultural heritage D-4-6234-0169 in Gößweinstein,castle | Bodendenkmal | preceding structure,Germany
http://www.wikidata.org/entity/Q2968535,Château de Berbiguières,castle,France
http://www.wikidata.org/entity/Q30185679,Zvezda Castle,castle | historic site,Albania
http://www.wikidata.org/entity/Q5050435,Castle of Turégano,monument | castle,Spain
http://www.wikidata.org/entity/Q373326,Viljandi Castle,destroyed building or structure | castle,Estonia
http://www.wikidata.org/entity/Q5621767,Guthrie Castle,castle,United Kingdom
http://www.wikidata.org/entity/Q78660869,Château de la Liègue,castle,France
http://www.wikidata.org/entity/Q1013960,Burg Schöneck,castle,Germany
http://www.wikidata.org/entity/Q14750827,Bioul Castle,castle,Belgium
http://www.wikidata.org/entity/Q1010948,Berg Castle,castle,Germany
http://www.wikidata.org/entity/Q2473730,Château de Bercy,castle | château,France
http://www.wikidata.org/entity/Q17570469,Rusko Castle,castle,United Kingdom
http://www.wikidata.org/entity/Q1014696,Burg Zweifelsberg,castle,Germany
http://www.wikidata.org/entity/Q97441280,Castelli Tapparelli D'Azeglio,castle,Italy
http://www.wikidata.org/entity/Q2969309,Château de Genoud,castle,France
http://www.wikidata.org/entity/Q78661269,Château de Viviourès,castle,France
http://www.wikidata.org/entity/Q1010713,Burg Altlaubenberg,castle | archaeological site,Germany
http://www.wikidata.org/entity/Q2689530,Château de Cléron,castle,France
http://www.wikidata.org/entity/Q3662825,Castello di Radi di Montagna,castle,Italy
http://www.wikidata.org/entity/Q2968589,Château de Bonnay,castle,France
http://www.wikidata.org/entity/Q1010702,Dieburg,castle,Germany
http://www.wikidata.org/entity/Q110315307,Fort d'Orleans,castle,Spain
http://www.wikidata.org/entity/Q669642,Burg Kreuzenstein,museum | castle,Austria
http://www.wikidata.org/entity/Q98332771,Cultural heritage D-1-8240-0118 in Marquartstein,castle | Bodendenkmal | chapel | feature | preceding structure,Germany
http://www.wikidata.org/entity/Q5909504,Kuchar Castle,castle,Iran
http://www.wikidata.org/entity/Q97631151,Castillo del Cerro de la Virgen,monument | castle,Spain
http://www.wikidata.org/entity/Q1013336,Castelnuovo di Noarna,castle,Italy
http://www.wikidata.org/entity/Q1013616,Burg Reichenau,castle,Germany
http://www.wikidata.org/entity/Q9386723,Ruina zamku w Radziechowie,castle,Poland
http://www.wikidata.org/entity/Q657892,Château du Lude,castle,France
http://www.wikidata.org/entity/Q1013518,Pottenstein Castle,castle | archaeological site,Germany
http://www.wikidata.org/entity/Q107526095,Burg Eiswürden,castle,Germany
http://www.wikidata.org/entity/Q369999,Hamrštejn,castle | castle ruin,Czech Republic
http://www.wikidata.org/entity/Q55085948,Castello dell'Aquila,castle,Italy
http://www.wikidata.org/entity/Q12033190,Lečenec,castle,Czech Republic
http://www.wikidata.org/entity/Q37293351,Svrčov Castle,castle | castle ruin | settlement site,Czech Republic
http://www.wikidata.org/entity/Q7909249,Castle and its Fortifications,rampart | castle | fortification | architectural structure,Switzerland
http://www.wikidata.org/entity/Q38037399,Přerovec,castle | castle ruin,Czech Republic
http://www.wikidata.org/entity/Q5924857,"Qal'eh Dokhtar, Estahban",castle,Iran
http://www.wikidata.org/entity/Q2968181,Château d'Avigneau,castle,France
http://www.wikidata.org/entity/Q4703845,Al Fulayyah,castle,United Arab Emirates
http://www.wikidata.org/entity/Q43374,Dunollie Castle,castle | archaeological site,United Kingdom
http://www.wikidata.org/entity/Q17371472,Castle of Mytilene,castle,Greece
http://www.wikidata.org/entity/Q2277692,Qasr al-Hayr al-Gharbi,castle,Syria
http://www.wikidata.org/entity/Q78661060,Château de Parlatges,castle,France
http://www.wikidata.org/entity/Q6545509,Tarq Castle,castle,Iran
http://www.wikidata.org/entity/Q8342458,Castell de Mont-roig,castle,Spain
http://www.wikidata.org/entity/Q15943872,Château de Saragosse,castle,France
http://www.wikidata.org/entity/Q30321661,Château de l'Etang,castle | château,France
http://www.wikidata.org/entity/Q30156176,Hverringe Voldsted,castle,Denmark
http://www.wikidata.org/entity/Q99897764,Burgh by Sands Castle,castle,United Kingdom
http://www.wikidata.org/entity/Q112322945,castle of Mora,castle,Italy
http://www.wikidata.org/entity/Q2970165,Château de Padern,castle,France
http://www.wikidata.org/entity/Q39011883,"Ruthin Castle, St Mary Hill",castle,United Kingdom
http://www.wikidata.org/entity/Q20401218,Qal'at Sukkara,castle,Syria
http://www.wikidata.org/entity/Q5757281,Castle of Despeñaperros,castle,Spain
http://www.wikidata.org/entity/Q2226745,Château de Quierzy,castle,France
http://www.wikidata.org/entity/Q8342552,Castillo de Santa Catalina,monument | castle | fortification | cannery,Spain
http://www.wikidata.org/entity/Q38599680,Castell Morlais,castle,United Kingdom
http://www.wikidata.org/entity/Q2969649,Château de Lanmary,castle | château,France
http://www.wikidata.org/entity/Q83719789,Château fort Saint Etienne,castle,France
http://www.wikidata.org/entity/Q12020823,Na Zderaze Castle,castle,Czech Republic
http://www.wikidata.org/entity/Q33224580,Schloß Salem,castle,Germany
http://www.wikidata.org/entity/Q367343,Horšovský Týn Castle,castle | château,Czech Republic
http://www.wikidata.org/entity/Q39090747,Castillo de Atarés,castle,Cuba
http://www.wikidata.org/entity/Q17595866,Castell d'Odèn,castle,Spain
http://www.wikidata.org/entity/Q39011764,Gowerton Castle,castle,United Kingdom
http://www.wikidata.org/entity/Q1119167,Bethlen Castle,castle,Romania
http://www.wikidata.org/entity/Q113375881,Castello dei Ghilini di Castelceriolo,castle,Italy
http://www.wikidata.org/entity/Q94576534,Castello di Bagnaria,castle,Italy
http://www.wikidata.org/entity/Q11913118,Castell de Valldarques,castle,Spain
http://www.wikidata.org/entity/Q1688777,Vollenburg,castle,Germany
http://www.wikidata.org/entity/Q20985569,Castell de Pujalt,castle,Spain
http://www.wikidata.org/entity/Q115475121,Lower Ribeaupierre,castle,France
http://www.wikidata.org/entity/Q4973941,Broniszów Castle,castle,Poland
http://www.wikidata.org/entity/Q1015800,Burgstall Hunnenburg,castle,Germany
http://www.wikidata.org/entity/Q106077602,Castello di Montanaro,castle,Italy
http://www.wikidata.org/entity/Q17647904,Astwell Castle Farm (uninhabited portions),castle,United Kingdom
http://www.wikidata.org/entity/Q96282549,Castels,castle,Switzerland
http://www.wikidata.org/entity/Q687290,Brunegg Castle with tenant's house,castle | house | architectural structure,Switzerland
http://www.wikidata.org/entity/Q3397856,Castle of Sandiás,monument | castle,Spain
http://www.wikidata.org/entity/Q947479,Château de Chantemille,castle,France
http://www.wikidata.org/entity/Q12137530,Potocki Palace in Odesa,castle,Ukraine
http://www.wikidata.org/entity/Q113303917,Castello di Montevecchio di Tedalasia,castle,Italy
http://www.wikidata.org/entity/Q33223896,Horncastle,castle,United Kingdom
http://www.wikidata.org/entity/Q15108361,Burgstall Altenburg (Moosach),castle | archaeological site,Germany
http://www.wikidata.org/entity/Q1013064,Mainau Castle,castle,Germany
http://www.wikidata.org/entity/Q9386655,Zamek w Koninie,castle,Poland
http://www.wikidata.org/entity/Q17596839,Castell Nou de Beuda del Pla,castle,Spain
http://www.wikidata.org/entity/Q5118744,Château de Boussan,castle,France
http://www.wikidata.org/entity/Q18222984,castello di Tortona,castle,Italy
http://www.wikidata.org/entity/Q8342351,Castell de Granera,rock castle | castle,Spain
http://www.wikidata.org/entity/Q24662674,Mansell Lacy Moat,castle,United Kingdom
http://www.wikidata.org/entity/Q5757127,Castillo de Aínsa,castle | Monument (Spain),Spain
http://www.wikidata.org/entity/Q3662947,Vernazza Castle,castle,Italy
http://www.wikidata.org/entity/Q24659267,Hergest Castle Twts,castle,United Kingdom
http://www.wikidata.org/entity/Q98274680,Cultural heritage D-3-6634-0058 in Lauterhofen,castle | château | feature | Bodendenkmal,Germany
http://www.wikidata.org/entity/Q1013338,Nimburg Castle,castle,Germany
http://www.wikidata.org/entity/Q21328997,Rocca di Albornoz,fortress | castle,Italy
http://www.wikidata.org/entity/Q11913038,Castell de Gebut,castle,Spain
http://www.wikidata.org/entity/Q113083607,Castello Giovanelli,castle,Italy
http://www.wikidata.org/entity/Q98351427,Cultural heritage D-1-7842-0074 in Burghausen,hilltop settlement | human settlement | feature | castle | Bronze Age settlement | grave | Bodendenkmal | preceding structure,Germany
http://www.wikidata.org/entity/Q17488071,Turluca's Kale Fortress,castle,Bulgaria
http://www.wikidata.org/entity/Q2969209,Château de Ferreyroles,castle,France
http://www.wikidata.org/entity/Q2157437,Château d'Héricourt,castle,France
http://www.wikidata.org/entity/Q1752946,Milotice Castle,castle | château,Czech Republic
http://www.wikidata.org/entity/Q1526810,Alt-Landenberg ruin,castle | castle ruin,Switzerland
http://www.wikidata.org/entity/Q80826577,Castle Eisfeld,castle,Germany
http://www.wikidata.org/entity/Q1010652,Abenberg Castle,castle | cultural heritage ensemble,Germany
http://www.wikidata.org/entity/Q366535,Mikulov Castle,castle | château,Czech Republic
http://www.wikidata.org/entity/Q1012902,Burg Leiterstädt,castle,Germany
http://www.wikidata.org/entity/Q33523908,Castle of Monterde,castle,Spain
http://www.wikidata.org/entity/Q32188429,Niederpleiser Burg,castle,Germany
http://www.wikidata.org/entity/Q6705989,Luttrellstown Castle,castle,Ireland
http://www.wikidata.org/entity/Q57740533,Castello di Suno,castle,Italy
http://www.wikidata.org/entity/Q43162656,Castillo El Castillejo,monument | castle,Spain
http://www.wikidata.org/entity/Q39012065,Gwyddrug,castle,United Kingdom
http://www.wikidata.org/entity/Q31066989,Tabreh Castle,castle,Iran
http://www.wikidata.org/entity/Q2244318,Zelená Hora,castle | château,Czech Republic
http://www.wikidata.org/entity/Q1016218,Burgwall Waldsieversdorf,castle,Germany
http://www.wikidata.org/entity/Q1011329,Burg Castrisch,castle | castle ruin,Switzerland
http://www.wikidata.org/entity/Q113653922,Kastraki on Seskli,castle,Greece
http://www.wikidata.org/entity/Q16619061,Bishop castle in Prabuty,castle,Poland
http://www.wikidata.org/entity/Q6707560,Lydford Castle,castle,United Kingdom
http://www.wikidata.org/entity/Q17605071,La Força de Vilamajor,castle,Spain
http://www.wikidata.org/entity/Q3326877,Castillo de Peña,castle,Spain
http://www.wikidata.org/entity/Q1012029,Greetsiel Castle,castle,Germany
http://www.wikidata.org/entity/Q95482413,Galliera Castle,castle,Italy
http://www.wikidata.org/entity/Q123324991,Rocca di Miranda,castle,Italy
http://www.wikidata.org/entity/Q113555816,Castello di Regiovanni,castle,Italy
http://www.wikidata.org/entity/Q24659248,Stanage Mound & Bailey Castle,motte-and-bailey castle | castle,United Kingdom
http://www.wikidata.org/entity/Q91019706,Castello di Montecalvo,castle,Italy
http://www.wikidata.org/entity/Q33224270,Schloß Hasenheide,castle,Germany
http://www.wikidata.org/entity/Q5757109,Castle of Manqueospese,castle,Spain
http://www.wikidata.org/entity/Q98273626,Cultural heritage D-3-6336-0052 in Grafenwöhr,castle | château | abandoned village | Bodendenkmal | feature,Germany
http://www.wikidata.org/entity/Q112322967,castle of Roccafranca,castle,Italy
http://www.wikidata.org/entity/Q600832,Château de Goulaine,castle | winery,France
http://www.wikidata.org/entity/Q2971682,Château du Fou,castle,France
http://www.wikidata.org/entity/Q29984462,Tower of Torrecitores,castle,Spain
http://www.wikidata.org/entity/Q113553696,castello di Racale,castle,Italy
http://www.wikidata.org/entity/Q5757722,Fortaleza de la Muña,monument | castle | tower,Spain
http://www.wikidata.org/entity/Q1011610,Alte Burg,castle,Germany
http://www.wikidata.org/entity/Q11920268,Vlčinec,castle | castle ruin,Czech Republic
http://www.wikidata.org/entity/Q11913091,Castell de Sant Agustí,castle,Spain
http://www.wikidata.org/entity/Q117823090,Mavros Vrachos Castle,castle,Greece
http://www.wikidata.org/entity/Q103049590,Sternenburg,castle,Germany
http://www.wikidata.org/entity/Q5885412,Moghuyeh Castle,castle,Iran
http://www.wikidata.org/entity/Q1014308,Château de Turquestein,castle,France
http://www.wikidata.org/entity/Q114853698,Ruine Weinsberg,castle | ruins,Austria
http://www.wikidata.org/entity/Q3662455,Castle of Acquafredda,castle | military museum building | museum for an artifact of industrial archaeology | museum of a public entity | historical park museum,Italy
http://www.wikidata.org/entity/Q3662352,Castello Pascal de la Ruine,castle,Italy
http://www.wikidata.org/entity/Q5550517,"Church and Convent of San Pablo, Peñafiel",monument | castle | convent,Spain
http://www.wikidata.org/entity/Q110449180,Trevozzo Castle,castle,Italy
http://www.wikidata.org/entity/Q2888199,Portilla/Zabalate castle,hillfort | castle | historic site,Spain
http://www.wikidata.org/entity/Q2969413,Château de Jaillac,castle,France
http://www.wikidata.org/entity/Q43162925,Castillejo de Quéntar,monument | castle,Spain
http://www.wikidata.org/entity/Q5016882,Caerau Hillfort,contour fort | castle,United Kingdom
http://www.wikidata.org/entity/Q16538103,Castello di Inici,castle,Italy
http://www.wikidata.org/entity/Q2142824,Château de Rougemont,castle | château,France
http://www.wikidata.org/entity/Q8342573,Castell de Súria,castle,Spain
http://www.wikidata.org/entity/Q1798848,Oberes Schloss,castle,Germany
http://www.wikidata.org/entity/Q2970280,Château de Posanges,castle,France
http://www.wikidata.org/entity/Q5049765,Castle of Castelo Bom,castle | cultural heritage,Portugal
http://www.wikidata.org/entity/Q5049827,Fortaleza de Segura,castle | cultural heritage | fortress,Portugal
http://www.wikidata.org/entity/Q43162083,El Castillejo,monument | castle,Spain
http://www.wikidata.org/entity/Q7808377,Tinnakill Castle,castle,Ireland
http://www.wikidata.org/entity/Q2056655,Château de Blérancourt,castle,France
http://www.wikidata.org/entity/Q6058053,Kilitbahir Castle,fortress | castle,Turkey
http://www.wikidata.org/entity/Q21478816,Castell de Castellar de n'Hug,castle,Spain
http://www.wikidata.org/entity/Q11045622,Rutherglen Castle,castle,United Kingdom
http://www.wikidata.org/entity/Q17383456,Castello di Montalbano Elicona,religious museum | castle | palazzo museum | military museum building | museum of a public entity | historical park museum,Italy
http://www.wikidata.org/entity/Q3662830,Castello di Rezzonico,castle,Italy
http://www.wikidata.org/entity/Q2337282,Castle Dryssie,castle,Belarus
http://www.wikidata.org/entity/Q12070868,The Lands of Roughwood,castle,United Kingdom
http://www.wikidata.org/entity/Q11930884,La Torreta d'Useu,castle,Spain
http://www.wikidata.org/entity/Q2968042,Château d'Aillas,castle,France
http://www.wikidata.org/entity/Q16538132,Pandino Castle,castle,Italy
http://www.wikidata.org/entity/Q67772295,Füberg,castle | fortification | architectural structure | ruins,Switzerland
http://www.wikidata.org/entity/Q1014527,Burg Weißenburg,castle,Germany
http://www.wikidata.org/entity/Q1013768,Burg Rusbühl,castle,Germany
http://www.wikidata.org/entity/Q882151,"Schaumburg Castle, Lower Saxony",castle,Germany
http://www.wikidata.org/entity/Q113459585,Castello di Bibbiano,castle,Italy
http://www.wikidata.org/entity/Q5194361,Cunninghamhead Estate,castle,United Kingdom
http://www.wikidata.org/entity/Q15940040,Château de Benauge,castle,France
http://www.wikidata.org/entity/Q1010901,Castle Balduinstein,castle | cultural heritage monument in Germany,Germany
http://www.wikidata.org/entity/Q5017844,Caister Castle,castle | history museum,United Kingdom
http://www.wikidata.org/entity/Q2380903,Südliche Burg Großen-Buseck,castle,Germany
http://www.wikidata.org/entity/Q56661774,Castle Hill,castle,United Kingdom
http://www.wikidata.org/entity/Q2971371,Château de la Roche du Roi (Aix-les-Bains),castle,France
http://www.wikidata.org/entity/Q12024611,Jezdec Castle,castle,Czech Republic
http://www.wikidata.org/entity/Q24659536,Bank Llwyndomen,motte-and-bailey castle | castle,United Kingdom
http://www.wikidata.org/entity/Q5336823,Eden Castle,castle,United Kingdom
http://www.wikidata.org/entity/Q5757066,Castillo de Almalaff,castle,Spain
http://www.wikidata.org/entity/Q21479911,Castell del Montpetit,castle,Spain
http://www.wikidata.org/entity/Q11680597,Castell de Gurb,castle,Spain
http://www.wikidata.org/entity/Q5315471,Dunlough Castle,castle,Ireland
http://www.wikidata.org/entity/Q107688824,Castell de Gelis,castle,Spain
http://www.wikidata.org/entity/Q108741660,Château de Baldenheim,castle,France
http://www.wikidata.org/entity/Q15918273,Château de Soye,castle,France
http://www.wikidata.org/entity/Q1013302,Neuleiningen Castle,castle,Germany
http://www.wikidata.org/entity/Q83166337,Castello di Valleoscura,castle,Italy
http://www.wikidata.org/entity/Q43137378,Castillo de las Gorgollitas,monument | castle,Spain
http://www.wikidata.org/entity/Q1014630,Burg Winnerod,castle,Germany
http://www.wikidata.org/entity/Q31108516,Capeston Rath,castle | promontory fort,United Kingdom
http://www.wikidata.org/entity/Q110041889,Castle of Doliani,castle,Greece
http://www.wikidata.org/entity/Q9386683,Zamek w Morawicy,castle,Poland
http://www.wikidata.org/entity/Q22893369,Castell de Teià,castle,Spain
http://www.wikidata.org/entity/Q1012143,Burg Güsten,castle,Germany
http://www.wikidata.org/entity/Q5757086,Castle of Arbeteta,castle,Spain
http://www.wikidata.org/entity/Q124658097,Ramsberg,castle | destroyed building or structure | ruins,Austria
http://www.wikidata.org/entity/Q107505156,Burg Borgholt,castle,Germany
http://www.wikidata.org/entity/Q38614061,Caersws Castle,castle | archaeological site,United Kingdom
http://www.wikidata.org/entity/Q320285,Burgruine,castle | archaeological site,Germany
http://www.wikidata.org/entity/Q1013690,Burg Rockenberg,castle,Germany
http://www.wikidata.org/entity/Q1010793,Burg,castle,Germany
http://www.wikidata.org/entity/Q1011812,Fredevald,castle | castle ruin,Czech Republic
http://www.wikidata.org/entity/Q17596149,Castell de Creixell,castle,Spain
http://www.wikidata.org/entity/Q126915806,Burg Crupet,castle,Belgium
http://www.wikidata.org/entity/Q3939460,Rocca di Caldè,castle,Italy
http://www.wikidata.org/entity/Q1013054,Burg Lülsdorf,castle,Germany
http://www.wikidata.org/entity/Q5175357,Cotherstone Castle,castle,United Kingdom
http://www.wikidata.org/entity/Q1048678,Peralada Castle,castle,Spain
http://www.wikidata.org/entity/Q18696060,Castell de Montagut,castle,Spain
http://www.wikidata.org/entity/Q117601283,Xerocastelli of Basilika,castle,Greece
http://www.wikidata.org/entity/Q24659597,St Michael's Mount Castle,museum | castle | house | chapel,United Kingdom
http://www.wikidata.org/entity/Q113571382,Castello di Nidastore,castle,Italy
http://www.wikidata.org/entity/Q2969634,Château de Lamothe,castle,France
http://www.wikidata.org/entity/Q3662436,castello della Magliana,castle,Italy
http://www.wikidata.org/entity/Q39006316,"Twthill, Caernarfon",castle | hill | community,United Kingdom
http://www.wikidata.org/entity/Q1330807,Kassenburg,castle,Germany
http://www.wikidata.org/entity/Q17567907,Dalcross Castle,castle,United Kingdom
http://www.wikidata.org/entity/Q10858641,Mehrnegar Castle,castle | cultural property,Iran
http://www.wikidata.org/entity/Q111295658,Castello di Fuscaldo,castle,Italy
http://www.wikidata.org/entity/Q15943860,Château de Coatfrec à Ploubezre,castle,France
http://www.wikidata.org/entity/Q24659375,Llanllwni Mount,castle,United Kingdom
http://www.wikidata.org/entity/Q5757640,castillo de Torrejón de Velasco,castle,Spain
http://www.wikidata.org/entity/Q2970106,Château de Narcé,castle,France
http://www.wikidata.org/entity/Q20600754,Tomen Madoc Motte,castle | motte,United Kingdom
http://www.wikidata.org/entity/Q12233396,Tafilah Castle,castle,Jordan
http://www.wikidata.org/entity/Q107400357,Castello marchionale Granafei di Cannole,castle,Italy
http://www.wikidata.org/entity/Q11839490,Plean Castle,tower house | castle,United Kingdom
http://www.wikidata.org/entity/Q32135736,Castellazzo di Caluso,castle,Italy
http://www.wikidata.org/entity/Q43121327,Castell d'Oristà,castle,Spain
http://www.wikidata.org/entity/Q113303933,Castello di San Benedetto,castle,Italy
http://www.wikidata.org/entity/Q2969446,Château de Joyeuse Garde,castle | castle ruin,France
http://www.wikidata.org/entity/Q1012602,Kaltenburg Castle,castle,Germany
http://www.wikidata.org/entity/Q5921608,Zard Castle,castle | cultural property,Iran
http://www.wikidata.org/entity/Q1010729,Alt-Scharfeneck Castle,castle,Germany
http://www.wikidata.org/entity/Q29345498,Castillo palacio de Cetina,castle | palace | Monument (Spain),Spain
http://www.wikidata.org/entity/Q2968561,Château de Bidache,castle,France
http://www.wikidata.org/entity/Q78661213,Château de Taurines,castle,France
http://www.wikidata.org/entity/Q1011487,Château de Dourdan,castle,France
http://www.wikidata.org/entity/Q96744590,Castello di San Polo d'Enza,castle,Italy
http://www.wikidata.org/entity/Q13978320,Karolin Castle,castle,Belarus
http://www.wikidata.org/entity/Q432985,Alt-Schieder,castle | archaeological site,Germany
http://www.wikidata.org/entity/Q5118738,Château de Beaurepaire,castle | château,France
http://www.wikidata.org/entity/Q9386706,Zamek w Piszu,castle,Poland
http://www.wikidata.org/entity/Q113292473,Castello di Civitella,castle,Italy
http://www.wikidata.org/entity/Q1649901,Château de Thorens,castle,France
http://www.wikidata.org/entity/Q3662562,Castle of Cervo,castle,Italy
http://www.wikidata.org/entity/Q78661725,Château de L'Isle sur Serein,castle,France
http://www.wikidata.org/entity/Q1586560,Úsov Castle,castle | château,Czech Republic
http://www.wikidata.org/entity/Q5645133,Castell dels Cruïlles,monument | castle,Spain
http://www.wikidata.org/entity/Q2971683,Château du Fresne,castle,France
http://www.wikidata.org/entity/Q85859850,Castello di Belforte,castle,Italy
http://www.wikidata.org/entity/Q1015771,Burgstall Haßfelden,castle,Germany
http://www.wikidata.org/entity/Q1590635,Haus Vlassrath,castle,Germany
http://www.wikidata.org/entity/Q8341578,Casa Caramany,castle,Spain
http://www.wikidata.org/entity/Q1014165,Burg Stromberg,castle,Germany
http://www.wikidata.org/entity/Q28148622,Castell de Gra,castle,Spain
http://www.wikidata.org/entity/Q112940414,Castello di Stridolo,castle,Italy
http://www.wikidata.org/entity/Q24659379,St Marys Old Church Motte,castle,United Kingdom
http://www.wikidata.org/entity/Q131029041,Schloss Böblingen,castle,Germany
http://www.wikidata.org/entity/Q9386539,Castle of the Pomeranian Dukes in Szczecinek,castle,Poland
http://www.wikidata.org/entity/Q7699534,Tenby Castle,castle | castle ruin,United Kingdom
http://www.wikidata.org/entity/Q2969819,Château de Marsay,castle,France
http://www.wikidata.org/entity/Q33102887,Castle of Caravaca,castle,Spain
http://www.wikidata.org/entity/Q5905528,Fathabad Castle,castle,Iran
http://www.wikidata.org/entity/Q56661737,Billie Castle,castle,United Kingdom
http://www.wikidata.org/entity/Q16003213,Burg Stockem,castle | château,Belgium
http://www.wikidata.org/entity/Q24659558,Castle Ely,round barrow | castle,United Kingdom
http://www.wikidata.org/entity/Q5001277,Busanjinseong,fortress | castle,South Korea
http://www.wikidata.org/entity/Q30970262,Kilsallaghan Castle,castle,Ireland
http://www.wikidata.org/entity/Q1013589,Burg Rauendahl,castle,Germany
http://www.wikidata.org/entity/Q1013240,"Burgruine Neufürstenberg, Schwarzwald-Baar",castle,Germany
http://www.wikidata.org/entity/Q106052247,Maranello Castle,castle,Italy
http://www.wikidata.org/entity/Q18292640,Château de Lamothe,castle,France
http://www.wikidata.org/entity/Q991979,Bruchhausener Burg,castle,Germany
http://www.wikidata.org/entity/Q35936778,Clock Castle,castle,Spain
http://www.wikidata.org/entity/Q11913078,Castell de Portaran,castle,Spain
http://www.wikidata.org/entity/Q48807007,Castello dei Conti Ubertini,castle,Italy
http://www.wikidata.org/entity/Q26506795,Stowe Castle,castle,United Kingdom
http://www.wikidata.org/entity/Q22893365,Castell de Rocacorba,castle,Spain
http://www.wikidata.org/entity/Q680425,Doorwerth Castle,museum | castle | château,Netherlands
http://www.wikidata.org/entity/Q78660878,Château de la Rochette,castle,France
http://www.wikidata.org/entity/Q1013949,Burg Schärding,castle | heritage site,Austria
http://www.wikidata.org/entity/Q35648738,Castle of Litago,castle,Spain
http://www.wikidata.org/entity/Q2968312,Orbe Castle,castle,Switzerland
http://www.wikidata.org/entity/Q30975275,Cloghan Castle,castle,Ireland
http://www.wikidata.org/entity/Q78660655,Château de Bois Geffray,castle,France
http://www.wikidata.org/entity/Q24661746,Bradninch Castle Hill,castle,United Kingdom
http://www.wikidata.org/entity/Q2035158,Osterburg,castle,Germany
http://www.wikidata.org/entity/Q113367321,Castello di Peltrengo,castle,Italy
http://www.wikidata.org/entity/Q1342022,Kayserburg,castle,Austria
http://www.wikidata.org/entity/Q30969768,Ozeriany castle,castle,Ukraine
http://www.wikidata.org/entity/Q20589449,Pen-y-Castell Hillfort,hillfort | castle,United Kingdom
http://www.wikidata.org/entity/Q1980382,Neues Schloss Baden-Baden,castle,Germany
http://www.wikidata.org/entity/Q15940326,Château du Garrané,castle,France
http://www.wikidata.org/entity/Q113366479,Castello di Malpotremo,castle | castle ruin,Italy
http://www.wikidata.org/entity/Q5873648,Qujileh Castle,castle,Iran
http://www.wikidata.org/entity/Q15793082,Burg Weißpriach,castle,Austria
http://www.wikidata.org/entity/Q1013604,Reetz Castle,castle,Germany
http://www.wikidata.org/entity/Q22809750,Casal de Bellpuig,castle,Spain
http://www.wikidata.org/entity/Q930763,Castell de Miralles,castle,Spain
http://www.wikidata.org/entity/Q83719364,Château fort de Marcillat,castle,France
http://www.wikidata.org/entity/Q2971151,Château de la Bonnetière,castle,France
http://www.wikidata.org/entity/Q62843122,Qal'at Sefid,castle,Iraq
http://www.wikidata.org/entity/Q2969296,Château de Gajac,castle,France
http://www.wikidata.org/entity/Q6645746,Richmond Castle,castle | archaeological site,United Kingdom
http://www.wikidata.org/entity/Q95640040,Castle of Ortahisar,castle,Turkey
http://www.wikidata.org/entity/Q90403408,Castello di Castelbelforte,castle,Italy
http://www.wikidata.org/entity/Q20008176,Castle of Castel del Piano,castle,Italy
http://www.wikidata.org/entity/Q1013968,Burg Schönfels,castle,Germany
http://www.wikidata.org/entity/Q4714418,Aleika Castle,castle,Syria
http://www.wikidata.org/entity/Q491197,Burg Heidenreichstein,museum | castle | lowland castle,Austria
http://www.wikidata.org/entity/Q18718634,Levín Castle,castle | castle ruin,Czech Republic
http://www.wikidata.org/entity/Q5958461,Rumyan Castle,castle,Iran
http://www.wikidata.org/entity/Q18289318,Wartenberg Schloß,castle,Germany
http://www.wikidata.org/entity/Q8342178,Palau dels Barons de Pinós,castle,Spain
http://www.wikidata.org/entity/Q2351428,Stolzenburg (Tabarz),castle,Germany
http://www.wikidata.org/entity/Q43122839,Castell del Far d'Empordà,castle,Spain
http://www.wikidata.org/entity/Q1011676,Burg Falkenbühl,castle,Germany
http://www.wikidata.org/entity/Q3662482,Castello di Bastia,castle,Italy
http://www.wikidata.org/entity/Q2252663,Château de la Guerche,castle,France
http://www.wikidata.org/entity/Q8072877,Ziwiyeh Castle,castle | cultural property,Iran
http://www.wikidata.org/entity/Q29367856,Castillo de la Millera,castle,Spain
http://www.wikidata.org/entity/Q112322963,Castello di Gaglietole,castle,Italy
http://www.wikidata.org/entity/Q29984606,Torreón de los Gallos,castle,Spain
http://www.wikidata.org/entity/Q8342165,Castle of Almada,castle,Portugal
http://www.wikidata.org/entity/Q28001091,Castle Murat,castle | museum of a public entity | military museum building | art museum,Italy
http://www.wikidata.org/entity/Q113556264,Castello di San Nicola,castle,Italy
http://www.wikidata.org/entity/Q28477676,Castell de Riudovelles,castle,Spain
http://www.wikidata.org/entity/Q1013080,Martinice Castle,castle | fortified house | castle ruin,Czech Republic
http://www.wikidata.org/entity/Q528454,Portillo Castle,monument | castle,Spain
http://www.wikidata.org/entity/Q7294299,Rappa Castle,castle,Ireland
http://www.wikidata.org/entity/Q19276034,Burg Bodenteich,castle,Germany
http://www.wikidata.org/entity/Q1012334,Burg Hielock,castle,Germany
http://www.wikidata.org/entity/Q2970078,Château de Moulins-Engilbert,castle,France
http://www.wikidata.org/entity/Q3662594,Dego Castle,castle,Italy
http://www.wikidata.org/entity/Q17662346,"Keep of Tote Copse castle, 400m north of Decoy Farmhouse",castle,United Kingdom
http://www.wikidata.org/entity/Q2968772,Canterbury Castle,castle,United Kingdom
http://www.wikidata.org/entity/Q4980826,Bryn Amlwg Castle,ringwork castle | castle | enclosure castle,United Kingdom
http://www.wikidata.org/entity/Q56358691,Ballingarry Castle,castle,Ireland
http://www.wikidata.org/entity/Q113562727,Castello di Risicudia,castle,Italy
http://www.wikidata.org/entity/Q2968562,Château de Blanquefort-sur-Briolance,castle,France
http://www.wikidata.org/entity/Q2970463,Château de Rustéphan,castle,France
http://www.wikidata.org/entity/Q2968947,Chmemis Castle,castle,Syria
http://www.wikidata.org/entity/Q111482219,Castillo de Milagro,castle,Spain
http://www.wikidata.org/entity/Q11913033,Castell de Faidella,castle,Spain
http://www.wikidata.org/entity/Q22965229,Chateau de Decize,castle | château,France
http://www.wikidata.org/entity/Q78661389,Château Saint Antoine,castle,France
http://www.wikidata.org/entity/Q24660717,Temple Hill,castle | motte | mound,United Kingdom
http://www.wikidata.org/entity/Q16544668,Castillo de Corbanera,castle,Spain
http://www.wikidata.org/entity/Q15790435,Burgstall Mooseck,castle,Germany
http://www.wikidata.org/entity/Q28503565,Castillo de Orellana de la Sierra,castle,Spain
http://www.wikidata.org/entity/Q21865077,Schloss Reintal,castle,Austria
http://www.wikidata.org/entity/Q1013543,Burg Querfurt,castle,Germany
http://www.wikidata.org/entity/Q12169883,Chernelytsia Castle,castle,Ukraine
http://www.wikidata.org/entity/Q17615464,Castell de Castilló de Tor,castle,Spain
http://www.wikidata.org/entity/Q15265402,Parbroath Castle,castle,United Kingdom
http://www.wikidata.org/entity/Q1654198,Tirol Castle,castle | château,Italy
http://www.wikidata.org/entity/Q15108420,Burgstall Neuburg,castle | archaeological site,Germany
http://www.wikidata.org/entity/Q24661266,Castle Hill,castle | motte | fortified manor house,United Kingdom
http://www.wikidata.org/entity/Q1014683,Burg Zillenhart,castle,Germany
http://www.wikidata.org/entity/Q5921476,Guria Castle,castle,Iran
http://www.wikidata.org/entity/Q63495318,Castello di Arcuentu,castle,Italy
http://www.wikidata.org/entity/Q1013141,Château de Montaillou,castle,France
http://www.wikidata.org/entity/Q59619012,Castello di Prelerna,castle,Italy
http://www.wikidata.org/entity/Q1015951,Burgstall Waldau,castle,Germany
http://www.wikidata.org/entity/Q83719555,Château fort de Rochefort,castle,France
http://www.wikidata.org/entity/Q97289131,Cerro del Castillo,castle | archaeological site,Spain
http://www.wikidata.org/entity/Q17648769,Brockhurst Castle,castle | archaeological site,United Kingdom
http://www.wikidata.org/entity/Q5179622,Cowd Castle,castle,United Kingdom
http://www.wikidata.org/entity/Q81921253,Castello di Magnano,castle,Italy
http://www.wikidata.org/entity/Q1011636,Burg Erenstein,castle,Germany
http://www.wikidata.org/entity/Q2970989,Château de Villars-en-Azois,castle,France
http://www.wikidata.org/entity/Q17596227,Castell de Gospí,castle,Spain
http://www.wikidata.org/entity/Q78661137,Château de Saffres,castle,France
http://www.wikidata.org/entity/Q111921775,Valentine's Castle,castle,Brazil
http://www.wikidata.org/entity/Q113332684,Castello di Ballone,castle,Italy
http://www.wikidata.org/entity/Q15641193,Pęzino Castle,castle,Poland
http://www.wikidata.org/entity/Q671459,Château du Falkenstein,castle,France
http://www.wikidata.org/entity/Q1011405,Dagstuhl Castle,castle,Germany
http://www.wikidata.org/entity/Q1014291,Burg Trossingen (Sattlersbühl),castle,Germany
http://www.wikidata.org/entity/Q1011678,Falkenstein Castle,castle,Germany
http://www.wikidata.org/entity/Q16516799,Castle of Cortes,monument | castle,Spain
http://www.wikidata.org/entity/Q73001463,Castello di Montalenghe,castle,Italy
http://www.wikidata.org/entity/Q117041756,Castillo de Alija,castle,Spain
http://www.wikidata.org/entity/Q27037922,Castillo de Deleitosa,castle,Spain
http://www.wikidata.org/entity/Q15108368,Burgstall Burgselberg,castle | Burgstall | Bodendenkmal | archaeological site,Germany
http://www.wikidata.org/entity/Q5648089,Hangthwaite,castle,United Kingdom
http://www.wikidata.org/entity/Q17596637,Castell de Sant Martí dels Castells,castle,Spain
http://www.wikidata.org/entity/Q99455330,"Nidau Herrschaft, Amtsbezirk",castle | lordship,Switzerland
http://www.wikidata.org/entity/Q15944427,Château de la Sauvagère,castle,France
http://www.wikidata.org/entity/Q315376,Wittringen Castle,castle,Germany
http://www.wikidata.org/entity/Q56650992,San Mamante Rotunda,castle | religious building,Italy
http://www.wikidata.org/entity/Q70324371,Castle of Deliceto,castle,Italy
http://www.wikidata.org/entity/Q97628197,Castillo de San Miguel,castle,Spain
http://www.wikidata.org/entity/Q31877363,Altenburg,castle,Germany
http://www.wikidata.org/entity/Q39006650,"North Hill, Angle",castle,United Kingdom
http://www.wikidata.org/entity/Q1512071,Turmburg Oberderdingen,castle,Germany
http://www.wikidata.org/entity/Q112661309,Castello di Bezzo,castle,Italy
http://www.wikidata.org/entity/Q6694181,Lowther Castle,castle | country house | English country house,United Kingdom
http://www.wikidata.org/entity/Q24660033,Lyneham Clack Mount,castle,United Kingdom
http://www.wikidata.org/entity/Q2175171,Ruine Alt-Dettingen,castle,Germany
http://www.wikidata.org/entity/Q5188015,Crosbie Castle and the Fullarton estate,castle,United Kingdom
http://www.wikidata.org/entity/Q38612355,Coed y Castell,castle,United Kingdom
http://www.wikidata.org/entity/Q1011561,Burg Eilenburg,castle | cultural heritage monument in Germany,Germany
http://www.wikidata.org/entity/Q17532356,Sherborne Old Castle,castle,United Kingdom
http://www.wikidata.org/entity/Q1614710,Herthaburg,hill | castle,Germany
http://www.wikidata.org/entity/Q49465741,Schlossteich Pienner Straße,castle,Germany
http://www.wikidata.org/entity/Q1010820,Burg Anselfingen,castle,Germany
http://www.wikidata.org/entity/Q15108388,Burgstall Heslach,castle,Germany
http://www.wikidata.org/entity/Q2970823,Château de Toulonjac,castle,France
http://www.wikidata.org/entity/Q5086927,Chartley Castle,castle,United Kingdom
http://www.wikidata.org/entity/Q2970968,Château de Vic-sur-Aisne,castle,France
http://www.wikidata.org/entity/Q9386733,Zamek w Rypinie,castle,Poland
http://www.wikidata.org/entity/Q13969090,Holderburg Oßweil,castle,Germany
http://www.wikidata.org/entity/Q39011392,Talgarth Castle,castle,United Kingdom
http://www.wikidata.org/entity/Q3662759,Castle of Muro Lucano,castle,Italy
http://www.wikidata.org/entity/Q16619025,Castle Międzyrzeczu Ostrogskim,castle,Ukraine
http://www.wikidata.org/entity/Q52851773,Castle of Laguna de Negrillos,monument | castle,Spain
http://www.wikidata.org/entity/Q113565204,Castello di Casalena,castle,Italy
http://www.wikidata.org/entity/Q15940157,Château et cimetière de Châtenois,castle,France
http://www.wikidata.org/entity/Q16538183,Torrenova Castle,castle,Italy
http://www.wikidata.org/entity/Q60323505,Torre de Aragón,monument | castle,Spain
http://www.wikidata.org/entity/Q1645570,Schloßbühl,castle | mountain,Germany
http://www.wikidata.org/entity/Q1013630,Reichenberg Castle,castle,Italy
http://www.wikidata.org/entity/Q1013839,Burg Schallodenbach,castle,Germany
http://www.wikidata.org/entity/Q107688874,els Castellots,castle,Spain
http://www.wikidata.org/entity/Q113381374,Castle of Toppo,castle,Italy
http://www.wikidata.org/entity/Q3573709,Castle Mirapeix,castle,Spain
http://www.wikidata.org/entity/Q15238443,Kilchrist Castle,castle,United Kingdom
http://www.wikidata.org/entity/Q97359173,Dorlaithers Castle,castle,United Kingdom
http://www.wikidata.org/entity/Q3661977,Cassero,castle,Italy
http://www.wikidata.org/entity/Q2079569,Petersburg (Osnabrück),castle,Germany
http://www.wikidata.org/entity/Q18624184,Château de Péronne,castle,France
http://www.wikidata.org/entity/Q648226,Kalmar Castle,castle | heritage site in Sweden | tourist attraction | cultural property | architectural ensemble,Sweden
http://www.wikidata.org/entity/Q131736486,"Qal'eh Dokhtar, Dahan Qaleh",castle,Iran
http://www.wikidata.org/entity/Q3662592,Castello,castle,Italy
http://www.wikidata.org/entity/Q107476535,Castello di Villachiara,castle,Italy
http://www.wikidata.org/entity/Q22577,Burgruine Steinenschloss,castle,Germany
http://www.wikidata.org/entity/Q113557764,Castello dei Martini,castle,Italy
http://www.wikidata.org/entity/Q29345538,Castillo de María de Huerva,castle,Spain
http://www.wikidata.org/entity/Q105333834,Darvish Beg Castle,castle,Iran
http://www.wikidata.org/entity/Q2970109,Château de Nangis,castle | château,France
http://www.wikidata.org/entity/Q6927623,Moydrum Castle,castle,Ireland
http://www.wikidata.org/entity/Q2231910,"Burgstelle Schauenburg, Donautal",castle,Germany
http://www.wikidata.org/entity/Q1143049,Château de Montsoreau,castle | château | museum building | palace,France
http://www.wikidata.org/entity/Q17574384,Pitcullo Castle,castle,United Kingdom
http://www.wikidata.org/entity/Q15940152,Château de châteaufort,castle | château,France
http://www.wikidata.org/entity/Q113574293,Castello di Fiegni,castle,Italy
http://www.wikidata.org/entity/Q20826710,Porte Baudet (Vertus),castle,France
http://www.wikidata.org/entity/Q98279494,Cultural heritage D-3-6336-0084 in Vilseck,castle | château | feature | Bodendenkmal,Germany
http://www.wikidata.org/entity/Q2970206,Château de Peyras,castle,France
http://www.wikidata.org/entity/Q1010789,Burg Ametshausen,castle,Germany
http://www.wikidata.org/entity/Q5049749,Castle of Arraiolos,castle | cultural heritage,Portugal
http://www.wikidata.org/entity/Q113383507,Castle in Soffumbergo,castle,Italy
http://www.wikidata.org/entity/Q113163620,Castle of Ortovero,castle,Italy
http://www.wikidata.org/entity/Q16119969,Zarb Castle,castle,Iraq
http://www.wikidata.org/entity/Q1013767,Burg Ruppertsecken,castle,Germany
http://www.wikidata.org/entity/Q320134,Slawenburg Raddusch,museum | castle,Germany
http://www.wikidata.org/entity/Q1010815,Andraz Castle,castle,Italy
http://www.wikidata.org/entity/Q55635620,Torre de los Alarconcillos,defensive tower | castle,Spain
http://www.wikidata.org/entity/Q1129229,Shmemis,castle | castle ruin,Syria
http://www.wikidata.org/entity/Q28947925,Torre de los Abades de Veruela,castle | keep,Spain
http://www.wikidata.org/entity/Q4891296,Castillo de Ademuz,castle,Spain
http://www.wikidata.org/entity/Q106809836,Castel Tonini,castle,Italy
http://www.wikidata.org/entity/Q98367939,Cultural heritage D-2-7445-0131 in Ortenburg,castle | château | Bodendenkmal | feature | water castle,Germany
http://www.wikidata.org/entity/Q1013671,Burg Riedbach,castle,Germany
http://www.wikidata.org/entity/Q72681657,Castello di Neive,castle,Italy
http://www.wikidata.org/entity/Q1012759,Kumburk,castle | castle ruin,Czech Republic
http://www.wikidata.org/entity/Q15054382,Bornburg,castle,Germany
http://www.wikidata.org/entity/Q98272185,Cultural heritage D-3-6839-0077 in Bernhardswald,castle | château | feature | Bodendenkmal,Germany
http://www.wikidata.org/entity/Q98280009,Cultural heritage D-3-6940-0031 in Wörth an der Donau,castle | château | feature | Bodendenkmal,Germany
http://www.wikidata.org/entity/Q5953747,Remuk Castle,castle | cultural property,Iran
http://www.wikidata.org/entity/Q4185835,Clonony Castle,castle | towerhouse in Ireland,Ireland
http://www.wikidata.org/entity/Q1011640,Epprechtstein Castle,castle | archaeological site,Germany
http://www.wikidata.org/entity/Q835681,Fürstenberg Castle,castle,Germany
http://www.wikidata.org/entity/Q2969087,Château de Cruzols,castle,France
http://www.wikidata.org/entity/Q113556266,Castello Lanza-Branciforti,castle,Italy
http://www.wikidata.org/entity/Q4161770,Dinaburga Castle,castle,Latvia
http://www.wikidata.org/entity/Q80105496,Castello di Casalino,castle,Italy
http://www.wikidata.org/entity/Q12762938,Bardejovský Castle,castle,Slovakia
http://www.wikidata.org/entity/Q1013880,Burgruine,castle | archaeological site,Germany
http://www.wikidata.org/entity/Q113042801,Castle,castle,Italy
http://www.wikidata.org/entity/Q2418225,Château de Vitré,castle,France
http://www.wikidata.org/entity/Q113451775,Castello normanno del Guiscardo,castle,Italy
http://www.wikidata.org/entity/Q1404210,Glanzenberg  ruin,castle | abandoned village | castle ruin,Switzerland
http://www.wikidata.org/entity/Q2969405,Château de Huillé,castle,France
http://www.wikidata.org/entity/Q106617154,Castle Aschburg,castle,Italy
http://www.wikidata.org/entity/Q72163529,Castello Rondolino,castle,Italy
http://www.wikidata.org/entity/Q15943910,Château de Lierville,castle,France
http://www.wikidata.org/entity/Q98357878,Cultural heritage D-2-7542-0002 in Eggenfelden,castle | château | Bodendenkmal | feature | preceding structure,Germany
http://www.wikidata.org/entity/Q15918342,Château d'Aynac,castle,France
http://www.wikidata.org/entity/Q2856295,Château de l'Herbaudière,castle,France
http://www.wikidata.org/entity/Q96276760,Fürstenberg/Havel Old Castle,castle,Germany
http://www.wikidata.org/entity/Q829028,Steuerwald Castle,castle,Germany
http://www.wikidata.org/entity/Q42616266,Kohneh Castle (Zendeh Jan),castle | cultural property,Iran
http://www.wikidata.org/entity/Q1014131,Burg Stetten,castle,Germany
http://www.wikidata.org/entity/Q61467200,Castle of Pietracervara,castle,Italy
http://www.wikidata.org/entity/Q48200341,Kellergewölbe und Verbindungsgang Burgplatz,castle,Germany
http://www.wikidata.org/entity/Q89202502,Castello di Lusurasco,castle | castle ruin,Italy
http://www.wikidata.org/entity/Q5757625,Castle of Tiedra,castle,Spain
http://www.wikidata.org/entity/Q98284229,Cultural heritage D-7-8127-0027 in Altusried,castle | Burgstall | Bodendenkmal,Germany
http://www.wikidata.org/entity/Q3662525,Castle of Calice al Cornoviglio,castle,Italy
http://www.wikidata.org/entity/Q2231899,Schauenburg,castle,Germany
http://www.wikidata.org/entity/Q30900625,Castillo de Zalamea de la Serena,castle,Spain
http://www.wikidata.org/entity/Q17596552,Castell de Ramonet,castle,Spain
http://www.wikidata.org/entity/Q56275871,Castle of Akrotiri,fortress | castle,Greece
http://www.wikidata.org/entity/Q1067494,Temple (Paris),castle,France
http://www.wikidata.org/entity/Q1516747,Château de Commarque,castle,France
http://www.wikidata.org/entity/Q29903792,Pukeborg,castle,Sweden
http://www.wikidata.org/entity/Q564868,Linlithgow Palace,castle,United Kingdom
http://www.wikidata.org/entity/Q8342631,Castell de Vulpellac,castle,Spain
http://www.wikidata.org/entity/Q57704154,Castle of Marzolara,castle,Italy
http://www.wikidata.org/entity/Q20706299,Maison forte de la Veyrie,fortified house | castle,France
http://www.wikidata.org/entity/Q16538047,Castello di Bastia Corgna,castle,Italy
http://www.wikidata.org/entity/Q2969010,Château de Colombier-le-Vieux,castle,France
http://www.wikidata.org/entity/Q2456319,Hisham's Palace,castle | Umayyad desert castles | palace | archaeological site,Palestinian National Authority
http://www.wikidata.org/entity/Q113584552,Castello di Vittiano,castle,Italy
http://www.wikidata.org/entity/Q15944513,Château de Cornillon,castle,France
http://www.wikidata.org/entity/Q7231395,Portaferry Castle,castle,United Kingdom
http://www.wikidata.org/entity/Q9386514,Burg Draheim,castle,Poland
http://www.wikidata.org/entity/Q1011501,Burg Dußlingen,castle,Germany
http://www.wikidata.org/entity/Q78660715,Château de Chaire,castle,France
http://www.wikidata.org/entity/Q17643156,East Castle,castle,United Kingdom
http://www.wikidata.org/entity/Q1013252,Burg Neuberg,castle,Austria
http://www.wikidata.org/entity/Q2408797,Château de la Sandre,castle,France
http://www.wikidata.org/entity/Q83718925,Château fort de Blancs Fossés,castle,France
http://www.wikidata.org/entity/Q2971058,Ferme-château de Wasigny,castle,France
http://www.wikidata.org/entity/Q3662737,Castello di Montefiridolfi,castle,Italy
http://www.wikidata.org/entity/Q2971142,Château de la Berthière,castle,France
http://www.wikidata.org/entity/Q56661867,Auchterarder Castle,castle,United Kingdom
http://www.wikidata.org/entity/Q1014666,Wynegg Castle,castle | castle ruin,Switzerland
http://www.wikidata.org/entity/Q4185842,Lihula Castle,destroyed building or structure | castle,Estonia
http://www.wikidata.org/entity/Q41280711,XVII. Burgfriedenssäule,castle,Germany
http://www.wikidata.org/entity/Q1014052,Burg Stahleck,castle,Germany
http://www.wikidata.org/entity/Q85860540,Castello,castle,Italy
http://www.wikidata.org/entity/Q1011228,Burg Burg-Gemünden,castle,Germany
http://www.wikidata.org/entity/Q5277200,Dimdim Castle,castle,Iran
http://www.wikidata.org/entity/Q2969963,Château de Montbron (Charente),castle,France
http://www.wikidata.org/entity/Q5757679,Castle of Vilella,monument | castle,Spain
http://www.wikidata.org/entity/Q42861761,Karshahi Castle,castle | cultural property,Iran
http://www.wikidata.org/entity/Q3662399,Aragonese Castle,castle,Italy
http://www.wikidata.org/entity/Q26590116,Kielder Castle,castle,United Kingdom
http://www.wikidata.org/entity/Q8342620,Castell de Vilassar,castle,Spain
http://www.wikidata.org/entity/Q24661839,Lower Hyde Moat,castle,United Kingdom
http://www.wikidata.org/entity/Q17662625,Cartington Castle at Cartington Farm,castle,United Kingdom
http://www.wikidata.org/entity/Q3662832,Castle of Riomaggiore,castle,Italy
http://www.wikidata.org/entity/Q1496820,Schloss Mergenthau,castle | country house | archaeological site,Germany
http://www.wikidata.org/entity/Q17596055,Castell de Casserres,castle,Spain
http://www.wikidata.org/entity/Q5134994,Clonea Castle,castle,Ireland
http://www.wikidata.org/entity/Q2970043,Château de Montrognon,castle,France
http://www.wikidata.org/entity/Q2970268,Château de Pont-d'Ain,castle,France
http://www.wikidata.org/entity/Q112278502,Castello di Montalfina,castle,Italy
http://www.wikidata.org/entity/Q39011913,Garn Defended Homestead,castle,United Kingdom
http://www.wikidata.org/entity/Q16538186,Castle of Vicalvi,castle,Italy
http://www.wikidata.org/entity/Q1015331,Burgruine Helfenberg (Wolfhagen),castle,Germany
http://www.wikidata.org/entity/Q1289258,Château des ducs de Bretagne,castle | château,France
http://www.wikidata.org/entity/Q78661028,Château de Montrond-le-Château,castle,France
http://www.wikidata.org/entity/Q1014027,Burg Spielberg,museum | castle | château,Germany
http://www.wikidata.org/entity/Q16544816,Castillo de La Monclova,castle | palace,Spain
http://www.wikidata.org/entity/Q16537888,Castle Gandegg,castle,Italy
http://www.wikidata.org/entity/Q108612607,Castle of Paliakoumpa,castle,Greece
http://www.wikidata.org/entity/Q17640802,Mortimer's Castle N and E of St Bartholomew's Church,castle,United Kingdom
http://www.wikidata.org/entity/Q18416881,Vigolo Castle,castle,Italy
http://www.wikidata.org/entity/Q1011002,Burg Bieberstein,castle,Germany
http://www.wikidata.org/entity/Q2614444,Newcastle Castle,castle,United Kingdom
http://www.wikidata.org/entity/Q24662641,East Bridgford Pancake Hill,castle,United Kingdom
http://www.wikidata.org/entity/Q24023166,Castillo de Luna (Rota),castle | casa consistorial,Spain
http://www.wikidata.org/entity/Q1012375,Hochjuvalt Castle,castle | castle ruin,Switzerland
http://www.wikidata.org/entity/Q11913053,Castell de Mediona,castle,Spain
http://www.wikidata.org/entity/Q113451549,Castello Fieramosca,castle,Italy
http://www.wikidata.org/entity/Q39011812,Nash Point Old Castle,castle,United Kingdom
http://www.wikidata.org/entity/Q112322955,Rocca di Isola Polvese,castle,Italy
http://www.wikidata.org/entity/Q1765508,Turmhügel Lamberg,castle | archaeological site,Germany
http://www.wikidata.org/entity/Q2969590,Château de La Taillée,castle,France
http://www.wikidata.org/entity/Q12790269,Šenek Mansion,castle,Slovenia
http://www.wikidata.org/entity/Q98278246,Cultural heritage D-3-6540-0039 in Teunz,castle | château | feature | Bodendenkmal,Germany
http://www.wikidata.org/entity/Q67772722,Fortino d'Adda,castle,Italy
http://www.wikidata.org/entity/Q6393772,Kerelaw Castle,castle,United Kingdom
http://www.wikidata.org/entity/Q29380486,Castello di Lesignano,castle,Italy
http://www.wikidata.org/entity/Q96418384,Erskine Castle,castle,United Kingdom
http://www.wikidata.org/entity/Q15815001,Helchenburg,castle,Austria
http://www.wikidata.org/entity/Q67772241,Burgstelle Hasenstein,castle,Switzerland
http://www.wikidata.org/entity/Q56398319,Castle of Goulades - Mavrovouni,castle,Greece
http://www.wikidata.org/entity/Q1766397,Seeburg Kreuzlingen,castle | château,Switzerland
http://www.wikidata.org/entity/Q112169828,Castello dei Gonzaga,architectural ensemble | castle,Italy
http://www.wikidata.org/entity/Q18603842,Ostrolovský Újezd,castle,Czech Republic
http://www.wikidata.org/entity/Q5050015,Castle Camps,castle,United Kingdom
http://www.wikidata.org/entity/Q1743510,Castell i muralles de Riba-roja de Túria,castle,Spain
http://www.wikidata.org/entity/Q55108109,Castello di Bolsena,castle,Italy
http://www.wikidata.org/entity/Q3662553,Castello di Castro,castle,Italy
http://www.wikidata.org/entity/Q1011395,Tour de Crest,castle,France
http://www.wikidata.org/entity/Q106087182,Monteorsello Castle,castle,Italy
http://www.wikidata.org/entity/Q3662896,Castello di Sezzate,castle,Italy
http://www.wikidata.org/entity/Q113399461,Castle in San Polo di Piave,castle,Italy
http://www.wikidata.org/entity/Q43132409,Castillo El Peñón del Moro,monument | castle | archaeological site,Spain
http://www.wikidata.org/entity/Q2970093,Château de Mursay,castle,France
http://www.wikidata.org/entity/Q1362749,Montréal Castle,crusader castle | castle,Jordan
http://www.wikidata.org/entity/Q1012453,Burg Hohenwittlingen,castle,Germany
http://www.wikidata.org/entity/Q50202305,Castle of Puñoenrostro,castle,Spain
http://www.wikidata.org/entity/Q24660774,Coughton Danes Bank,castle,United Kingdom
http://www.wikidata.org/entity/Q98378287,Cultural heritage D-2-7445-0088 in Ortenburg,castle | château | Bodendenkmal | parish church | feature | water castle | preceding structure,Germany
http://www.wikidata.org/entity/Q11838960,Floors Castle,castle | country house,United Kingdom
http://www.wikidata.org/entity/Q111218498,Castello,castle,Italy
http://www.wikidata.org/entity/Q16544771,Castillo de Santa Rosa,castle,Spain
http://www.wikidata.org/entity/Q1012414,Burg Hohenfels,castle,Germany
http://www.wikidata.org/entity/Q97626987,Castillo de Lepe,castle,Spain
http://www.wikidata.org/entity/Q11990202,Falštejn Castle,castle,Czech Republic
http://www.wikidata.org/entity/Q3662363,Castello Ruffo di Amendolea,castle,Italy
http://www.wikidata.org/entity/Q106078979,Torrione di Bobbiano,castle,Italy
http://www.wikidata.org/entity/Q1013133,Burg Momberg,castle,Germany
http://www.wikidata.org/entity/Q56318361,Château de la Dauphine,castle,France
http://www.wikidata.org/entity/Q21196195,Castello di San Giorgio Monferrato,castle,Italy
http://www.wikidata.org/entity/Q22687745,Castillo de Calatañazor,castle,Spain
http://www.wikidata.org/entity/Q30077465,Castillo de Salmerón,castle,Spain
http://www.wikidata.org/entity/Q21864149,Schloss Ziegersberg,castle | château,Austria
http://www.wikidata.org/entity/Q185287,Burg Freundsberg,local museum | castle,Austria
http://www.wikidata.org/entity/Q24662669,Hunworth Castle Hill,castle,United Kingdom
http://www.wikidata.org/entity/Q104829698,Labio Castle,castle,Spain
http://www.wikidata.org/entity/Q1011903,Kemenate,castle | archaeological site,Germany
http://www.wikidata.org/entity/Q2230483,Schallenburg,castle,Germany
http://www.wikidata.org/entity/Q24196392,Rathcoffey Castle,castle | national monument of Ireland,Ireland
http://www.wikidata.org/entity/Q113387672,Castel Trivellin,castle | defensive wall | arch,Italy
http://www.wikidata.org/entity/Q3662376,Visconti-Sforza Castle,castle,Italy
http://www.wikidata.org/entity/Q15944133,Château de Venère,castle,France
http://www.wikidata.org/entity/Q7241757,Prestatyn Castle,motte-and-bailey castle | castle,United Kingdom
http://www.wikidata.org/entity/Q2968848,Château de Champignolle,castle,France
http://www.wikidata.org/entity/Q28406967,Weem Castle,castle,United Kingdom
http://www.wikidata.org/entity/Q5888715,Nehchir Castle,castle | citadel,Iran
http://www.wikidata.org/entity/Q5118686,Château Lanessan,castle | château,France
http://www.wikidata.org/entity/Q1466642,Schloss Mammertshofen,architectural structure | castle,Switzerland
http://www.wikidata.org/entity/Q42700541,Puinak Castle,castle | cultural property,Iran
http://www.wikidata.org/entity/Q1736676,Katlenburg,castle,Germany
http://www.wikidata.org/entity/Q1480669,Ruine Engelburg,castle,Germany
http://www.wikidata.org/entity/Q108752006,Castle of Nykli,castle,Greece
http://www.wikidata.org/entity/Q1013917,Burg Schnellingen,castle,Germany
http://www.wikidata.org/entity/Q937881,Ruine Burgholz,castle,Germany
http://www.wikidata.org/entity/Q39012076,"Meirionydd, Ardudwy",castle,United Kingdom
http://www.wikidata.org/entity/Q495086,Bolton Castle,castle | historic house museum | quadrangular castle,United Kingdom
http://www.wikidata.org/entity/Q101357294,Castello di Torricella,castle,Italy
http://www.wikidata.org/entity/Q106075040,Castle of San Savino,castle,Italy
http://www.wikidata.org/entity/Q116910219,Castles of Lake Como,castle | itinerary | cultural region,Italy
http://www.wikidata.org/entity/Q107405405,Kasteli tou Emporeiou,castle,Greece
http://www.wikidata.org/entity/Q2970295,Château de Prades,castle,France
http://www.wikidata.org/entity/Q25392638,Trutzburg Gemünd,castle,Germany
http://www.wikidata.org/entity/Q5686307,Castell de Vallgornera,castle,Spain
http://www.wikidata.org/entity/Q56398320,Castle of Grigorakidon - Ageranos,castle,Greece
http://www.wikidata.org/entity/Q17596309,Castell de la Rua,castle,Spain
http://www.wikidata.org/entity/Q7228183,Ponteland Castle,castle,United Kingdom
http://www.wikidata.org/entity/Q16538043,Bardineto Castle,castle,Italy
http://www.wikidata.org/entity/Q11913083,Castell de Ribatallada,castle,Spain
http://www.wikidata.org/entity/Q113383452,"Castle di Mels, Italy",castle,Italy
http://www.wikidata.org/entity/Q1010933,Beaufort Castle,castle | ruins,Luxembourg
http://www.wikidata.org/entity/Q18346645,Tirza Manor,castle,Latvia
http://www.wikidata.org/entity/Q1014082,Baudenkmal,castle | archaeological site,Germany
http://www.wikidata.org/entity/Q5874698,Ashurgah Castle,castle,Iran
http://www.wikidata.org/entity/Q2968014,Château Vallombrosa,castle,France
http://www.wikidata.org/entity/Q97602222,Cerro del Castellón,castle | human settlement | foundry | archaeological site,Spain
http://www.wikidata.org/entity/Q19961167,Tervuren Castle,destroyed building or structure | castle,Belgium
http://www.wikidata.org/entity/Q1949590,Pontefract Castle,motte-and-bailey castle | castle,United Kingdom
http://www.wikidata.org/entity/Q24659823,Graig Foel,ringwork castle | castle,United Kingdom
http://www.wikidata.org/entity/Q9386692,Zamek w Nowym Korczynie,castle,Poland
http://www.wikidata.org/entity/Q43164108,Castillo de la Yedra,village | monument | castle | human settlement,Spain
http://www.wikidata.org/entity/Q65971008,Castelo Simões Lopes,castle | historic site,Brazil
http://www.wikidata.org/entity/Q16537902,Braunsberg Castle,castle,Italy
http://www.wikidata.org/entity/Q809997,Burg Berolzheim,castle | castle ruin,Germany
http://www.wikidata.org/entity/Q4841592,Baggotrath Castle,castle,Ireland
http://www.wikidata.org/entity/Q3283019,Castillo de Jalance,monument | castle,Spain
http://www.wikidata.org/entity/Q1014735,Burg zu Hagen Castle,castle,Germany
http://www.wikidata.org/entity/Q26933272,Castell de Gramuntell,castle,Spain
http://www.wikidata.org/entity/Q21622543,Castell de Mujal,castle,Spain
http://www.wikidata.org/entity/Q28556844,Castillo de Puebla del Maestre,castle,Spain
http://www.wikidata.org/entity/Q113381932,Old castle of Duino,castle,Italy
http://www.wikidata.org/entity/Q2969115,Château de Demigny,castle,France
http://www.wikidata.org/entity/Q2968142,Château d'Assas,castle,France
http://www.wikidata.org/entity/Q28662829,Castillo de Herrera de Alcántara,castle,Spain
http://www.wikidata.org/entity/Q39011920,Alltygawrddu,castle,United Kingdom
http://www.wikidata.org/entity/Q13028063,Ikazń Castle,castle,Belarus
http://www.wikidata.org/entity/Q738951,Prösels Castle,religious museum | castle | historical park museum | military museum building,Italy
http://www.wikidata.org/entity/Q97632951,El Alcázar,monument | castle,Spain
http://www.wikidata.org/entity/Q2225224,Servantikar,castle,Turkey
http://www.wikidata.org/entity/Q1299969,Ehrenburg,castle,Germany
http://www.wikidata.org/entity/Q108381665,Haus Nateln,architectural structure | castle,Germany
http://www.wikidata.org/entity/Q17624164,castle of Spedaletto,castle,Italy
http://www.wikidata.org/entity/Q19835916,Burg Schwabeck,castle,Germany
http://www.wikidata.org/entity/Q2213695,Aizkraukle Castle,castle,Latvia
http://www.wikidata.org/entity/Q25432259,Château de Vivès,castle,France
http://www.wikidata.org/entity/Q41369680,Beim Bauhof Cadolzburg,castle,Germany
http://www.wikidata.org/entity/Q26791774,Herzogschloss Wesel,castle,Germany
http://www.wikidata.org/entity/Q74561457,Jerago Castle,castle,Italy
http://www.wikidata.org/entity/Q2763769,Château de Ray-sur-Saône,castle,France
http://www.wikidata.org/entity/Q110449567,Castello di Zerbolò,castle | historic building,Italy
http://www.wikidata.org/entity/Q38611864,"Cae Twpin Placename, Llanafanfechan",castle,United Kingdom
http://www.wikidata.org/entity/Q18603938,Burgstall bei Weingarten,castle | archaeological site,Germany
http://www.wikidata.org/entity/Q106080168,Castello di Ancarano,castle,Italy
http://www.wikidata.org/entity/Q72694359,Castello di Orio Canavese,castle,Italy
http://www.wikidata.org/entity/Q16869527,Přibyslav old Castle,castle,Czech Republic
http://www.wikidata.org/entity/Q43133600,Castillo de Algeciras,monument | castle,Spain
http://www.wikidata.org/entity/Q2969663,Château de Lascoux,castle | château,France
http://www.wikidata.org/entity/Q38612453,"Pen Twr Enclosure, Treflys",castle,United Kingdom
http://www.wikidata.org/entity/Q5184517,Cresswell Castle,castle | fortified manor house,United Kingdom
http://www.wikidata.org/entity/Q24661824,Eaton Tregoz Camp Field,castle | earthworks | motte | fortified manor house,United Kingdom
http://www.wikidata.org/entity/Q1846520,Vrijburg,castle,Netherlands
http://www.wikidata.org/entity/Q113383526,Castle of Gemona,castle,Italy
http://www.wikidata.org/entity/Q1013356,Nydegg Castle,castle | archaeological site,Switzerland
http://www.wikidata.org/entity/Q2971168,Château de la Bréchinie,castle,France
http://www.wikidata.org/entity/Q2970438,Château de Rouge-Cloître,castle,Belgium
http://www.wikidata.org/entity/Q97620848,Torre Cera,castle | tower,Spain
http://www.wikidata.org/entity/Q113302220,Castello di Piancastello,castle,Italy
http://www.wikidata.org/entity/Q7683186,Tangy Loch Castle,castle,United Kingdom
http://www.wikidata.org/entity/Q2405730,Château de Charles-Le-Téméraire,castle,France
http://www.wikidata.org/entity/Q41265101,Markgräflich-Burgauisches Amtshaus,castle,Germany
http://www.wikidata.org/entity/Q98272169,Cultural heritage D-3-6939-0078 in Bernhardswald,castle | château | Bodendenkmal | chapel | graben | feature,Germany
http://www.wikidata.org/entity/Q97633173,Fuerte de San Luis,monument | castle,Spain
http://www.wikidata.org/entity/Q1014560,Burg Wernstein,castle,Austria
http://www.wikidata.org/entity/Q1013010,Burg Lohmar,castle,Germany
http://www.wikidata.org/entity/Q742533,Castello di Monterone,castle,Italy
http://www.wikidata.org/entity/Q4850964,Balintore Castle,castle,United Kingdom
http://www.wikidata.org/entity/Q5869797,White Castle,castle,Iran
http://www.wikidata.org/entity/Q6546322,Quri Castle,castle | cultural property,Iran
http://www.wikidata.org/entity/Q73015613,castle,castle,Italy
http://www.wikidata.org/entity/Q1013924,Burg Schwalbach am Taunus,castle,Germany
http://www.wikidata.org/entity/Q921334,Château de Venzac,castle,France
http://www.wikidata.org/entity/Q9386613,Bytów Castle,castle,Poland
http://www.wikidata.org/entity/Q113440842,Castle of Capocastello,castle,Italy
http://www.wikidata.org/entity/Q113571389,Castello di Precicchie,castle,Italy
http://www.wikidata.org/entity/Q1013184,Burg Nagelsberg,castle,Germany
http://www.wikidata.org/entity/Q18416891,Castello di Gonzaga,castle,Italy
http://www.wikidata.org/entity/Q1638048,Serviezel Castle,castle | castle ruin,Switzerland
http://www.wikidata.org/entity/Q1012960,Burg Limberg,castle,Germany
http://www.wikidata.org/entity/Q5757135,Castillo de Bayas,castle,Spain
http://www.wikidata.org/entity/Q3395571,Koznik,castle,Serbia
http://www.wikidata.org/entity/Q5892239,Dag Castle,castle,Iran
http://www.wikidata.org/entity/Q2231901,Schauenburg Castle,castle | castle ruin,Germany
http://www.wikidata.org/entity/Q1794997,Burgstelle Kyffelburg,castle,Germany
http://www.wikidata.org/entity/Q5050444,Castle of Zahara de la Sierra,monument | castle | tower,Spain
http://www.wikidata.org/entity/Q606733,Dolha Castle in Dovhe,castle | palace,Ukraine
http://www.wikidata.org/entity/Q24658760,Sneaton Castle,castle,United Kingdom
http://www.wikidata.org/entity/Q83719188,Château fort de Gondrecourt,castle,France
http://www.wikidata.org/entity/Q55169475,Castello dei Conti d'Aquino,castle,Italy
http://www.wikidata.org/entity/Q1013697,Burg Rodenscheid,castle,Germany
http://www.wikidata.org/entity/Q48759359,Château de Chaulnes,castle,France
http://www.wikidata.org/entity/Q15790377,Burg Widdern,castle,Germany
http://www.wikidata.org/entity/Q1014352,Burg Valendas,castle | castle ruin,Switzerland
http://www.wikidata.org/entity/Q2971041,Château de Visigneux,castle,France
http://www.wikidata.org/entity/Q98397986,Cultural heritage D-3-6737-0058 in Schmidmühlen,castle | château | feature | Bodendenkmal,Germany
http://www.wikidata.org/entity/Q18696055,Castell d'en Plaja,castle | building,Spain
http://www.wikidata.org/entity/Q13132089,Twyn y Gregen,castle | motte | archaeological site,United Kingdom
http://www.wikidata.org/entity/Q41298812,Burgruine,castle,Germany
http://www.wikidata.org/entity/Q1010743,Burg Altenbolanden,castle,Germany
http://www.wikidata.org/entity/Q32186691,Castello Pignatelli della Leonessa,castle,Italy
http://www.wikidata.org/entity/Q1010967,"Bernegg Castle, Graubünden",castle | castle ruin,Switzerland
http://www.wikidata.org/entity/Q2968234,Château d'Estours,castle,France
http://www.wikidata.org/entity/Q113584285,Castello di Piscignola,castle,Italy
http://www.wikidata.org/entity/Q4854007,Banbury Castle,castle | archaeological site,United Kingdom
http://www.wikidata.org/entity/Q57025141,Castello di Azzate,castle,Italy
http://www.wikidata.org/entity/Q56661759,Martnaham Castle,castle,United Kingdom
http://www.wikidata.org/entity/Q97628592,Castillo de Trigueros,monument | castle | archaeological site,Spain
http://www.wikidata.org/entity/Q28711257,Castell de Vinferri,castle,Spain
http://www.wikidata.org/entity/Q78661291,Château des Abbés de Saint Amand,castle,France
http://www.wikidata.org/entity/Q41345439,Rondell,castle,Germany
http://www.wikidata.org/entity/Q1048619,Castel Toblino,castle,Italy
http://www.wikidata.org/entity/Q126811188,Ruderi del Castello di Santa Margherita,castle,Italy
http://www.wikidata.org/entity/Q5871895,Sarv-e Sofla Castle,castle,Iran
http://www.wikidata.org/entity/Q9705143,Castelo de Canha,castle,Portugal
http://www.wikidata.org/entity/Q56313252,Château de Sansac,castle,France
http://www.wikidata.org/entity/Q98272869,Cultural heritage D-3-6436-0156 in Edelsfeld,castle | château | feature | Bodendenkmal,Germany
http://www.wikidata.org/entity/Q19276101,Burg Uttrichshausen,castle,Germany
http://www.wikidata.org/entity/Q3078416,Bitola Fortress,castle,North Macedonia
http://www.wikidata.org/entity/Q21479909,Château de Saint-Hippolyte,castle,France
http://www.wikidata.org/entity/Q2664353,Burg Kogl,castle,Austria
http://www.wikidata.org/entity/Q113550411,Castello di San Giovanni d’Asso,castle,Italy
http://www.wikidata.org/entity/Q7261598,Purt Castle,castle,Ireland
http://www.wikidata.org/entity/Q1010725,Burg Alt-Schomburg,castle,Germany
http://www.wikidata.org/entity/Q15944477,Château de Gilette,castle,France
http://www.wikidata.org/entity/Q1012427,Burg Hohenkressberg,castle,Germany
http://www.wikidata.org/entity/Q5049990,Castle Balfour,castle,United Kingdom
http://www.wikidata.org/entity/Q2970705,Château de Sombacour,castle,France
http://www.wikidata.org/entity/Q114002984,Castello di Terraloggia,castle,Italy
http://www.wikidata.org/entity/Q1379421,Burg Bideneck,castle,Austria
http://www.wikidata.org/entity/Q24662652,Lower Fawnog Mound,castle,United Kingdom
http://www.wikidata.org/entity/Q2968759,castle of Canet-en-Roussillon,castle,France
http://www.wikidata.org/entity/Q1013283,Neuhaus Castle,castle,Italy
http://www.wikidata.org/entity/Q56359599,Wallstown Castle,castle,Ireland
http://www.wikidata.org/entity/Q111525707,castello di Villanova,castle,Italy
http://www.wikidata.org/entity/Q1011846,Burg Friberg,castle | castle ruin,Switzerland
http://www.wikidata.org/entity/Q97102047,Burg Kürmreuth,castle,Germany
http://www.wikidata.org/entity/Q4895569,Castell de Guardamar del Segura,monument | castle,Spain
http://www.wikidata.org/entity/Q2971654,Château du Champ,castle,France
http://www.wikidata.org/entity/Q5519476,Galway Castle,castle,Ireland
http://www.wikidata.org/entity/Q36841043,castle of Santa Ines,castle,Spain
http://www.wikidata.org/entity/Q17985630,Asloun Castle,castle,United Kingdom
http://www.wikidata.org/entity/Q110473843,Castello Inferiore,castle,Italy
http://www.wikidata.org/entity/Q5757398,"Castillo de las Caldas, Oviedo",castle,Spain
http://www.wikidata.org/entity/Q83718865,Château fort d'Uchaux,castle,France
http://www.wikidata.org/entity/Q15979611,Willersley Castle,castle,United Kingdom
http://www.wikidata.org/entity/Q17615451,Castell d'Arenys,castle,Spain
http://www.wikidata.org/entity/Q2970328,Château de Quillan,castle,France
http://www.wikidata.org/entity/Q56358935,Ballynamona Castle,castle,Ireland
http://www.wikidata.org/entity/Q545548,Howth Castle,castle,Ireland
http://www.wikidata.org/entity/Q24659552,Leason,castle,United Kingdom
http://www.wikidata.org/entity/Q24660023,Hamstead Marshall 2,castle,United Kingdom
http://www.wikidata.org/entity/Q48805194,Castelnuovo Fogliani Castle,castle,Italy
http://www.wikidata.org/entity/Q1385838,Castle Eyneburg,castle,Belgium
http://www.wikidata.org/entity/Q5050430,Castillo de Torre Estrella (Medina-Sidonia),monument | castle,Spain
http://www.wikidata.org/entity/Q23498798,Baljuwhuis,castle | château,Belgium
http://www.wikidata.org/entity/Q1016004,Körschburg,castle,Germany
http://www.wikidata.org/entity/Q3662852,Castello Saint-Germain,castle,Italy
http://www.wikidata.org/entity/Q2971336,Château de la Petite Malmaison,castle,France
http://www.wikidata.org/entity/Q8342514,Castell-molí de Ratera,castle,Spain
http://www.wikidata.org/entity/Q107527517,Burg Vörden,castle,Germany
http://www.wikidata.org/entity/Q113571386,Castello di Bastia,castle,Italy
http://www.wikidata.org/entity/Q3917367,Homel Castle,castle,Belarus
http://www.wikidata.org/entity/Q7982215,Wemyss Castle,castle,United Kingdom
http://www.wikidata.org/entity/Q110356592,Shaman Castle,castle,Iran
http://www.wikidata.org/entity/Q2369922,Dolwyddelan Castle,castle of the Welsh princes | castle,United Kingdom
http://www.wikidata.org/entity/Q2969857,Château de Meillonnas,castle,France
http://www.wikidata.org/entity/Q105955538,Klana Castle,castle | ruins,Croatia
http://www.wikidata.org/entity/Q26710098,Castle of Basilicanova,castle,Italy
http://www.wikidata.org/entity/Q1298163,Castle of Szigetvár,castle,Hungary
http://www.wikidata.org/entity/Q2971559,Château des Stuart,castle,France
http://www.wikidata.org/entity/Q2550811,Flügelau Castle,castle,Germany
http://www.wikidata.org/entity/Q1012715,Košumberk Castle,castle | castle ruin,Czech Republic
http://www.wikidata.org/entity/Q13564048,Khornabuji Castle,castle | fortress | ruins,Georgia
http://www.wikidata.org/entity/Q30110293,Hovgårde,castle,Denmark
http://www.wikidata.org/entity/Q24659437,Drim Castle,ringwork castle | castle | enclosure,United Kingdom
http://www.wikidata.org/entity/Q55608861,Dal Pozzo Castle,castle,Italy
http://www.wikidata.org/entity/Q2314891,Spökelburg,castle,Germany
http://www.wikidata.org/entity/Q30739917,Château de Bayeux,castle,France
http://www.wikidata.org/entity/Q2155463,Morton Castle,castle,United Kingdom
http://www.wikidata.org/entity/Q55391482,Castello di Montecastello,castle,Italy
http://www.wikidata.org/entity/Q98272474,Cultural heritage D-3-6741-0085 in Cham (Oberpfalz),castle | château | Bodendenkmal | filial church | chapel | feature,Germany
http://www.wikidata.org/entity/Q2970990,Château de Villarzel,castle,France
http://www.wikidata.org/entity/Q2968803,Château de Cazeneuve,castle | château,France
http://www.wikidata.org/entity/Q3662875,Castello di Sant'Alessio Siculo,castle,Italy
http://www.wikidata.org/entity/Q5961479,Chavar Qala Castle,castle,Iran
http://www.wikidata.org/entity/Q16538089,Castello di Ficola,castle,Italy
http://www.wikidata.org/entity/Q55402332,Castrum bizantino di Ferrara,castle,Italy
http://www.wikidata.org/entity/Q3662416,Castello dei Vallaise,castle,Italy
http://www.wikidata.org/entity/Q1615097,Herzburg,castle,Germany
http://www.wikidata.org/entity/Q57756994,Castle of Vigolone,castle,Italy
http://www.wikidata.org/entity/Q1546497,Wasserburg Klemme,castle,Germany
http://www.wikidata.org/entity/Q21196210,Castle of Guardasone,castle,Italy
http://www.wikidata.org/entity/Q5906736,Basiran Castle,castle | cultural property,Iran
http://www.wikidata.org/entity/Q1090712,Sombreffe Castle,castle,Belgium
http://www.wikidata.org/entity/Q15940353,Château de Pipet,castle,France
http://www.wikidata.org/entity/Q51351110,Masen Castle,castle,Iran
http://www.wikidata.org/entity/Q17596797,Castell del Catllar,castle,Spain
http://www.wikidata.org/entity/Q116620393,Château de Collorgues,castle,France
http://www.wikidata.org/entity/Q9705008,Castell de Benissili,monument | castle,Spain
http://www.wikidata.org/entity/Q38211573,castello dell'Asinara,castle,Italy
http://www.wikidata.org/entity/Q2969338,Château de Gourdon,castle,France
http://www.wikidata.org/entity/Q7265911,Qalaat al-Madiq,castle | fortified town | fortress,Syria
http://www.wikidata.org/entity/Q2969593,Château de la Tourette,castle,France
http://www.wikidata.org/entity/Q113383530,Castle of Gruagno,castle,Italy
http://www.wikidata.org/entity/Q15940525,Château de Montmélian,castle | citadel,France
http://www.wikidata.org/entity/Q56366908,Lumbard´s Castle,castle,Ireland
http://www.wikidata.org/entity/Q5676758,Old castle of Manzanares el Real,castle | castle ruin,Spain
http://www.wikidata.org/entity/Q4185819,Ballymore Castle,castle,Ireland
http://www.wikidata.org/entity/Q15112205,Haus Backum,castle,Germany
http://www.wikidata.org/entity/Q113564796,Castello del Balio,castle,Italy
http://www.wikidata.org/entity/Q48748558,Château de Montois,castle,France
http://www.wikidata.org/entity/Q1428068,Fleschenburg,castle,Germany
http://www.wikidata.org/entity/Q25337950,Castell Hywel,castle | motte,United Kingdom
http://www.wikidata.org/entity/Q24660623,Bradwell Motte,castle,United Kingdom
http://www.wikidata.org/entity/Q7566779,South Cerney Castle,castle,United Kingdom
http://www.wikidata.org/entity/Q11740484,Korybut Castle,castle | human settlement | castle ruin,Czech Republic
http://www.wikidata.org/entity/Q80093051,Castle of Cavagliano,castle,Italy
http://www.wikidata.org/entity/Q97387522,castle of Roccatagliata,castle,Italy
http://www.wikidata.org/entity/Q116283993,Castillo de La Rasca,castle | water treatment plant,Spain
http://www.wikidata.org/entity/Q3662615,Castello di Gallipoli,castle,Italy
http://www.wikidata.org/entity/Q114354662,Château d'En-Haut de Joinville,castle,France
http://www.wikidata.org/entity/Q98377860,Cultural heritage D-2-7336-0016 in Elsendorf,castle | château | cemetery | Bodendenkmal | human settlement | chapel | feature,Germany
http://www.wikidata.org/entity/Q25510220,Castle of Saint George,castle,Spain
http://www.wikidata.org/entity/Q113361705,Castello di Massazza,castle,Italy
http://www.wikidata.org/entity/Q91072009,Punta Troia Castle,castle,Italy
http://www.wikidata.org/entity/Q1011357,Château de Castelnaud-la-Chapelle,castle | château | military museum,France
http://www.wikidata.org/entity/Q3741659,Porkuni Castle,castle,Estonia
http://www.wikidata.org/entity/Q16891695,Gleninagh Castle,castle,Ireland
http://www.wikidata.org/entity/Q265210,Castle in Kvasovo,architectural structure | castle,Ukraine
http://www.wikidata.org/entity/Q17624155,Castello Chiaramonte,castle,Italy
http://www.wikidata.org/entity/Q20110848,Chehel Dokhtar Castle (Qaen County),castle | cultural property,Iran
http://www.wikidata.org/entity/Q874885,Burgruine Taggenbrunn,castle | ruins,Austria
http://www.wikidata.org/entity/Q5278282,Dingwall Castle,castle,United Kingdom
http://www.wikidata.org/entity/Q41382284,Schlossanlage errichtet anstelle der alten Burg Siegenburg,castle,Germany
http://www.wikidata.org/entity/Q1170119,Court Ligerz,castle | house,Switzerland
http://www.wikidata.org/entity/Q2176421,Runneburg,castle,Germany
http://www.wikidata.org/entity/Q1012621,Burg Katenmoos,castle,Germany
http://www.wikidata.org/entity/Q5893262,Chowgan Castle,castle,Iran
http://www.wikidata.org/entity/Q107350892,Burg Bakum,castle,Germany
http://www.wikidata.org/entity/Q691947,Grandson Castle,castle | architectural structure | automobile museum,Switzerland
http://www.wikidata.org/entity/Q1049281,Castle of Íscar,castle,Spain
http://www.wikidata.org/entity/Q2970380,Château de Roberval,castle,France
http://www.wikidata.org/entity/Q113376073,Castello di Cremonte,castle,Italy
http://www.wikidata.org/entity/Q4736708,Altinaghree Castle,castle,United Kingdom
http://www.wikidata.org/entity/Q941276,Warwick Castle,castle | tourist attraction | historic house museum,United Kingdom
http://www.wikidata.org/entity/Q51214414,Wiltenburg,castle,Netherlands
http://www.wikidata.org/entity/Q8342287,Castle of Coria,monument | castle,Spain
http://www.wikidata.org/entity/Q113584287,Castello di Sant'Anatolia,castle,Italy
http://www.wikidata.org/entity/Q72263088,Schloss Kälberhart,castle,Austria
http://www.wikidata.org/entity/Q97508630,Castillo de La Torresaviñán,castle,Spain
http://www.wikidata.org/entity/Q113383504,Castle of Sterpo,castle,Italy
http://www.wikidata.org/entity/Q21152898,Château de Théza,castle,France
http://www.wikidata.org/entity/Q10937617,Zámecká věž,castle,Czech Republic
http://www.wikidata.org/entity/Q15944412,Château des Carmes,castle | château,France
http://www.wikidata.org/entity/Q1011026,Château de Beynac,castle,France
http://www.wikidata.org/entity/Q55029593,The Tholsel,castle,Ireland
http://www.wikidata.org/entity/Q5050370,Castle of Campo Maior,castle | cultural heritage,Portugal
http://www.wikidata.org/entity/Q15940485,Château du Vigneau,castle,France
http://www.wikidata.org/entity/Q1012684,Klingenhorn Castle,castle | castle ruin,Switzerland
http://www.wikidata.org/entity/Q2968129,Château d'Arques-la-Bataille,castle,France
http://www.wikidata.org/entity/Q108612563,Castle of Mavrouda,castle,Greece
http://www.wikidata.org/entity/Q24661564,Burgh next Aylsham,castle,United Kingdom
http://www.wikidata.org/entity/Q1011723,Burg Flinsbach,castle,Germany
http://www.wikidata.org/entity/Q113334462,Castello di Montedello,castle,Italy
http://www.wikidata.org/entity/Q124745257,Castello di San Giorgio,castle,Italy
http://www.wikidata.org/entity/Q66056797,Rocca di Montalfeo,fortress | castle,Italy
http://www.wikidata.org/entity/Q85752386,Château de Coulogne,castle,France
http://www.wikidata.org/entity/Q61367614,Castle Freke,castle,Ireland
http://www.wikidata.org/entity/Q104230895,Château de Monnaz,castle | château,Switzerland
http://www.wikidata.org/entity/Q5757380,Castillo de Jamilena,castle,Spain
http://www.wikidata.org/entity/Q55610061,Duchal Castle,castle,United Kingdom
http://www.wikidata.org/entity/Q112140515,Castello di San Faustino,castle,Italy
http://www.wikidata.org/entity/Q41307239,Burgstall Ratzenberg bei Lindenberg im Allgäu,castle,Germany
http://www.wikidata.org/entity/Q20901126,Castell de Timor,castle | masia,Spain
http://www.wikidata.org/entity/Q4811789,Astwell Castle,castle | manor house,United Kingdom
http://www.wikidata.org/entity/Q2968718,Château de Bény-sur-Mer,castle,France
http://www.wikidata.org/entity/Q2968536,Bentomiz Castle,castle,Spain
http://www.wikidata.org/entity/Q8342189,Fort de Bèrnia,monument | castle,Spain
http://www.wikidata.org/entity/Q3662556,Castello di Catabbio,castle,Italy
http://www.wikidata.org/entity/Q20601413,Tomen Tŷ Newydd,motte-and-bailey castle | castle,United Kingdom
http://www.wikidata.org/entity/Q1013849,Burg Scharfenstein,castle,Germany
http://www.wikidata.org/entity/Q56368033,Castle Wrixon,castle,Ireland
http://www.wikidata.org/entity/Q1015769,Burgstall Hammel,castle | archaeological site,Germany
http://www.wikidata.org/entity/Q51280369,Khorashad Castle,castle,Iran
http://www.wikidata.org/entity/Q19367863,Castell de Sant Llorenç d'Ares,castle,Spain
http://www.wikidata.org/entity/Q83719705,Château fort du Beaucet,castle,France
http://www.wikidata.org/entity/Q4581357,Vysoký Chlumec Castle,castle,Czech Republic
http://www.wikidata.org/entity/Q97631070,Castillo de Tasca,monument | castle,Spain
http://www.wikidata.org/entity/Q2968202,Château d'Eliçabéa,castle,France
http://www.wikidata.org/entity/Q88273428,Palu Kalesi,castle,Turkey
http://www.wikidata.org/entity/Q1033649,Canossa Castle,castle,Italy
http://www.wikidata.org/entity/Q1010903,Burg Baltenstein,castle | archaeological site,Germany
http://www.wikidata.org/entity/Q1599960,Schloss Matzen,castle | château,Austria
http://www.wikidata.org/entity/Q4860010,Barczewo Castle,castle | destroyed building or structure | bishop castle,Poland
http://www.wikidata.org/entity/Q16618902,Ciepłowody Castle,castle,Poland
http://www.wikidata.org/entity/Q115198521,Ruine Schwarzenberg,castle | ruins,Austria
http://www.wikidata.org/entity/Q16566331,Pharcadon,castle | polis,Greece
http://www.wikidata.org/entity/Q83719286,Château fort de Landaville,castle,France
http://www.wikidata.org/entity/Q12409416,Safed Fortress,castle,Palestine
http://www.wikidata.org/entity/Q576369,Ludlow Castle,castle | historic house museum,United Kingdom
http://www.wikidata.org/entity/Q5408410,Eugensberg Castle,castle | château,Switzerland
http://www.wikidata.org/entity/Q115625564,Castle of Alcaine,castle,Spain
http://www.wikidata.org/entity/Q78661083,Château de Poulguidou,castle,France
http://www.wikidata.org/entity/Q112323083,Castello di Antria,castle,Italy
http://www.wikidata.org/entity/Q83719293,Château fort de Langin,castle,France
http://www.wikidata.org/entity/Q110205873,Castello di San Vittorino,castle,Italy
http://www.wikidata.org/entity/Q38598441,Pipton Tower,castle | peel tower | tower | round barrow | mound,United Kingdom
http://www.wikidata.org/entity/Q23787817,Nordeck,castle,Germany
http://www.wikidata.org/entity/Q8342269,Castle of Cervera del Maestrat,monument | castle,Spain
http://www.wikidata.org/entity/Q1011080,Blens Castle,castle,Germany
http://www.wikidata.org/entity/Q30021673,"""Landsjö holme""",castle,Sweden
http://www.wikidata.org/entity/Q366697,Hrubý Rohozec,castle | château,Czech Republic
http://www.wikidata.org/entity/Q113140742,Castello di Castelgonelle,castle,Italy
http://www.wikidata.org/entity/Q1014040,Splügen Castle,castle | castle ruin,Switzerland
http://www.wikidata.org/entity/Q9386673,Lubin Castle,castle,Poland
http://www.wikidata.org/entity/Q78661245,Château de Valaurie,castle,France
http://www.wikidata.org/entity/Q1105327,Château de Vilhonneur,castle,France
http://www.wikidata.org/entity/Q15790956,Caprington Castle,castle,United Kingdom
http://www.wikidata.org/entity/Q24661773,Week Orchard,castle | earthworks | motte,United Kingdom
http://www.wikidata.org/entity/Q55136905,Castello di Montedondone,castle | ruins,Italy
http://www.wikidata.org/entity/Q78661035,Château de Montvalent,castle,France
http://www.wikidata.org/entity/Q61762972,Château de Lavaud,castle,France
http://www.wikidata.org/entity/Q36121478,Castle of Belmonte de Gracián,castle | archaeological site,Spain
http://www.wikidata.org/entity/Q98271838,Cultural heritage D-3-6939-0073 in Barbing,castle | château | feature | Bodendenkmal,Germany
http://www.wikidata.org/entity/Q2970341,Château de Rapetour,castle,France
http://www.wikidata.org/entity/Q2884288,Castillo de Torreparedones,castle,Spain
http://www.wikidata.org/entity/Q1013376,Burg Obernberg,castle | residential building,Austria
http://www.wikidata.org/entity/Q1108722,Morges Castle,museum | castle,Switzerland
http://www.wikidata.org/entity/Q20104672,Castell de Blancafort,castle,Spain
http://www.wikidata.org/entity/Q2230399,Schalksburg (Oderwald),castle,Germany
http://www.wikidata.org/entity/Q28662787,Castillo de Hornachos,castle,Spain
http://www.wikidata.org/entity/Q21402380,Castell de Campvim,castle,Spain
http://www.wikidata.org/entity/Q6406815,castle of Calanda,castle,Spain
http://www.wikidata.org/entity/Q29982410,"La Torrona, Olmosalbos",castle,Spain
http://www.wikidata.org/entity/Q68069458,Castle of Marutegi,castle,Spain
http://www.wikidata.org/entity/Q108612589,Parletia castle,castle,Greece
http://www.wikidata.org/entity/Q2971753,Le Vieux Château,castle,France
http://www.wikidata.org/entity/Q2971722,Château de Kagenfels,castle,France
http://www.wikidata.org/entity/Q1012609,Burg Kapf,castle,Germany
http://www.wikidata.org/entity/Q113399467,Collalto Castle,castle,Italy
http://www.wikidata.org/entity/Q58252007,Castello di Madregolo,castle,Italy
http://www.wikidata.org/entity/Q113303925,Grizano Castle,castle,Italy
http://www.wikidata.org/entity/Q2664505,Burgstall Kleinziegenfeld,castle | archaeological site,Germany
http://www.wikidata.org/entity/Q1013139,Burg Montfort,castle,Germany
http://www.wikidata.org/entity/Q110966256,Castello di Murisengo,castle,Italy
http://www.wikidata.org/entity/Q5474087,Burg Heudorf im Hegau,castle,Germany
http://www.wikidata.org/entity/Q2969267,Château de Franois,castle,France
http://www.wikidata.org/entity/Q15940274,Château de Scharrachbergheim,castle,France
http://www.wikidata.org/entity/Q15210894,Cleish Castle,tower house | castle,United Kingdom
http://www.wikidata.org/entity/Q113050308,Castello di Lisanza,castle,Italy
http://www.wikidata.org/entity/Q9703981,Calderwood Castle,castle,United Kingdom
http://www.wikidata.org/entity/Q111481252,Torre de Aguilera,castle,Spain
http://www.wikidata.org/entity/Q106074662,Castello di Fornazzano,castle,Italy
http://www.wikidata.org/entity/Q2393208,Earl's Palace,castle,United Kingdom
http://www.wikidata.org/entity/Q2751142,Tudor Castle,castle,Belgium
http://www.wikidata.org/entity/Q1014012,Burg Sonneberg,castle,Germany
http://www.wikidata.org/entity/Q105763764,Vimercati-Sozzi Castle,castle,Italy
http://www.wikidata.org/entity/Q42646,Windsor Castle,castle | English country house | tourist attraction | royal palace | palace | historic house museum,United Kingdom
http://www.wikidata.org/entity/Q1334241,Pratteln Castle,architectural structure | castle,Switzerland
http://www.wikidata.org/entity/Q2427552,Château de Comper,castle,France
http://www.wikidata.org/entity/Q4185851,Neuhausen Castle,castle | architectural landmark,Russia
http://www.wikidata.org/entity/Q12038651,Moravská Třebová Castle,hillfort | castle | château,Czech Republic
http://www.wikidata.org/entity/Q18718667,Úštěk Castle,castle,Czech Republic
http://www.wikidata.org/entity/Q1639481,Appleby Castle,castle | English country house,United Kingdom
http://www.wikidata.org/entity/Q16619130,Zavaliv Castle,castle,Ukraine
http://www.wikidata.org/entity/Q112323127,Castello di MonteCastello di Vibio,castle,Italy
http://www.wikidata.org/entity/Q113377041,Castello di Baldesco,castle,Italy
http://www.wikidata.org/entity/Q108612616,Castle of Pefko,castle,Greece
http://www.wikidata.org/entity/Q2242847,Schloss Ottenburg,castle | château | archaeological site,Germany
http://www.wikidata.org/entity/Q3326333,Castle of Maceda,monument | castle,Spain
http://www.wikidata.org/entity/Q3662303,Castello Aragonese,castle,Italy
http://www.wikidata.org/entity/Q111029124,Tour Régine,castle | ruins,France
http://www.wikidata.org/entity/Q19276113,Burg auf dem Weinberg,castle,Germany
http://www.wikidata.org/entity/Q4698641,Airds Castle,castle,United Kingdom
http://www.wikidata.org/entity/Q593311,Bratislava Castle,castle,Slovakia
http://www.wikidata.org/entity/Q110886387,Kyriakosellia Castle,castle,Greece
http://www.wikidata.org/entity/Q9386661,Zamek w Koziegłowach,castle,Poland
http://www.wikidata.org/entity/Q113563724,Castello,castle,Italy
http://www.wikidata.org/entity/Q1014154,Burg Straßberg,castle,Germany
http://www.wikidata.org/entity/Q1012500,Burg Hossingen,castle,Germany
http://www.wikidata.org/entity/Q130259964,Descours castle,castle | ruins,France
http://www.wikidata.org/entity/Q86003742,Slovenj Gradec Castle,castle,Slovenia
http://www.wikidata.org/entity/Q877976,Burg Binsfeld,castle,Germany
http://www.wikidata.org/entity/Q1245630,Dornburg (Flögeln),castle,Germany
http://www.wikidata.org/entity/Q30738507,Château de Flumet,castle,France
http://www.wikidata.org/entity/Q5049798,Castle of Moreira de Rei,castle | cultural heritage,Portugal
http://www.wikidata.org/entity/Q111513049,Castle Doria,castle,Italy
http://www.wikidata.org/entity/Q98278648,Cultural heritage D-3-6741-0075 in Stamsried,castle | château | feature | Bodendenkmal,Germany
http://www.wikidata.org/entity/Q56618616,Kilspindie,castle,United Kingdom
http://www.wikidata.org/entity/Q29785370,Château de Soyhières,architectural structure | castle,Switzerland
http://www.wikidata.org/entity/Q16054762,Martinsbühel,castle,Austria
http://www.wikidata.org/entity/Q36699932,Château de la Forge,castle,France
http://www.wikidata.org/entity/Q24568061,Castillo de la Asomada,monument | castle,Spain
http://www.wikidata.org/entity/Q113376349,Castello dei Merli,castle,Italy
http://www.wikidata.org/entity/Q65159285,Vilvestre Castle,castle,Spain
http://www.wikidata.org/entity/Q97626734,Castillo de la Judería,castle | archaeological site,Spain
http://www.wikidata.org/entity/Q99512032,Kapfenberg,castle,Switzerland
http://www.wikidata.org/entity/Q1049230,Castle of Montemayor del Río,castle,Spain
http://www.wikidata.org/entity/Q2970020,Château de Montmayeur,castle,France
http://www.wikidata.org/entity/Q111525887,Castello dello scoglio di Rovigliano,castle,Italy
http://www.wikidata.org/entity/Q2136266,Huis Breust,monastery | castle | motte-and-bailey castle,Netherlands
http://www.wikidata.org/entity/Q1659984,Immenburg,castle,Germany
http://www.wikidata.org/entity/Q29946107,Ingjaldsborgen,castle,Sweden
http://www.wikidata.org/entity/Q112142329,Castello Colleoni,castle,Italy
http://www.wikidata.org/entity/Q43162842,Castillo de Zujaira,monument | castle,Spain
http://www.wikidata.org/entity/Q1010756,Burg Altentierberg,castle,Germany
http://www.wikidata.org/entity/Q67772648,Ruine Kronegg,castle,Switzerland
http://www.wikidata.org/entity/Q12020341,Horákov Castle,castle,Czech Republic
http://www.wikidata.org/entity/Q691833,Kremenets Castle,castle,Ukraine
http://www.wikidata.org/entity/Q112517960,Rocca Provana,castle,Italy
http://www.wikidata.org/entity/Q2533691,Vorderburg,castle,Germany
http://www.wikidata.org/entity/Q28739897,Castillo de Los Santos de Maimona,castle,Spain
http://www.wikidata.org/entity/Q106080172,Castle of Gavardo,castle,Italy
http://www.wikidata.org/entity/Q7294110,Raphoe Castle,castle,Ireland
http://www.wikidata.org/entity/Q7115182,Oxenfoord Castle,castle,United Kingdom
http://www.wikidata.org/entity/Q113378412,Castelnuovo,castle,Italy
http://www.wikidata.org/entity/Q1013386,Burg Oberschaffhausen,castle,Germany
http://www.wikidata.org/entity/Q341505,Ackeburg,castle,Germany
http://www.wikidata.org/entity/Q1619687,Hinterer Schlossberg (Mering),castle | archaeological site,Germany
http://www.wikidata.org/entity/Q112959019,Castello Sanseverino,castle,Italy
http://www.wikidata.org/entity/Q12258150,Château de Camou,castle | château,France
http://www.wikidata.org/entity/Q5049832,Castle of Tavira,castle | cultural heritage,Portugal
http://www.wikidata.org/entity/Q3662585,Castle,castle,Italy
http://www.wikidata.org/entity/Q5757434,Castillo de Medina Sidonia,monument | castle | human settlement,Spain
http://www.wikidata.org/entity/Q116831815,Castello di Moncalvo,castle | castle ruin,Italy
http://www.wikidata.org/entity/Q28150737,Castell de Sunyer,castle,Spain
http://www.wikidata.org/entity/Q1015962,Burgstall Weißenburg,castle,Germany
http://www.wikidata.org/entity/Q52920572,Castello di Osilo,castle,Italy
http://www.wikidata.org/entity/Q1682608,Schwalenburg,castle | archaeological site,Germany
http://www.wikidata.org/entity/Q5757793,Castle of Alcalans,castle,Spain
http://www.wikidata.org/entity/Q2970148,Château de Noyant-d'Allier,castle,France
http://www.wikidata.org/entity/Q11913121,Castell de Vespella,castle,Spain
http://www.wikidata.org/entity/Q97626547,Castillo de Cinta,monument | castle,Spain
http://www.wikidata.org/entity/Q490160,Schloss Seggau,castle | château,Austria
http://www.wikidata.org/entity/Q1012563,Burg Ingweiler,castle,Germany
http://www.wikidata.org/entity/Q1493082,Château d'Auzers,castle,France
http://www.wikidata.org/entity/Q20110847,Pahlavan Badi Castle,castle,Iran
http://www.wikidata.org/entity/Q125819508,Pronkenburg,castle,Netherlands
http://www.wikidata.org/entity/Q8342605,Castell de Verdú,castle,Spain
http://www.wikidata.org/entity/Q1012511,Burg Hundsbach,castle,Germany
http://www.wikidata.org/entity/Q9386561,Zamek Szprotawski,castle,Poland
http://www.wikidata.org/entity/Q5754211,Rostam Castle,castle,Iran
http://www.wikidata.org/entity/Q756098,Royal Castle in Warsaw,museum | castle | tourist attraction | royal palace,Poland
http://www.wikidata.org/entity/Q1015866,Burgstall Parsberg,castle | archaeological site,Germany
http://www.wikidata.org/entity/Q83719586,Château fort de Saint Mihiel,castle,France
http://www.wikidata.org/entity/Q2968697,Château de Bruyères,castle,France
http://www.wikidata.org/entity/Q78660672,Château de Brengues,castle,France
http://www.wikidata.org/entity/Q2969160,Château de Droupt-Saint-Basle,castle,France
http://www.wikidata.org/entity/Q38279984,Mithymna Castle,castle,Greece
http://www.wikidata.org/entity/Q107525993,Burg Altena,castle,Germany
http://www.wikidata.org/entity/Q24660044,Godshill Castle Hill,castle,United Kingdom
http://www.wikidata.org/entity/Q1571231,Halych Castle,castle,Ukraine
http://www.wikidata.org/entity/Q105714269,Castello dei marchesi Faà,castle,Italy
http://www.wikidata.org/entity/Q30185618,Bellovodës Castle,castle | historic site,Albania
http://www.wikidata.org/entity/Q2969727,Château de Longecourt-en-Plaine,castle,France
http://www.wikidata.org/entity/Q18530073,"Rakovnik Castle, Šentrupert",castle,Slovenia
http://www.wikidata.org/entity/Q3662880,Castle of Santo Stefano,castle,Italy
http://www.wikidata.org/entity/Q7961035,Wakefield Castle,castle,United Kingdom
http://www.wikidata.org/entity/Q875740,Burg Mauterndorf,museum | castle,Austria
http://www.wikidata.org/entity/Q24021928,Castle of Busot,castle,Spain
http://www.wikidata.org/entity/Q1015453,Burgruine Osternohe,castle | castle ruin | archaeological site,Germany
http://www.wikidata.org/entity/Q15844488,Forsthaus,castle | archaeological site,Germany
http://www.wikidata.org/entity/Q21206596,Mladá Vožice,castle,Czech Republic
http://www.wikidata.org/entity/Q15940377,Château Wagenbourg,castle,France
http://www.wikidata.org/entity/Q1668992,Château de Moret,castle,France
http://www.wikidata.org/entity/Q30970319,Murphystown Castle,castle,Ireland
http://www.wikidata.org/entity/Q112169843,Visconti Rocca,castle,Italy
http://www.wikidata.org/entity/Q39010995,Banc Glyn Gyrnant Enclosure,castle,United Kingdom
http://www.wikidata.org/entity/Q75146166,Castillo de Dorión,castle,Guatemala
http://www.wikidata.org/entity/Q9386741,Tarnowice Stare Castle,castle,Poland
http://www.wikidata.org/entity/Q12378888,Valmiera Castle,castle,Latvia
http://www.wikidata.org/entity/Q3662450,Castello dello Sperone,castle,Italy
http://www.wikidata.org/entity/Q5757234,Cea Castle,monument | castle,Spain
http://www.wikidata.org/entity/Q32286305,Schloss Waldersee,castle,Germany
http://www.wikidata.org/entity/Q3286249,Manoir de Mitonias,castle | château,France
http://www.wikidata.org/entity/Q115039507,Aixita Castle,castle | archaeological site,Spain | Kingdom of Navarre
http://www.wikidata.org/entity/Q5700686,Gahur Castle,castle,Iran
http://www.wikidata.org/entity/Q119960624,Castle of Dafnoudi,castle,Greece
http://www.wikidata.org/entity/Q8342674,Castillo palacio de Marcilla,monument | castle,Spain
http://www.wikidata.org/entity/Q98494319,Burg,castle,Germany
http://www.wikidata.org/entity/Q113583924,Castello di Conca,castle,Italy
http://www.wikidata.org/entity/Q30909134,Castillo palacio de los Luna,castle | Monument (Spain),Spain
http://www.wikidata.org/entity/Q1455657,Fresekenhof,castle,Germany
http://www.wikidata.org/entity/Q113356517,Castello di Marano dei Marsi,castle,Italy
http://www.wikidata.org/entity/Q1016149,Burgwall Altfriesack,castle,Germany
http://www.wikidata.org/entity/Q2970992,Ancien château,castle,France
http://www.wikidata.org/entity/Q56450494,Argos kastro Nisyros,castle,Greece
http://www.wikidata.org/entity/Q12371646,Otepää Castle,castle,Estonia
http://www.wikidata.org/entity/Q56305563,Château du Hohrupf,castle,France
http://www.wikidata.org/entity/Q1012574,Burg Istein,castle,Germany
http://www.wikidata.org/entity/Q24660474,Llanddew Castle,castle | episcopal palace,United Kingdom
http://www.wikidata.org/entity/Q67772457,Marne Castle,castle,Italy
http://www.wikidata.org/entity/Q113578581,Castello Aymerich,castle,Italy
http://www.wikidata.org/entity/Q113303940,Castello di Monte Sacco,castle,Italy
http://www.wikidata.org/entity/Q21196226,Castello di Sant'Anna,castle,Italy
http://www.wikidata.org/entity/Q2971820,Château du Rozay,castle,France
http://www.wikidata.org/entity/Q3662341,Normanno-Svevo Castle,castle,Italy
http://www.wikidata.org/entity/Q6519722,Leighlinbridge Castle,castle,Ireland
http://www.wikidata.org/entity/Q7313066,Renesse Castle,castle | château,Belgium
http://www.wikidata.org/entity/Q108050819,Ölsburg,castle,Germany
http://www.wikidata.org/entity/Q108731824,Castle of Lipsasda,castle,Greece
http://www.wikidata.org/entity/Q113430441,Castello Vescovile,castle,Italy
http://www.wikidata.org/entity/Q1014452,Burg Waldau,castle | archaeological site,Germany
http://www.wikidata.org/entity/Q1015804,Burgstall Irsee,castle | archaeological site,Germany
http://www.wikidata.org/entity/Q2971439,Château de la Vialette,castle,France
http://www.wikidata.org/entity/Q1010894,Burg Bahlingen,castle,Germany
http://www.wikidata.org/entity/Q2971047,Château de Volonne,castle,France
http://www.wikidata.org/entity/Q47169928,Castell d'Olesa,castle,Spain
http://www.wikidata.org/entity/Q2420868,Château de Filain,castle,France
http://www.wikidata.org/entity/Q4514002,Chornokozyntsi Castle,castle,Ukraine
http://www.wikidata.org/entity/Q30739694,Château d'Hermance,castle,Switzerland
http://www.wikidata.org/entity/Q1119263,Rocca Silvana,castle,Italy
http://www.wikidata.org/entity/Q17567863,Thirlestane Castle,castle | country house | independent museum,United Kingdom
http://www.wikidata.org/entity/Q435450,Alte Burg Labach,castle,Germany
http://www.wikidata.org/entity/Q63495607,Castle,castle,Italy
http://www.wikidata.org/entity/Q19060525,Castello dei Ventimiglia,castle,Italy
http://www.wikidata.org/entity/Q609714,Castell de Quer,castle,Spain
http://www.wikidata.org/entity/Q5203165,D'Oliphant,castle,Netherlands
http://www.wikidata.org/entity/Q2969637,Château de Landal,castle,France
http://www.wikidata.org/entity/Q97643219,Cerro del Castillo,village | castle | city | grave | archaeological site,Spain
http://www.wikidata.org/entity/Q108664877,Apano Kastro of Naxos,castle,Greece
http://www.wikidata.org/entity/Q9705057,Castelo de Assumar,castle | cultural heritage,Portugal
http://www.wikidata.org/entity/Q11912973,Castell Palau d'Aspa,castle,Spain
http://www.wikidata.org/entity/Q17595935,Castell de Bestracà,castle,Spain
http://www.wikidata.org/entity/Q113451541,Norman castle (Alife),castle,Italy
http://www.wikidata.org/entity/Q3662475,Castello di Asolo,castle,Italy
http://www.wikidata.org/entity/Q113172738,Castle of Castellaro,castle,Italy
http://www.wikidata.org/entity/Q42623196,Akhalkalaki Castle,castle | cultural property,Georgia
http://www.wikidata.org/entity/Q2969741,Château de Loupiac,castle,France
http://www.wikidata.org/entity/Q15132680,Turmhügel Kettenberg,castle | archaeological site,Germany
http://www.wikidata.org/entity/Q113366478,Castello di Cavallerleone,castle,Italy
http://www.wikidata.org/entity/Q2970536,Château de Saint-Loup-sur-Thouet,castle,France
http://www.wikidata.org/entity/Q113303907,Castello dell'Alpe della Valle di Bagno,castle,Italy
http://www.wikidata.org/entity/Q2664502,Burgstall Heidenschlössle,castle,Germany
http://www.wikidata.org/entity/Q1049248,Santa Bárbara Castle,castle,Spain
http://www.wikidata.org/entity/Q2259452,Château d'Annecy,castle | museum building | barracks | abandoned,France
http://www.wikidata.org/entity/Q17596517,Castell de Pontils,castle,Spain
http://www.wikidata.org/entity/Q108746932,Zellenberg Castle,castle,France
http://www.wikidata.org/entity/Q1015970,Burgstall Wildenholzen,castle | archaeological site,Germany
http://www.wikidata.org/entity/Q9386513,Dybów Castle,castle,Poland
http://www.wikidata.org/entity/Q113584873,Castello di Marco Simone,castle,Italy
http://www.wikidata.org/entity/Q52872230,Castillo de Freila,monument | castle | fortified tower,Spain
http://www.wikidata.org/entity/Q3639771,Castello di Bifar,castle,Italy
http://www.wikidata.org/entity/Q1013577,Burg Randeck,castle,Germany
http://www.wikidata.org/entity/Q21881784,Burg,castle,Austria
http://www.wikidata.org/entity/Q1116869,Fischburg,castle,Italy
http://www.wikidata.org/entity/Q60491,Rozafa Fortress,castle,Albania
http://www.wikidata.org/entity/Q1015042,Burghaus Burgsahr,castle,Germany
http://www.wikidata.org/entity/Q15943919,Château de Brugny,castle,France
http://www.wikidata.org/entity/Q2226645,Château de Dreistein,castle,France
http://www.wikidata.org/entity/Q113553691,Castello Acquaviva - Personè,castle,Italy
http://www.wikidata.org/entity/Q4807237,Askomill House,castle,United Kingdom
http://www.wikidata.org/entity/Q16619099,Shumsk Castle,castle,Ukraine
http://www.wikidata.org/entity/Q9386751,Szydłów Castle,castle,Poland
http://www.wikidata.org/entity/Q2664405,Burg Plieningen,castle,Germany
http://www.wikidata.org/entity/Q8342545,castle,castle,Spain
http://www.wikidata.org/entity/Q614836,Carlisle Castle,castle,United Kingdom
http://www.wikidata.org/entity/Q332115,Abschnittsbefestigung Straßberg,castle,Germany
http://www.wikidata.org/entity/Q3890047,Palazzo Ducale,castle | palazzo,Italy
http://www.wikidata.org/entity/Q108544193,Now Gonbad Castle,castle,Iran
http://www.wikidata.org/entity/Q54871550,Castello dei Conti Oliva,castle,Italy
http://www.wikidata.org/entity/Q2968960,Château de Châteauneuf-sur-Cher,castle,France
http://www.wikidata.org/entity/Q60534905,Castello di Fiuzzi,castle,Italy
http://www.wikidata.org/entity/Q54865486,Berbeia,hillfort | castle | abandoned village | archaeological site,Spain
http://www.wikidata.org/entity/Q2971443,Château de la Ville-au-Fourrier,castle,France
http://www.wikidata.org/entity/Q2695543,Caldwell Castle,castle,United Kingdom
http://www.wikidata.org/entity/Q17992210,Castel Belvedere,castle,Italy
http://www.wikidata.org/entity/Q1011910,Burgruine Gallenstein,castle | ruins,Austria
http://www.wikidata.org/entity/Q12137149,Defense tower in Piatnychany,castle,Ukraine
http://www.wikidata.org/entity/Q106205538,Ormea Castle,castle,Italy
http://www.wikidata.org/entity/Q65464964,Castel of Coia,castle,Italy
http://www.wikidata.org/entity/Q24659335,Penarth Motte,castle | motte,United Kingdom
http://www.wikidata.org/entity/Q18431646,Bochotnica Castle,castle,Poland
http://www.wikidata.org/entity/Q24660760,Laysters Motte,castle,United Kingdom
http://www.wikidata.org/entity/Q113585629,Castello di San Giovenale,castle,Italy
http://www.wikidata.org/entity/Q56398324,Castle of Bardounia,castle,Greece
http://www.wikidata.org/entity/Q2971034,Château de Vins sur Caramy,castle,France
http://www.wikidata.org/entity/Q14544350,Schloss Lindach,castle,Germany
http://www.wikidata.org/entity/Q2241816,Kamieniec Ząbkowicki Palace,castle | palace,Poland
http://www.wikidata.org/entity/Q9386536,Zamek Książąt Pomorskich w Koszalinie,castle,Poland
http://www.wikidata.org/entity/Q24660425,Llechryd Earthwork,castle,United Kingdom
http://www.wikidata.org/entity/Q15940082,Château de Châtillon-en-Michaille,castle,France
http://www.wikidata.org/entity/Q2968186,Castello di Avise,castle,Italy
http://www.wikidata.org/entity/Q90041821,Castello di Mornico Losana,castle,Italy
http://www.wikidata.org/entity/Q632726,Castle of Tawseelah,castle,Iran
http://www.wikidata.org/entity/Q2680235,Château de Mortefontaine,castle,France
http://www.wikidata.org/entity/Q56661770,Castle of King Edward,castle,United Kingdom
http://www.wikidata.org/entity/Q1258259,Burgruine,castle | archaeological site,Germany
http://www.wikidata.org/entity/Q98279998,Cultural heritage D-3-6940-0045 in Wiesent,castle | château | feature | Bodendenkmal,Germany
http://www.wikidata.org/entity/Q9705682,Rothiemay Castle,castle,United Kingdom
http://www.wikidata.org/entity/Q28967000,Sundre kastal,castle | kastal,Sweden
http://www.wikidata.org/entity/Q7827288,Torthorwald Castle,castle | earthworks | motte | tower house,United Kingdom
http://www.wikidata.org/entity/Q116158232,Derg Castle,castle,
http://www.wikidata.org/entity/Q4821760,Auldhame Castle,castle,United Kingdom
http://www.wikidata.org/entity/Q43136417,Castillo Alpizar,castle,Spain
http://www.wikidata.org/entity/Q20985583,Castell de Veciana,castle,Spain
http://www.wikidata.org/entity/Q8342645,Castell de la Ventosa,castle,Spain
http://www.wikidata.org/entity/Q2969404,Château de Hohenstein,castle,France
http://www.wikidata.org/entity/Q28477622,Castell de la Figuerosa,castle,Spain
http://www.wikidata.org/entity/Q15108409,Burgstall Lenzisburg,castle | archaeological site,Germany
http://www.wikidata.org/entity/Q2542614,Wallburg Gellinghausen,castle,Germany
http://www.wikidata.org/entity/Q1743815,Southsea Castle,castle | fort | local authority museum | military museum,United Kingdom
http://www.wikidata.org/entity/Q30744218,Château de Bierbais,castle,Belgium
http://www.wikidata.org/entity/Q12134108,Novomalyn Castle,castle,Ukraine
http://www.wikidata.org/entity/Q5118766,Château de Cénevières,castle,France
http://www.wikidata.org/entity/Q4767907,Annan Castle,castle,United Kingdom
http://www.wikidata.org/entity/Q28497214,Château de La Rivière,castle | château,France
http://www.wikidata.org/entity/Q2968822,Castle of Chalamera,castle,Spain
http://www.wikidata.org/entity/Q2970269,Château de Pont-de-Briques,castle,France
http://www.wikidata.org/entity/Q366074,Švihov Castle,castle | water castle,Czech Republic
http://www.wikidata.org/entity/Q2968069,Château d'Andelot,castle,France
http://www.wikidata.org/entity/Q1269394,Scone Palace,castle | country house | palace,United Kingdom
http://www.wikidata.org/entity/Q786640,Duntrune Castle,castle,United Kingdom
http://www.wikidata.org/entity/Q28844015,Château des Charmilles,castle | château,France
http://www.wikidata.org/entity/Q113439583,Longobardic Castle,castle,Italy
http://www.wikidata.org/entity/Q43162806,Fortaleza de Tablate,monument | castle,Spain
http://www.wikidata.org/entity/Q43135786,Castillo del Barrio,monument | castle,Spain
http://www.wikidata.org/entity/Q113563099,Castello Romeo,castle,Italy
http://www.wikidata.org/entity/Q13032865,Suraž Castle,castle,Belarus
http://www.wikidata.org/entity/Q24661665,Guanceste,castle,United Kingdom
http://www.wikidata.org/entity/Q1377160,Château du Plessis-Bourré,castle,France
http://www.wikidata.org/entity/Q2550791,Wasserburg Bubenhofen,castle,Germany
http://www.wikidata.org/entity/Q587158,Castellciuró,castle,Spain
http://www.wikidata.org/entity/Q78660852,Château de l'Ourse,castle,France
http://www.wikidata.org/entity/Q1014496,Burg Wasserburg,castle,Germany
http://www.wikidata.org/entity/Q17595842,Castell d'Avinyonet,castle,Spain
http://www.wikidata.org/entity/Q676407,Burg Neu-Waldeck,castle,Germany
http://www.wikidata.org/entity/Q1013711,Castle Rohrbach,castle,Germany
http://www.wikidata.org/entity/Q3692806,Minsk Castle,castle,Belarus
http://www.wikidata.org/entity/Q1011102,Burg Bodenstein,castle,Germany
http://www.wikidata.org/entity/Q2154113,Ringwall Ringmauer,castle,Germany
http://www.wikidata.org/entity/Q6017381,Harput Castle,castle | tourist attraction | archaeological site,Turkey
http://www.wikidata.org/entity/Q27866242,Hradisko u Kružberka,castle,Czech Republic
http://www.wikidata.org/entity/Q68673804,Castello di Lippiano,castle,Italy
http://www.wikidata.org/entity/Q5118890,Châteaux de Curemonte,castle,France
http://www.wikidata.org/entity/Q2970199,Penrith Castle,castle,United Kingdom
http://www.wikidata.org/entity/Q30247365,Feartagar Castle,castle,Ireland
http://www.wikidata.org/entity/Q929837,Augustusburg Hunting Lodge,castle,Germany
http://www.wikidata.org/entity/Q43162060,Castillejo de Agrón,monument | castle,Spain
http://www.wikidata.org/entity/Q2970911,Château de Vassy,castle,France
http://www.wikidata.org/entity/Q20640744,Castell de Vilamajor d'Agramunt,castle,Spain
http://www.wikidata.org/entity/Q43132599,Castillo (Bacares),monument | castle,Spain
http://www.wikidata.org/entity/Q2968977,Château de Châtillon,castle,France
http://www.wikidata.org/entity/Q2969147,Château de Dorches,castle,France
http://www.wikidata.org/entity/Q697030,Burg Güssing,museum | castle,Austria
http://www.wikidata.org/entity/Q20009633,Castello di Magliano Nuovo,castle,Italy
http://www.wikidata.org/entity/Q26364996,Flamborough Castle,castle,United Kingdom
http://www.wikidata.org/entity/Q2968395,Castelo de Évora,castle | cultural heritage,Portugal
http://www.wikidata.org/entity/Q14520219,Ringwall der Marienburg bei Nordstemmen,castle | archaeological site,Germany
http://www.wikidata.org/entity/Q46241708,Bauska Castle and Park,castle,Latvia
http://www.wikidata.org/entity/Q4025931,Salah El-Din Castle,castle,Egypt
http://www.wikidata.org/entity/Q3662533,Castle of Carini,castle,Italy
http://www.wikidata.org/entity/Q2970158,Norviliškės Castle,castle,Lithuania
http://www.wikidata.org/entity/Q19256728,Castell de la Grallera,castle,Spain
http://www.wikidata.org/entity/Q12123358,Mykulyntsi Castle,castle,Ukraine
http://www.wikidata.org/entity/Q10396968,Šelmberk,castle | castle ruin,Czech Republic
http://www.wikidata.org/entity/Q97287344,Castillo de Fondón,monument | castle,Spain
http://www.wikidata.org/entity/Q56190069,Castillo de Cervera del Río Alhama,castle,Spain
http://www.wikidata.org/entity/Q24661744,Llandow Castle,ringwork castle | castle,United Kingdom
http://www.wikidata.org/entity/Q1011987,Burg Goddelsheim,castle,Germany
http://www.wikidata.org/entity/Q2892594,Sheffield Castle,castle | archaeological site,United Kingdom
http://www.wikidata.org/entity/Q12140324,Manor-Palace in Kurisove,castle,Ukraine
http://www.wikidata.org/entity/Q9386645,Inowłódz Castle,castle,Poland
http://www.wikidata.org/entity/Q2634748,Lida Castle,castle,Belarus
http://www.wikidata.org/entity/Q1866166,Lubart's Castle,castle,Ukraine
http://www.wikidata.org/entity/Q29367874,Castillo de la Llecina,castle,Spain
http://www.wikidata.org/entity/Q21196216,Castel Morenberg,castle,Italy
http://www.wikidata.org/entity/Q29993048,Castle of Las Cabañas de Castilla,castle,Spain
http://www.wikidata.org/entity/Q12114730,Kryvche Castle,castle | cultural property,Ukraine
http://www.wikidata.org/entity/Q5118761,Château de Clermont,castle,France
http://www.wikidata.org/entity/Q1013688,Burg Rittersdorf,castle,Germany
http://www.wikidata.org/entity/Q1326470,Kesselburg,castle,Germany
http://www.wikidata.org/entity/Q1011444,Burg Deutschlandsberg,museum | castle | ruins,Austria
http://www.wikidata.org/entity/Q1540600,Gozzoburg,museum | castle,Austria
http://www.wikidata.org/entity/Q1648101,Castle of Brézé,castle,France
http://www.wikidata.org/entity/Q113999945,Castello di Carlo V,castle,Italy
http://www.wikidata.org/entity/Q67772303,Château de Beyrin,castle | château,France
http://www.wikidata.org/entity/Q1015656,Burgstall Aixheim,castle,Germany
http://www.wikidata.org/entity/Q67772396,Burgstelle Schänis,castle,Switzerland
http://www.wikidata.org/entity/Q1014573,Burg Wiedergrün,castle,Germany
http://www.wikidata.org/entity/Q1283285,Edelhof Alberoda,castle,Germany
http://www.wikidata.org/entity/Q24659275,Tomen Castle,castle,United Kingdom
http://www.wikidata.org/entity/Q27603065,ancien Château des comtes de Champagne,castle,France
http://www.wikidata.org/entity/Q5368402,Ely Castle,castle,United Kingdom
http://www.wikidata.org/entity/Q16538207,Castelpagano,castle,Italy
http://www.wikidata.org/entity/Q2968693,Château de Brugheas,castle,France
http://www.wikidata.org/entity/Q38599417,Pen Vain Mound,castle,United Kingdom
http://www.wikidata.org/entity/Q113026876,Castello dei Caldera,castle | historical park museum,Italy
http://www.wikidata.org/entity/Q3327268,Castrodouro Castle,monument | castle,Spain
http://www.wikidata.org/entity/Q1012288,Burg Helfenstein,castle,Germany
http://www.wikidata.org/entity/Q110041952,Castle of Palia Epidavros,castle | fortification,Greece
http://www.wikidata.org/entity/Q24659831,Romans Castle,castle | partial contour fort,United Kingdom
http://www.wikidata.org/entity/Q105978946,Ferney Castle,castle,United Kingdom
http://www.wikidata.org/entity/Q16538118,Mirabello Castle,castle,Italy
http://www.wikidata.org/entity/Q4370726,Vierchni Castle,castle,Belarus
http://www.wikidata.org/entity/Q17596491,Castell de Penallonga,castle,Spain
http://www.wikidata.org/entity/Q12029165,Kepkov,castle,Czech Republic
http://www.wikidata.org/entity/Q4863107,Barr Castle,castle,United Kingdom
http://www.wikidata.org/entity/Q3662573,Castello di Colle Massari,castle,Italy
http://www.wikidata.org/entity/Q1014653,Burg Wolfsegg,museum | castle | archaeological site,Germany
http://www.wikidata.org/entity/Q39011006,Lluest Llewelyn,castle,United Kingdom
http://www.wikidata.org/entity/Q112139453,Castello di Trivolzio,castle,Italy
http://www.wikidata.org/entity/Q98065716,Castillo de Garcíez,monument | castle,Spain
http://www.wikidata.org/entity/Q18003865,Castell de Seró,castle,Spain
http://www.wikidata.org/entity/Q111313546,San Giovanni Decollato,castle | oratory,Italy
http://www.wikidata.org/entity/Q1013873,Burg Schenkenstein,castle,Germany
http://www.wikidata.org/entity/Q113366491,Castello di San Lorenzo,castle,Italy
http://www.wikidata.org/entity/Q1014003,Skalka Castle,castle | château | castle ruin,Czech Republic
http://www.wikidata.org/entity/Q1010936,Burg Belmont,castle | castle ruin,Switzerland
http://www.wikidata.org/entity/Q1014601,Burg Wildeneck,castle,Germany
http://www.wikidata.org/entity/Q2664388,Burg Möhringen (Stuttgart),castle,Germany
http://www.wikidata.org/entity/Q24659277,Eaton Camp,castle,United Kingdom
http://www.wikidata.org/entity/Q83719517,Château fort de Pouilly le Fort,castle,France
http://www.wikidata.org/entity/Q12790245,Neuhaus Castle,castle,Slovenia
http://www.wikidata.org/entity/Q1015847,Hessengasse 33,castle,Germany
http://www.wikidata.org/entity/Q1014156,Strakonice Castle,castle | château,Czech Republic
http://www.wikidata.org/entity/Q111861954,Hotel Castle Bijaipur,castle,India
http://www.wikidata.org/entity/Q4950955,Bowes Castle,castle,United Kingdom
http://www.wikidata.org/entity/Q1012882,Burg Layen,castle,Germany
http://www.wikidata.org/entity/Q5118824,Château de Puy-Launay,castle,France
http://www.wikidata.org/entity/Q1650661,Château de Combourg,castle,France
http://www.wikidata.org/entity/Q67013615,Castello Medievale,castle,Italy
http://www.wikidata.org/entity/Q2175317,Ruins Horen,castle | castle ruin,Switzerland
http://www.wikidata.org/entity/Q19406973,Walled town of Vidoški,castle | architectural heritage monument | cultural heritage | fortress | cultural property | historic site | historic building,Bosnia and Herzegovina
http://www.wikidata.org/entity/Q97013696,Burg Hardeck,destroyed building or structure | castle,Germany
http://www.wikidata.org/entity/Q38283835,Castle of Skyros,castle,Greece
http://www.wikidata.org/entity/Q17905085,Harlsey Castle,castle,United Kingdom
http://www.wikidata.org/entity/Q2968050,Château d'Albon,castle,France
http://www.wikidata.org/entity/Q78661241,Château de Vabras,castle,France
http://www.wikidata.org/entity/Q2970742,Château de Suscinio (Sarzeau),castle,France
http://www.wikidata.org/entity/Q9704476,Castle Mains,castle,United Kingdom
http://www.wikidata.org/entity/Q540964,Harlech Castle,castle | archaeological site,United Kingdom
http://www.wikidata.org/entity/Q113562674,Castello dei Lucchesi,castle,Italy
http://www.wikidata.org/entity/Q17649064,Castleton castle mound,castle,United Kingdom
http://www.wikidata.org/entity/Q1014301,Burg Tuor,castle | castle ruin,Switzerland
http://www.wikidata.org/entity/Q17847259,Duntreath Castle,castle,United Kingdom
http://www.wikidata.org/entity/Q1109403,Castle in Korolevo,castle,Ukraine
http://www.wikidata.org/entity/Q2047826,Palaio Pyli,castle | fortification,Greece
http://www.wikidata.org/entity/Q3662967,Dal Verme Castle,castle,Italy
http://www.wikidata.org/entity/Q115475169,Altenkastel,castle,France
http://www.wikidata.org/entity/Q2967898,Château Inférieur,castle,France
http://www.wikidata.org/entity/Q1014998,Burghalde Kolbingen,castle,Germany
http://www.wikidata.org/entity/Q5118830,Château de Roquessels,castle,France
http://www.wikidata.org/entity/Q56190292,Castle of Herce,castle,Spain
http://www.wikidata.org/entity/Q2505824,Paphos Castle,castle,Cyprus
http://www.wikidata.org/entity/Q19276116,Burganlage Volkerode,castle,Germany
http://www.wikidata.org/entity/Q24659430,Parc Castell,castle | tumulus | mound,United Kingdom
http://www.wikidata.org/entity/Q5914273,Kamiz Castle,castle,Iran
http://www.wikidata.org/entity/Q78661063,Château de Pecheylard,castle,France
http://www.wikidata.org/entity/Q1186885,Denbigh Castle,castle of the Welsh princes | castle | castle ruin | archaeological site,United Kingdom
http://www.wikidata.org/entity/Q1688810,Baldern Castle,museum | castle,Germany
http://www.wikidata.org/entity/Q16537906,Castle Moos,castle,Italy
http://www.wikidata.org/entity/Q1014718,Burg Schlupferstadt,castle,Germany
http://www.wikidata.org/entity/Q2970867,Château de Trécesson,castle,France
http://www.wikidata.org/entity/Q113383505,Castle,castle,Italy
http://www.wikidata.org/entity/Q3662411,Castello dei Conti Guidi,castle,Italy
http://www.wikidata.org/entity/Q15940233,Château de Mittelhausen,castle,France
http://www.wikidata.org/entity/Q187633,Vízmburk,castle | castle ruin,Czech Republic
http://www.wikidata.org/entity/Q7536686,Skryne Castle,castle,Ireland
http://www.wikidata.org/entity/Q83719300,Château fort de Laubesc,castle,France
http://www.wikidata.org/entity/Q13126473,Caer Castell,motte-and-bailey castle | castle | motte | ringwork castle,United Kingdom
http://www.wikidata.org/entity/Q5676501,Castell de Flix,castle,Spain
http://www.wikidata.org/entity/Q17771936,Inveruglas Isle Castle,castle,United Kingdom
http://www.wikidata.org/entity/Q2967827,Alūksne Castle,castle,Latvia
http://www.wikidata.org/entity/Q16538093,Castello di Gaeta,castle,Italy
http://www.wikidata.org/entity/Q24659439,Woodstock Ring,castle | earthworks,United Kingdom
http://www.wikidata.org/entity/Q41365022,Ehemaliges Verwalterhaus der Burg,castle,Germany
http://www.wikidata.org/entity/Q5573768,Castle of La Adrada,castle,Spain
http://www.wikidata.org/entity/Q67084243,Salviano Castle,castle,Italy
http://www.wikidata.org/entity/Q822186,Dillenburger Schloss,castle | ruins,Germany
http://www.wikidata.org/entity/Q12768822,Kamenica Castle,castle | castle ruin,Slovakia
http://www.wikidata.org/entity/Q98397763,Cultural heritage D-6-6028-0054 in Michelau im Steigerwald,castle | human settlement | Bodendenkmal,Germany
http://www.wikidata.org/entity/Q1013964,Burg Schönforst,castle,Germany
http://www.wikidata.org/entity/Q2968792,Castle of Castelo Mendo,castle | cultural heritage,Portugal
http://www.wikidata.org/entity/Q15790356,Burg Pienzenau,castle | archaeological site,Germany
http://www.wikidata.org/entity/Q22893352,Castell de la Roca,castle,Spain
http://www.wikidata.org/entity/Q19861230,Castle of Ruesta,castle,Spain
http://www.wikidata.org/entity/Q33601444,Castle of Turbena,castle,Spain
http://www.wikidata.org/entity/Q78661012,Château de Montgon,castle,France
http://www.wikidata.org/entity/Q2147621,Rheindorfer Burg,castle,Germany
http://www.wikidata.org/entity/Q109379013,Castle of Kastri,castle,Greece
http://www.wikidata.org/entity/Q113083615,Castello di Solto Collina,castle,Italy
http://www.wikidata.org/entity/Q113376860,Fraconalto Castle,castle,Italy
http://www.wikidata.org/entity/Q24662690,Aldburgh,castle,United Kingdom
http://www.wikidata.org/entity/Q18285710,Castle of Beleña de Sorbe,castle,Spain
http://www.wikidata.org/entity/Q9386763,Zamek w Zabrzeży,castle,Poland
http://www.wikidata.org/entity/Q43153634,Castle of Moratalla,castle,Spain
http://www.wikidata.org/entity/Q20584945,Bryn Derwen Motte,motte-and-bailey castle | castle | motte,United Kingdom
http://www.wikidata.org/entity/Q106082568,Castelnuovo – ruderi,castle,Italy
http://www.wikidata.org/entity/Q16054757,Burg Boko,castle,Germany
http://www.wikidata.org/entity/Q28001117,Marcellano,castle,Italy
http://www.wikidata.org/entity/Q17595855,Castell d'Esparreguera,castle,Spain
http://www.wikidata.org/entity/Q100275921,Castello Carafa,castle,Italy
http://www.wikidata.org/entity/Q17596256,Castell de l'Alberg,castle,Spain
http://www.wikidata.org/entity/Q97626525,Castillo la Solana,monument | castle,Spain
http://www.wikidata.org/entity/Q86685932,Korfantów Palace,castle,Poland
http://www.wikidata.org/entity/Q39006440,Capel Pentyrch Enclosure,castle,United Kingdom
http://www.wikidata.org/entity/Q15943943,Château de Clairefontaine,castle,France
http://www.wikidata.org/entity/Q98278741,Cultural heritage D-3-6743-0097 in Rimbach (Oberpfalz),castle | feature | Bodendenkmal | erdstall tunnel,Germany
http://www.wikidata.org/entity/Q73405479,castell de Cérvoles,castle,Spain
http://www.wikidata.org/entity/Q1012439,Burg Hohensolms,castle,Germany
http://www.wikidata.org/entity/Q56800475,Castello di Tignano,castle,Italy
http://www.wikidata.org/entity/Q2164919,Český Krumlov Castle,castle | château,Czech Republic
http://www.wikidata.org/entity/Q113324599,Castello dei Pelosi,castle,Italy
http://www.wikidata.org/entity/Q571409,Königsberg Castle,Ordensburg | castle | destroyed building or structure | archaeological site,Russia
http://www.wikidata.org/entity/Q4677663,Acton Burnell Castle,castle,United Kingdom
http://www.wikidata.org/entity/Q693800,Burg Beilstein,castle,Germany
http://www.wikidata.org/entity/Q1011993,Goldbeck Castle,castle,Germany
http://www.wikidata.org/entity/Q2630287,Château d'Arboras,castle,France
http://www.wikidata.org/entity/Q11437813,Lock Heart Castle,castle | Japanese theme park,Japan
http://www.wikidata.org/entity/Q1014058,Burg Stallegg,castle,Germany
http://www.wikidata.org/entity/Q1013552,Burg Rabenstein,castle,Germany
http://www.wikidata.org/entity/Q110449701,Castello località Padergnone,castle | historic building,Italy
http://www.wikidata.org/entity/Q112115154,Kemnade Castle,castle,Germany
http://www.wikidata.org/entity/Q43132650,Castillo de Binimia,castle | fortification | abandoned village | archaeological site,Spain
http://www.wikidata.org/entity/Q1012572,Schloss Ittendorf,castle,Germany
http://www.wikidata.org/entity/Q28001106,Castle of Piovera,castle | art museum,Italy
http://www.wikidata.org/entity/Q1012132,Burg Göffingen,castle,Germany
http://www.wikidata.org/entity/Q113550081,Castello di Tizzana,castle,Italy
http://www.wikidata.org/entity/Q67772053,Burgruine Bottenstein,castle | ruins,Switzerland
http://www.wikidata.org/entity/Q78660613,Château de Beauchastel,castle,France
http://www.wikidata.org/entity/Q42640014,Naseri Castle (Khash County),castle | cultural property,Iran
http://www.wikidata.org/entity/Q108757309,Château de Weiterswiller,castle,France
http://www.wikidata.org/entity/Q572357,Castle of Füzér,castle,Hungary
http://www.wikidata.org/entity/Q5118797,Château de Lastours,castle,France
http://www.wikidata.org/entity/Q24659822,Castell Hendre,castle | motte,United Kingdom
http://www.wikidata.org/entity/Q30200593,Conna Castle,castle,Ireland
http://www.wikidata.org/entity/Q11942965,Prullans,castle,Spain
http://www.wikidata.org/entity/Q1072570,Ľubovňa Castle,castle,Slovakia
http://www.wikidata.org/entity/Q78661149,Château de Saint Aulaye,castle,France
http://www.wikidata.org/entity/Q258316,Chynadiiovo Castle,castle,Ukraine
http://www.wikidata.org/entity/Q24661492,How Caple Mound,castle,United Kingdom
http://www.wikidata.org/entity/Q1011485,Drackenstein,castle,Germany
http://www.wikidata.org/entity/Q2968577,Château de Bois-Sire-Amé,castle,France
http://www.wikidata.org/entity/Q113376849,Castello,castle,Italy
http://www.wikidata.org/entity/Q78661261,Château de Villerouge la Crémade,castle,France
http://www.wikidata.org/entity/Q1765784,Schwedenschanze,castle | archaeological site,Germany
http://www.wikidata.org/entity/Q16537891,Warth Castle,castle,Italy
http://www.wikidata.org/entity/Q1011456,Burg Dietenburg,castle,Germany
http://www.wikidata.org/entity/Q17743117,Crickhowell Castle,castle | castle ruin,United Kingdom
http://www.wikidata.org/entity/Q1367095,Haus Opherdicke,castle,Germany
http://www.wikidata.org/entity/Q2969896,Fortress of Miolans,prison | castle,France
http://www.wikidata.org/entity/Q1792902,Kuppenburg,castle,Germany
http://www.wikidata.org/entity/Q13048667,Castillo de Tou,castle,Spain
http://www.wikidata.org/entity/Q57737761,Castello di Castelletto,castle,Italy
http://www.wikidata.org/entity/Q17779346,Kincardine Castle,castle,United Kingdom
http://www.wikidata.org/entity/Q1627173,Ringwall Altenstein,castle | archaeological site,Germany
http://www.wikidata.org/entity/Q727760,Lincoln Castle,motte-and-bailey castle | castle | historic house museum | archaeological site,United Kingdom
http://www.wikidata.org/entity/Q20575304,Luggy Motte,motte-and-bailey castle | castle | motte,United Kingdom
http://www.wikidata.org/entity/Q1049134,Castillo Gahete,castle,Spain
http://www.wikidata.org/entity/Q8342543,Castell de Sant Gervàs,castle,Spain
http://www.wikidata.org/entity/Q113585633,Castello Guglielmi,castle,Italy
http://www.wikidata.org/entity/Q29574722,Castle of Carmagnola,town hall | castle,Italy
http://www.wikidata.org/entity/Q113341559,Castel Benelli,castle,Italy
http://www.wikidata.org/entity/Q26743438,Mortimer's Castle,castle,Ireland
http://www.wikidata.org/entity/Q44624002,Schloss Winklberg,castle,Austria
http://www.wikidata.org/entity/Q97631164,Castillo,monument | castle,Spain
http://www.wikidata.org/entity/Q43165335,Torre de Zumel,monument | castle | fortified tower,Spain
http://www.wikidata.org/entity/Q16248055,St Andrew's Castle,castle | ruins | military base,United Kingdom
http://www.wikidata.org/entity/Q67772141,Burg Hoch-Altstätten,castle,Switzerland
http://www.wikidata.org/entity/Q86674635,Castello di Cariseto,castle,Italy
http://www.wikidata.org/entity/Q2969311,Château de Gerbaix,castle,France
http://www.wikidata.org/entity/Q693822,Schauenberg Castle,castle | signal point | castle ruin,Switzerland
http://www.wikidata.org/entity/Q15790424,Burgstall Geyersberg,castle | archaeological site,Germany
http://www.wikidata.org/entity/Q113877595,Uilenburg,destroyed building or structure | castle,Dutch Republic | Holy Roman Empire | Netherlands | Batavian Republic
http://www.wikidata.org/entity/Q8342632,Castell de Seta,monument | castle | fixed construction,Spain
http://www.wikidata.org/entity/Q552305,Meersburg Castle,museum | castle,Germany
http://www.wikidata.org/entity/Q1013500,Burg Pissenheim,castle,Germany
http://www.wikidata.org/entity/Q2246884,"castle ruins ""Schnabelburg"" and other fortifications",castle | castle ruin | archaeological site,Switzerland
http://www.wikidata.org/entity/Q870463,Schloss Heiligenberg,castle | château,Germany
http://www.wikidata.org/entity/Q4185832,Carbonara Castle,castle,Italy
http://www.wikidata.org/entity/Q3250852,Dunscaith Castle,castle,United Kingdom
http://www.wikidata.org/entity/Q2969830,Masseuil Castle,castle,France
http://www.wikidata.org/entity/Q4896127,Morella Castle,monument | castle,Spain
http://www.wikidata.org/entity/Q21868636,Kornberg,castle,Austria
http://www.wikidata.org/entity/Q19851,Castle of Racconigi,religious museum | castle | palazzo museum | military museum building | Italian national museum | Museum of the Italian Ministry of Culture | historical park museum,Italy
http://www.wikidata.org/entity/Q12105597,Zaliztsi Castle,castle | building,Ukraine
http://www.wikidata.org/entity/Q1847415,Château de Berny,castle,France
http://www.wikidata.org/entity/Q3286369,Manoir de la Vermondie,castle | château,France
http://www.wikidata.org/entity/Q73283646,castell de Tarascó,castle,Spain
http://www.wikidata.org/entity/Q38251308,Akova Castle,castle,Greece
http://www.wikidata.org/entity/Q2300613,Burgstelle Sommerstein,castle,Germany
http://www.wikidata.org/entity/Q2648483,Allerburg,castle,Germany
http://www.wikidata.org/entity/Q1011583,Burg Elkofen,castle,Germany
http://www.wikidata.org/entity/Q1164888,Sandsfoot Castle,castle | fort,United Kingdom
http://www.wikidata.org/entity/Q3662808,Pomponesco Castle,castle,Italy
http://www.wikidata.org/entity/Q1013986,Wallburg Semberg,castle,Germany
http://www.wikidata.org/entity/Q96243219,"Castelo da Pena da Rainha, também conhecido por Castelo de São Martinho da Pena",castle | cultural heritage | chapel,Portugal
http://www.wikidata.org/entity/Q2971807,"Château du Repaire, Rougnac",castle,France
http://www.wikidata.org/entity/Q106044628,Castello in Santa Bianca di Bondeno,castle,Italy
http://www.wikidata.org/entity/Q2968115,Château d'Arlay,castle,France
http://www.wikidata.org/entity/Q18482039,Lennox Castle,castle,United Kingdom
http://www.wikidata.org/entity/Q78660685,Château de Brue,castle,France
http://www.wikidata.org/entity/Q2968287,Château d'Ivry-la-Bataille,castle,France
http://www.wikidata.org/entity/Q24661695,Castell Cleddyf,castle | enclosure,United Kingdom
http://www.wikidata.org/entity/Q1012040,Greifenstein Castle,castle | castle ruin,Germany
http://www.wikidata.org/entity/Q39006339,Castell Gwain Goch,castle,United Kingdom
http://www.wikidata.org/entity/Q5521428,Gannocks Castle,castle,United Kingdom
http://www.wikidata.org/entity/Q1013491,Philippstein Castle,castle,Germany
http://www.wikidata.org/entity/Q2970299,Château de Presles,castle,France
http://www.wikidata.org/entity/Q1859459,Château de la Brède,castle | château,France
http://www.wikidata.org/entity/Q3662605,Castello di Felino,castle,Italy
http://www.wikidata.org/entity/Q30113918,Volden,castle,Denmark
http://www.wikidata.org/entity/Q17641616,Castle Hill earthworks,castle | earthworks | enclosure,United Kingdom
http://www.wikidata.org/entity/Q1451731,Wasserschloss Sandizell,castle | park,Germany
http://www.wikidata.org/entity/Q975868,Castle of Cardona,castle,Spain
http://www.wikidata.org/entity/Q67014843,castle of Parpaglia,castle,Italy
http://www.wikidata.org/entity/Q1011648,Erichsburg,castle,Germany
http://www.wikidata.org/entity/Q67772158,Torre La Colombiere,castle,Italy
http://www.wikidata.org/entity/Q97640349,Castillo,castle,Spain
http://www.wikidata.org/entity/Q5049730,Castle of Degebe,castle | cultural heritage,Portugal
http://www.wikidata.org/entity/Q5118732,Château d'Opme,castle,France
http://www.wikidata.org/entity/Q1011808,Burg Freckleben,castle,Germany
http://www.wikidata.org/entity/Q17596282,Castell de la Floresta,castle,Spain
http://www.wikidata.org/entity/Q43162766,Castillo de La Peza,monument | castle,Spain
http://www.wikidata.org/entity/Q5439646,Featherstone Castle,castle,United Kingdom
http://www.wikidata.org/entity/Q24643833,Gobban Saers Castle,castle,United Kingdom
http://www.wikidata.org/entity/Q1590453,Haus Remberg,castle,Germany
http://www.wikidata.org/entity/Q2243791,Tynnelsö Castle,architectural ensemble | castle,Sweden
http://www.wikidata.org/entity/Q2968858,Château de Châtenay,castle,France
http://www.wikidata.org/entity/Q20578173,Gulustan Castle,castle,Azerbaijan
http://www.wikidata.org/entity/Q111599379,castello svevo,castle,Italy
http://www.wikidata.org/entity/Q38601162,Castle in Gwerthrynion,castle,United Kingdom
http://www.wikidata.org/entity/Q113334465,Castello di Nigone,castle,Italy
http://www.wikidata.org/entity/Q26566127,Old Castle,castle,United Kingdom
http://www.wikidata.org/entity/Q113303943,Castello di Monte Cornario,castle,Italy
http://www.wikidata.org/entity/Q1010783,Burg Altraderach,castle,Germany
http://www.wikidata.org/entity/Q56450605,Agriosykia Castle,castle,Greece
http://www.wikidata.org/entity/Q1014321,Burg Uetersen (II),castle,Germany
http://www.wikidata.org/entity/Q17651130,"Chartley Castle, Chartley Old Hall and associated water control systems including garden remains",castle,United Kingdom
http://www.wikidata.org/entity/Q19308620,Schloss Anberg,castle,Germany
http://www.wikidata.org/entity/Q16329497,Lefktro Castle,castle | archaeological site,Greece
http://www.wikidata.org/entity/Q23396015,Pošijak,castle,Bosnia and Herzegovina
http://www.wikidata.org/entity/Q3533524,Tour de l'Archet,castle,Italy
http://www.wikidata.org/entity/Q60838352,Melegnano Castle,castle,Italy
http://www.wikidata.org/entity/Q78655167,Château-fort de Mosson,castle | château,France
http://www.wikidata.org/entity/Q3395336,Gwrych Castle,castle | country house | folly | charitable organization,United Kingdom
http://www.wikidata.org/entity/Q2001223,Poeke Castle,castle | château,Belgium
http://www.wikidata.org/entity/Q1011172,Burg Breisach,castle,Germany
http://www.wikidata.org/entity/Q1012538,Burg Hüls,castle,Germany
http://www.wikidata.org/entity/Q8777114,Sant Pere Sacama,church building | castle,Spain
http://www.wikidata.org/entity/Q19152931,Château de Cornod,castle,France
http://www.wikidata.org/entity/Q11913093,Castell de Sant Gregori,castle,Spain
http://www.wikidata.org/entity/Q43135745,Castillo (Jérez del Marquesado),monument | castle,Spain
http://www.wikidata.org/entity/Q78661072,Château de Peyreleau,castle,France
http://www.wikidata.org/entity/Q12109790,Kyz-Kule,castle | tourist attraction,Ukraine | Russia
http://www.wikidata.org/entity/Q3775726,Castle of Santa Maria da Feira,castle | cultural heritage,Portugal
http://www.wikidata.org/entity/Q24660753,Edvin Loach Ringwork,castle,United Kingdom
http://www.wikidata.org/entity/Q9386604,Zamek w Bobrku,castle,Poland
http://www.wikidata.org/entity/Q2425762,Zhovkva Castle,castle,Ukraine
http://www.wikidata.org/entity/Q19594017,Castell de Santa Linya,castle,Spain
http://www.wikidata.org/entity/Q3662879,Castello di Santa Margherita Ligure,castle | military museum building,Italy
http://www.wikidata.org/entity/Q30185167,Castle Menkulasi,castle,Albania
http://www.wikidata.org/entity/Q2447969,Ammersoyen Castle,museum | castle | château,Netherlands
http://www.wikidata.org/entity/Q98268435,Cultural heritage D-5-6931-0462 in Ellingen,castle | château | Bodendenkmal | preceding structure,Germany
http://www.wikidata.org/entity/Q112278574,Castello di Parrano,castle,Italy
http://www.wikidata.org/entity/Q1868780,Cranendonck Castle,castle,Netherlands
http://www.wikidata.org/entity/Q19896860,Rozbeķi Castle ruins,castle,Latvia
http://www.wikidata.org/entity/Q5757344,Castillo de Giribaile,monument | castle | private property,Spain
http://www.wikidata.org/entity/Q83719004,Château fort de Chanteil,castle,France
http://www.wikidata.org/entity/Q159147,Château d'Aubeterre-sur-Dronne,castle,France
http://www.wikidata.org/entity/Q2664323,Burg Hedelfingen,castle,Germany
http://www.wikidata.org/entity/Q3662620,Castle of Gioiosa Guardia,castle,Italy
http://www.wikidata.org/entity/Q115473795,Château de Roppe,castle,France
http://www.wikidata.org/entity/Q785923,Schlaining Castle,museum | castle,Austria
http://www.wikidata.org/entity/Q29920391,Hölö 327,castle,Sweden
http://www.wikidata.org/entity/Q5129609,Clavering Castle,castle,United Kingdom
http://www.wikidata.org/entity/Q106073420,Resti della Rocca di Belvedere,castle | castle ruin,Italy
http://www.wikidata.org/entity/Q11913021,Castell de Cava,castle,Spain
http://www.wikidata.org/entity/Q12047622,Purkhybl,castle,Czech Republic
http://www.wikidata.org/entity/Q9088845,Torre-roja de Viladecans,castle,Spain
http://www.wikidata.org/entity/Q6875328,Miserden Castle,castle,United Kingdom
http://www.wikidata.org/entity/Q5726960,Sheykh Makan Castle,castle | cultural property,Iran
http://www.wikidata.org/entity/Q1013027,Burgruine Luftenberg,castle | ruins,Austria
http://www.wikidata.org/entity/Q19401679,Castle ruins in Czarny Bór,castle | ruins | palace,Poland
http://www.wikidata.org/entity/Q2154093,Ringwall Eisenköpfe,castle | archaeological site,Germany
http://www.wikidata.org/entity/Q2664420,Burg Steinhausen,castle,Germany
http://www.wikidata.org/entity/Q1013482,Burgruine Pfannberg,castle,Austria
http://www.wikidata.org/entity/Q83719266,Château fort de la Motte,castle,France
http://www.wikidata.org/entity/Q11913011,Bellvís Castle,castle,Spain
http://www.wikidata.org/entity/Q5905376,Rudbar Castle,castle,Iran
http://www.wikidata.org/entity/Q20589828,Castell Glas,motte-and-bailey castle | castle | motte,United Kingdom
http://www.wikidata.org/entity/Q1013210,Burg Nehren,castle,Germany
http://www.wikidata.org/entity/Q8342460,Castell de Montagut,castle | semaphore tower,Spain
http://www.wikidata.org/entity/Q1012387,Schurkenturm,castle,Germany
http://www.wikidata.org/entity/Q5118760,Château de Clermont,castle,France
http://www.wikidata.org/entity/Q1014646,Burg Wolfhagen,castle,Germany
http://www.wikidata.org/entity/Q130754907,Swanenburch,castle,Netherlands
http://www.wikidata.org/entity/Q12038914,Mstěnice Castle,castle,Czech Republic
http://www.wikidata.org/entity/Q20875059,Castell d'Anglesola,castle,Spain
http://www.wikidata.org/entity/Q17998370,Kušlat,castle | mosque | cultural heritage | fortress | historic site,Bosnia and Herzegovina
http://www.wikidata.org/entity/Q5900842,Takht Castle,castle,Iran
http://www.wikidata.org/entity/Q16619106,Castle Tulczynie,castle,Ukraine
http://www.wikidata.org/entity/Q3913561,Brandenbourg Castle,castle,Luxembourg
http://www.wikidata.org/entity/Q55164626,Complex of the Castle of Guiglia,castle,Italy
http://www.wikidata.org/entity/Q21152896,Château de Latour-Bas-Elne,castle,France
http://www.wikidata.org/entity/Q113399465,Castle of Sernaglia della Battaglia,castle,Italy
http://www.wikidata.org/entity/Q4403409,Sabayil Castle,castle,Azerbaijan
http://www.wikidata.org/entity/Q2970688,Château de Serres,castle,France
http://www.wikidata.org/entity/Q430566,Castle of Zalatambor,castle,Spain
http://www.wikidata.org/entity/Q41231586,Malaspina Castle,castle,Italy
http://www.wikidata.org/entity/Q1012920,Burgruine,castle | archaeological site,Germany
http://www.wikidata.org/entity/Q2968749,Château de Cambron,castle,France
http://www.wikidata.org/entity/Q2970127,Colline du Château,hill | castle,France
http://www.wikidata.org/entity/Q5757704,Castle of Xiquena,monument | castle,Spain
http://www.wikidata.org/entity/Q6414050,Kinneddar Castle,ringwork castle | castle,United Kingdom
http://www.wikidata.org/entity/Q2967795,Château Guillaume de Lignac,castle,France
http://www.wikidata.org/entity/Q38600969,Castell Manest,castle,United Kingdom
http://www.wikidata.org/entity/Q72703760,Castello del Drosso,castle,Italy
http://www.wikidata.org/entity/Q1923521,Drum Castle,castle,United Kingdom
http://www.wikidata.org/entity/Q1015842,Burgstall Mederike,castle,Germany
http://www.wikidata.org/entity/Q17661890,Castle Hill motte,castle | motte,United Kingdom
http://www.wikidata.org/entity/Q4948642,Bothmar Castle,castle,Switzerland
http://www.wikidata.org/entity/Q3662579,Conisbrough Castle,castle | historic house museum | archaeological site,United Kingdom
http://www.wikidata.org/entity/Q1049531,Castle Tioram,castle,United Kingdom
http://www.wikidata.org/entity/Q23905452,Caldora Castle,castle,Italy
http://www.wikidata.org/entity/Q175213,Altenburg,mountain | castle | archaeological site,Germany
http://www.wikidata.org/entity/Q27825863,Benavente’s Castle,castle,Spain
http://www.wikidata.org/entity/Q1013223,Burg Nettersheim,castle,Germany
http://www.wikidata.org/entity/Q17641533,Offton Castle,castle,United Kingdom
http://www.wikidata.org/entity/Q2970072,Château de Mostuéjouls,castle,France
http://www.wikidata.org/entity/Q98167384,Cultural heritage D-6-5527-0001 in Bastheim,monastery | castle | feature | Bodendenkmal,Germany
http://www.wikidata.org/entity/Q108612523,Castle of Koskinou,castle,Greece
http://www.wikidata.org/entity/Q5049780,Castelo de Juromenha,castle | cultural heritage | fortress,Portugal
http://www.wikidata.org/entity/Q56726967,Castle of Cuenca,castle,Spain
http://www.wikidata.org/entity/Q1014507,Burg Weidach,castle,Germany
http://www.wikidata.org/entity/Q43134788,Castillo de Sierra del Castillo,monument | castle,Spain
http://www.wikidata.org/entity/Q11814,Stafford Castle,castle | local authority museum,United Kingdom
http://www.wikidata.org/entity/Q24659216,Corfham Castle,castle,United Kingdom
http://www.wikidata.org/entity/Q83718891,Château fort de Barrault,castle,France
http://www.wikidata.org/entity/Q761860,Veste Landskron,castle,Germany
http://www.wikidata.org/entity/Q2968213,Château d'Escoire,castle,France
http://www.wikidata.org/entity/Q54869826,Baikie Castle,castle,United Kingdom
http://www.wikidata.org/entity/Q20985563,Castell de Montaspre,castle,Spain
http://www.wikidata.org/entity/Q2968367,Castle,architectural structure | castle,Switzerland
http://www.wikidata.org/entity/Q108584907,Haus Thüle,castle | château | architectural structure,Germany
http://www.wikidata.org/entity/Q6746716,Castillo de Petrer,monument | castle,Spain
http://www.wikidata.org/entity/Q65103031,"Sassanid Fortress at Sar Yazd, Iran",castle,Iran
http://www.wikidata.org/entity/Q1014335,Burg Unterheiligenhoven,castle,Germany
http://www.wikidata.org/entity/Q15940579,Château de Canabazes,castle,France
http://www.wikidata.org/entity/Q1560128,Güllener Ring,hillfort | castle | archaeological site,Germany
http://www.wikidata.org/entity/Q976230,Château de Montfaucon,castle,France
http://www.wikidata.org/entity/Q2968350,Château d'Usson,castle,France
http://www.wikidata.org/entity/Q1013610,Burg Regis,castle,Germany
http://www.wikidata.org/entity/Q435043,Altburg (Bundenbach),castle,Germany
http://www.wikidata.org/entity/Q629782,Dalečín Castle,castle | castle ruin,Czech Republic
http://www.wikidata.org/entity/Q98173470,Cultural heritage D-6-6128-0097 in Prichsenstadt,castle | château | feature | Bodendenkmal,Germany
http://www.wikidata.org/entity/Q2970788,former estate of Thomas Burnet,castle,France
http://www.wikidata.org/entity/Q11913187,Castell de Carcolze,castle,Spain
http://www.wikidata.org/entity/Q376699,Castle of Pierrefonds,castle,France
http://www.wikidata.org/entity/Q5145916,Collairnie Castle,castle,United Kingdom
http://www.wikidata.org/entity/Q12878512,Methoni Castle,castle,Greece
http://www.wikidata.org/entity/Q131705234,Laguardia Castle,castle,
http://www.wikidata.org/entity/Q661338,Stegeborg Castle,castle | château | ancient monument | ruins,Sweden
http://www.wikidata.org/entity/Q3662712,Montalbano Castle,castle,Italy
http://www.wikidata.org/entity/Q775803,Castell d'Esclanyà,monument | castle,Spain
http://www.wikidata.org/entity/Q5485982,Castle of Navarrés,castle,Spain
http://www.wikidata.org/entity/Q1138213,Cowie Castle,castle,United Kingdom
http://www.wikidata.org/entity/Q1012899,Burg Leinstetten,castle,Germany
http://www.wikidata.org/entity/Q23387867,Castello di Gagliano Aterno,castle,Italy
http://www.wikidata.org/entity/Q24660472,Woodcastle Castle,castle,United Kingdom
http://www.wikidata.org/entity/Q11913079,Castell de Puig-reig,castle,Spain
http://www.wikidata.org/entity/Q21868001,Hohenpressen,castle,Austria
http://www.wikidata.org/entity/Q1013090,Burg Medinghoven,castle,Germany
http://www.wikidata.org/entity/Q38282086,Castle of Davlia,castle,Greece
http://www.wikidata.org/entity/Q19406971,Fortress of Livno,castle,Bosnia and Herzegovina
http://www.wikidata.org/entity/Q28497153,Château de Montaigu,castle,France
http://www.wikidata.org/entity/Q7336819,Ritterswerder,castle,Lithuania
http://www.wikidata.org/entity/Q113440849,Castello di Montoro Inferiore,castle,Italy
http://www.wikidata.org/entity/Q919865,"Alcazaba, Salobreña",castle,Spain
http://www.wikidata.org/entity/Q2912886,Castell de Sant Marçal,castle,Spain
http://www.wikidata.org/entity/Q12790257,Trebnje Castle,castle,Slovenia
http://www.wikidata.org/entity/Q2242703,Ratno Dolne Castle,castle,Poland
http://www.wikidata.org/entity/Q2664467,Burgrest Jagstberg,castle,Germany
http://www.wikidata.org/entity/Q2970446,Château de Roussillon,castle,France
http://www.wikidata.org/entity/Q1011731,Burg Fluhenstein,castle | archaeological site,Germany
http://www.wikidata.org/entity/Q2971681,Château du Fort,castle,France
http://www.wikidata.org/entity/Q1011152,Burg Braunsen,castle,Germany
http://www.wikidata.org/entity/Q118395634,Château de Ponthoz,castle,Belgium
http://www.wikidata.org/entity/Q73487666,Castelvecchio di Stupinigi,castle,Italy
http://www.wikidata.org/entity/Q108612604,Castle of Glyppia,castle,Greece
http://www.wikidata.org/entity/Q4892979,Castell de Vilafamés,monument | castle,Spain
http://www.wikidata.org/entity/Q5474201,Foulis Castle,castle,United Kingdom
http://www.wikidata.org/entity/Q5875548,Khan Castle,castle | cultural property,Iran
http://www.wikidata.org/entity/Q83719708,Château fort du Boschet,castle,France
http://www.wikidata.org/entity/Q1049272,Castillo La Iruela,monument | castle,Spain
http://www.wikidata.org/entity/Q2971061,Château de Wasselonne,castle,France
http://www.wikidata.org/entity/Q5314889,Dundonald Castle,castle,United Kingdom
http://www.wikidata.org/entity/Q56459067,Rocca di Polino,castle | rocca,Italy
http://www.wikidata.org/entity/Q5757740,Castillo de las Aguzaderas,castle,Spain
http://www.wikidata.org/entity/Q113577916,Castello di Bonvehì,castle,Italy
http://www.wikidata.org/entity/Q29884502,La Rocchetta Castle,castle,Italy
http://www.wikidata.org/entity/Q2971839,Château du Tournel,castle | château,France
http://www.wikidata.org/entity/Q5409450,Burg Rohr,castle | archaeological site,Germany
http://www.wikidata.org/entity/Q113584048,Burg Rönneburg,castle,Germany
http://www.wikidata.org/entity/Q98276051,Cultural heritage D-3-6938-0874 in Regensburg,castle | château | feature | Bodendenkmal,Germany
http://www.wikidata.org/entity/Q19594015,Castell de la Clua,castle,Spain
http://www.wikidata.org/entity/Q2247253,Schneeburg,castle | archaeological site,Germany
http://www.wikidata.org/entity/Q3662639,Castello di Ivrea,castle | historical park museum,Italy
http://www.wikidata.org/entity/Q21530312,Castell de la Donzell d'Urgell,castle,Spain
http://www.wikidata.org/entity/Q112169836,Castello Trecchi,castle,Italy
http://www.wikidata.org/entity/Q39009924,Castell y Garreg,castle,United Kingdom
http://www.wikidata.org/entity/Q78660639,Château de Bethemont,castle,France
http://www.wikidata.org/entity/Q9386701,Ostrorógu Castle,castle,Poland
http://www.wikidata.org/entity/Q2231034,Schanze Weisel,castle,Germany
http://www.wikidata.org/entity/Q18241493,Schloss Allentsteig,castle | château,Austria
http://www.wikidata.org/entity/Q8034150,Worcester Castle,castle,United Kingdom
http://www.wikidata.org/entity/Q113012551,Castello di Voltaggio,castle,Italy
http://www.wikidata.org/entity/Q14907072,Lenensburg,castle | oppidum,Germany
http://www.wikidata.org/entity/Q28049994,Castillo de Alconchel,castle,Spain
http://www.wikidata.org/entity/Q1013109,Burg Mengen,castle,Germany
http://www.wikidata.org/entity/Q577021,Nitra Castle,castle | palace,Slovakia
http://www.wikidata.org/entity/Q113164377,Castello Giustiniani,castle,Italy
http://www.wikidata.org/entity/Q112323196,Castello di Schifanoia,castle,Italy
http://www.wikidata.org/entity/Q14548798,Burgstall Bürgberg (Markdorf),castle,Germany
http://www.wikidata.org/entity/Q113382563,Castle of Strassoldo di Sopra,castle,Italy
http://www.wikidata.org/entity/Q1963850,Scarborough Castle,castle,United Kingdom
http://www.wikidata.org/entity/Q35665320,Castillo Mayor,castle | qalat,Spain
http://www.wikidata.org/entity/Q2240439,Schloss,castle | archaeological site,Germany
http://www.wikidata.org/entity/Q5001287,Busbie Castle,village | castle,United Kingdom
http://www.wikidata.org/entity/Q1013624,Burg Reichenbach,castle,Germany
http://www.wikidata.org/entity/Q9088922,Castle of Redondos,castle | cultural heritage | tower | ruins,Portugal
http://www.wikidata.org/entity/Q182146,Schloss Hugenpoet,castle,Germany
http://www.wikidata.org/entity/Q1671861,Inzlingen Castle,castle,Germany
http://www.wikidata.org/entity/Q7998532,Widdrington Castle,castle,United Kingdom
http://www.wikidata.org/entity/Q18162672,Tarradale Castle,castle,United Kingdom
http://www.wikidata.org/entity/Q20985571,Castell de Rubinat,castle,Spain
http://www.wikidata.org/entity/Q56635996,Castello Carafa-Ruffo,castle,Italy
http://www.wikidata.org/entity/Q2971334,Château de la Napoule,castle | art museum,France
http://www.wikidata.org/entity/Q18325898,Ruppin Castle,castle,Germany
http://www.wikidata.org/entity/Q1585270,Hareschloß,castle | archaeological site,Germany
http://www.wikidata.org/entity/Q1015921,Burgstall Schäfstoß,castle,Germany
http://www.wikidata.org/entity/Q64711311,Castle of Morcone,castle,Italy
http://www.wikidata.org/entity/Q43139198,Castillo de Alhocen,monument | castle,Spain
http://www.wikidata.org/entity/Q64687048,Waterkasteel van Moorsel,castle,Belgium
http://www.wikidata.org/entity/Q839242,Château du Hohlandsbourg,castle,France
http://www.wikidata.org/entity/Q78661320,Château des Ducs de Bourgogne,castle,France
http://www.wikidata.org/entity/Q24023661,Castillo de Jumilla,monument | castle,Spain
http://www.wikidata.org/entity/Q8342475,Castell de Montmany,castle,Spain
http://www.wikidata.org/entity/Q371491,Burg Pusignan,castle,France
http://www.wikidata.org/entity/Q2550893,Wasserburg Sulmingen,castle,Germany
http://www.wikidata.org/entity/Q5309218,Drummond Castle,castle | country house | garden,United Kingdom
http://www.wikidata.org/entity/Q2968482,Château de Beaumefort,castle,France
http://www.wikidata.org/entity/Q97631133,Recinto amurallado,defensive wall | castle,Spain
http://www.wikidata.org/entity/Q2242401,Château de Mehun-sur-Yèvre,castle,France
http://www.wikidata.org/entity/Q56305197,Château d'Évian,castle,France
http://www.wikidata.org/entity/Q16537988,Castello della Rovere,castle,Italy
http://www.wikidata.org/entity/Q113550413,Castello di Modanella,castle,Italy
http://www.wikidata.org/entity/Q1938340,Château Pichon,castle,France
http://www.wikidata.org/entity/Q2969932,Château de Montaigu-le-Blin,castle,France
http://www.wikidata.org/entity/Q83719312,Château fort de Lavoux,castle,France
http://www.wikidata.org/entity/Q113383509,Castelnuovo of Flagogna,castle,Italy
http://www.wikidata.org/entity/Q2968309,Château d'Onet-le-Château,castle,France
http://www.wikidata.org/entity/Q113378098,Castello Costa,castle,Italy
http://www.wikidata.org/entity/Q15940507,Château de Grilly,castle,France
http://www.wikidata.org/entity/Q16010192,Château d'Aiguebelette-le-Lac,castle,France
http://www.wikidata.org/entity/Q24660343,Padeswood Mound,castle | mound,United Kingdom
http://www.wikidata.org/entity/Q21479903,Castell de Fraumir,castle,Spain
http://www.wikidata.org/entity/Q112169818,Castello Barbò,castle,Italy
http://www.wikidata.org/entity/Q103779890,Favria Castle,castle,Italy
http://www.wikidata.org/entity/Q1989520,Brody Castle,castle,Ukraine
http://www.wikidata.org/entity/Q3397542,Snežnik Castle,castle,Slovenia
http://www.wikidata.org/entity/Q21866182,Schloss Münichhofen,castle | château,Austria
http://www.wikidata.org/entity/Q15108377,Burgstall Fußstain,castle | archaeological site,Germany
http://www.wikidata.org/entity/Q113375234,Castello Asinari di San Marzano,castle,Italy
http://www.wikidata.org/entity/Q115311311,Schloss Gammertingen,castle,Germany
http://www.wikidata.org/entity/Q97631202,Torrevíboras,castle | fortress | archaeological site,Spain
http://www.wikidata.org/entity/Q5893131,Hosseini Castle,castle | cultural property,Iran
http://www.wikidata.org/entity/Q112137784,Castello di Villanterio,castle,Italy
http://www.wikidata.org/entity/Q1014105,Burg Steineck,castle,Germany
http://www.wikidata.org/entity/Q115139,Sarvestan Palace,castle,Iran
http://www.wikidata.org/entity/Q17611285,Krzepice Castle,castle,Poland
http://www.wikidata.org/entity/Q5118722,Château d'Aspach-le-Haut,castle,France
http://www.wikidata.org/entity/Q24659304,Maesgwyn mound,cairn | castle,United Kingdom
http://www.wikidata.org/entity/Q4175884,Nový zámok,castle | factory,Slovakia
http://www.wikidata.org/entity/Q2971747,Château du Moutier,castle,France
http://www.wikidata.org/entity/Q13048666,Castillo de Troncedo,castle,Spain
http://www.wikidata.org/entity/Q24278683,Castillo del Jarafe,monument | castle,Spain
http://www.wikidata.org/entity/Q255544,Egerberk,castle | castle ruin,Czech Republic
http://www.wikidata.org/entity/Q113080120,Castello di Loreto,castle,Italy
http://www.wikidata.org/entity/Q2577195,Olyka Castle,castle,Ukraine
http://www.wikidata.org/entity/Q1012738,Burg Kreuzberg,castle,Germany
http://www.wikidata.org/entity/Q1594185,Heidenlöcher,castle | castle ruin,Germany
http://www.wikidata.org/entity/Q7199105,Pittarthie Castle,castle,United Kingdom
http://www.wikidata.org/entity/Q10295983,Živánska Veža Castle,castle,Slovakia
http://www.wikidata.org/entity/Q2969737,Château de Loriol,castle,France
http://www.wikidata.org/entity/Q16586373,Castello abbaziale di Sant'Ambrogio,castle,Italy
http://www.wikidata.org/entity/Q23668356,Castillo de Yanguas,castle,Spain
http://www.wikidata.org/entity/Q19060511,Castello di Donna Berta,castle,Italy
http://www.wikidata.org/entity/Q726404,Ashtown Castle,castle,Ireland
http://www.wikidata.org/entity/Q1014506,Burg Weidenstetten,castle,Germany
http://www.wikidata.org/entity/Q2971022,Château de Villevert,castle,France
http://www.wikidata.org/entity/Q5887324,Cheshmeh-Ali Castle,castle | cultural property,Iran
http://www.wikidata.org/entity/Q1012850,Latsch Castle,castle,Italy
http://www.wikidata.org/entity/Q114289306,Lough Cutra Castle,castle,Ireland
http://www.wikidata.org/entity/Q22227280,Castell de Ribes de Freser,castle,Spain
http://www.wikidata.org/entity/Q106077594,Castello di Ottone,castle,Italy
http://www.wikidata.org/entity/Q2969744,Château de Louâtre,castle,France
http://www.wikidata.org/entity/Q4889674,Castillo de Albocácer,castle,Spain
http://www.wikidata.org/entity/Q17829176,Sparrow Castle,castle,United Kingdom
http://www.wikidata.org/entity/Q24659276,Breinton Moat,castle,United Kingdom
http://www.wikidata.org/entity/Q111088846,Mauldslie Castle,castle,United Kingdom
http://www.wikidata.org/entity/Q20985537,Castell d'Alcoletge,castle,Spain
http://www.wikidata.org/entity/Q85332346,Székelybánja,castle,Romania
http://www.wikidata.org/entity/Q98268795,Cultural heritage D-5-6930-0281 in Heidenheim (Mittelfranken),castle | Bodendenkmal,Germany
http://www.wikidata.org/entity/Q1014201,Burg Tannegg,castle,Germany
http://www.wikidata.org/entity/Q1014051,Stahlberg Castle,castle,Germany
http://www.wikidata.org/entity/Q101520536,Bornemissza castle in Gurghiu,castle,Romania
http://www.wikidata.org/entity/Q680428,Burg Malterdingen,castle,Germany
http://www.wikidata.org/entity/Q2971228,Château de la Ferté,castle,France
http://www.wikidata.org/entity/Q108057725,Gleneburg,castle,Germany
http://www.wikidata.org/entity/Q97633797,El Castillejo,monument | castle | abandoned village,Spain
http://www.wikidata.org/entity/Q1012315,Burg Herrieden,castle,Germany
http://www.wikidata.org/entity/Q20599709,Domen Fawr,castle,United Kingdom
http://www.wikidata.org/entity/Q1014427,Burg Wachenheim,castle,Germany
http://www.wikidata.org/entity/Q2970514,Château de Saint-Germain (Ain),castle,France
http://www.wikidata.org/entity/Q3662625,Gradara Castle,castle,Italy
http://www.wikidata.org/entity/Q55163925,Castello Malaspina,castle,Italy
http://www.wikidata.org/entity/Q1590173,Haus Heck,castle,Germany
http://www.wikidata.org/entity/Q78660871,Château de la Madeleine,castle,France
http://www.wikidata.org/entity/Q113163622,Castle of Stellanello,castle,Italy
http://www.wikidata.org/entity/Q5469529,Forfar Castle,castle,United Kingdom
http://www.wikidata.org/entity/Q16618861,Castle of the Order of St. John in Łagów,hotel | castle,Poland
http://www.wikidata.org/entity/Q55115995,Castle of Leguigno,castle,Italy
http://www.wikidata.org/entity/Q584950,Château de Corcelle,castle,France
http://www.wikidata.org/entity/Q1011060,Blankenhagen Castle,castle,Germany
http://www.wikidata.org/entity/Q7576451,Spey Tower,castle,United Kingdom
http://www.wikidata.org/entity/Q24659330,Afon Marteg Mount,castle,United Kingdom
http://www.wikidata.org/entity/Q70883298,castello Spinola di San Cristoforo,castle,Italy
http://www.wikidata.org/entity/Q17122552,Burg Rehburg,castle,Germany
http://www.wikidata.org/entity/Q15108468,Burgstelle Neu Raderach,castle,Germany
http://www.wikidata.org/entity/Q19760046,les Trois-Châteaux de Ribeauvillé,castle,France
http://www.wikidata.org/entity/Q2968044,Château d'Airvault,castle,France
http://www.wikidata.org/entity/Q15141933,Ulmburg,castle | Ansitz,Italy
http://www.wikidata.org/entity/Q53727009,Villalonso Castle,castle,Spain
http://www.wikidata.org/entity/Q9386745,Sucha Beskidzka Castle,castle,Poland
http://www.wikidata.org/entity/Q3662419,Belagaio Castle,castle,Italy
http://www.wikidata.org/entity/Q97633445,Castillo Turón,castle,Spain
http://www.wikidata.org/entity/Q18785409,Santa Barbara Castle,castle,Italy
http://www.wikidata.org/entity/Q1012035,Burg Greifenstein (Hohenstein),castle | archaeological site,Germany
http://www.wikidata.org/entity/Q11913139,Castell de les Pallargues,castle,Spain
http://www.wikidata.org/entity/Q5182835,Crawford Castle,castle | motte,United Kingdom
http://www.wikidata.org/entity/Q13126930,Ystrad Meurig Castle,castle,United Kingdom
http://www.wikidata.org/entity/Q2968597,Bodelwyddan Castle,castle,United Kingdom
http://www.wikidata.org/entity/Q107229371,el Fort,castle,Spain
http://www.wikidata.org/entity/Q23671483,Castello di Oricola,castle,Italy
http://www.wikidata.org/entity/Q2637887,Llawhaden Castle,castle,United Kingdom
http://www.wikidata.org/entity/Q6966469,Šrajbarski Turn Castle,castle,Slovenia
http://www.wikidata.org/entity/Q83719761,Château fort du Villard,castle,France
http://www.wikidata.org/entity/Q7488749,Shankill Castle,castle,Ireland
http://www.wikidata.org/entity/Q5930247,Azna Castle,castle,Iran
http://www.wikidata.org/entity/Q1068732,Cheb Castle,hillfort | castle | castle ruin | kaiserpfalz,Czech Republic
http://www.wikidata.org/entity/Q43132992,Torre,monument | castle | fortified tower,Spain
http://www.wikidata.org/entity/Q1015905,Burgstall Schlossberg (Gablingen),castle | archaeological site,Germany
http://www.wikidata.org/entity/Q105988640,Castell de Matamargó,castle,Spain
http://www.wikidata.org/entity/Q18436014,"Segorbe Aqueduct, Castle and Walls",monument | castle | aqueduct | defensive wall,Spain
http://www.wikidata.org/entity/Q1013138,Burg Monterberg,castle,Germany
http://www.wikidata.org/entity/Q2550765,Wasserburg Altenhausen,castle,Germany
http://www.wikidata.org/entity/Q2885991,Castillo de Setefilla,castle,Spain
http://www.wikidata.org/entity/Q15944276,Town hall of Viarmes,castle,France
http://www.wikidata.org/entity/Q12164203,El Castellar,castle | archaeological site,Spain
http://www.wikidata.org/entity/Q2971573,Château des Comtes de Bryas,castle,France
http://www.wikidata.org/entity/Q5404567,Oulu Castle,castle,Finland
http://www.wikidata.org/entity/Q5944502,Posht Qaleh Abdanan Castle,castle,Iran
http://www.wikidata.org/entity/Q2970777,Château de Theyrargues,castle,France
http://www.wikidata.org/entity/Q56357097,Smarmore Castle,castle,Ireland
http://www.wikidata.org/entity/Q113452114,Castello dei Principi Capano,castle,Italy
http://www.wikidata.org/entity/Q2175354,Ruine Lichtenburg,castle | castle ruin | archaeological site,Germany
http://www.wikidata.org/entity/Q1015852,Burgstall Neuhaus,castle | archaeological site,Germany
http://www.wikidata.org/entity/Q18692192,Mylopotamos Castle,castle,Greece
http://www.wikidata.org/entity/Q36698408,Château de Vandières,castle,France
http://www.wikidata.org/entity/Q97837044,Koburg,castle | Ansitz,Italy
http://www.wikidata.org/entity/Q29348652,Öja castle,castle,Sweden
http://www.wikidata.org/entity/Q1011284,Burgstall Bürglen,castle,Germany
http://www.wikidata.org/entity/Q2243270,Castle of the Pomeranian Dukes in Darłowo,castle,Poland
http://www.wikidata.org/entity/Q1014732,Obere Burg,castle,Germany
http://www.wikidata.org/entity/Q2971690,Château du Freudeneck,castle,France
http://www.wikidata.org/entity/Q46979276,Manorhamilton Castle,castle,Ireland
http://www.wikidata.org/entity/Q4983202,Buckingham Castle,castle,United Kingdom
http://www.wikidata.org/entity/Q2968419,Château de Banassat,castle,France
http://www.wikidata.org/entity/Q17663963,"Medieval castle and ecclesiastical complex, Kingerby",castle,United Kingdom
http://www.wikidata.org/entity/Q98743341,Burg Burg 1 in Kipfenberg,castle,Germany
http://www.wikidata.org/entity/Q2968825,Château de Chamaret,castle,France
http://www.wikidata.org/entity/Q12020827,Hrádek u Kněževsi,castle,Czech Republic
http://www.wikidata.org/entity/Q56326105,Castello di Sipicciano,castle,Italy
http://www.wikidata.org/entity/Q24660941,Castle Rough,castle,United Kingdom
http://www.wikidata.org/entity/Q3662155,Zwingenstein Castle,castle,Italy
http://www.wikidata.org/entity/Q5895237,Salasel Castle,castle | cultural property,Iran
http://www.wikidata.org/entity/Q20589781,Cythrel Castle,motte-and-bailey castle | castle | motte,United Kingdom
http://www.wikidata.org/entity/Q107987597,Castello di Montuè,castle,Italy
http://www.wikidata.org/entity/Q2146717,Reußenburg,rocca | castle | archaeological site,Germany
http://www.wikidata.org/entity/Q9386693,Nowotaniec Castle,castle,Poland
http://www.wikidata.org/entity/Q96309477,Castell de Viver,castle,Spain
http://www.wikidata.org/entity/Q1012520,Hukvaldy Castle,event venue | castle | castle ruin,Czech Republic
http://www.wikidata.org/entity/Q43123501,Castell de Molins,castle,Spain
http://www.wikidata.org/entity/Q2034453,Château de Montcony,castle,France
http://www.wikidata.org/entity/Q2969548,Château de La Forest,castle | château,France
http://www.wikidata.org/entity/Q5699050,Heighley Castle,castle,United Kingdom
http://www.wikidata.org/entity/Q20875066,Castell de la Morana,castle,Spain
http://www.wikidata.org/entity/Q2968320,Oron Castle,castle,Switzerland
http://www.wikidata.org/entity/Q11913013,Castell de Bresca,castle,Spain
http://www.wikidata.org/entity/Q569546,Sigmaringen Castle,castle | military museum,Germany
http://www.wikidata.org/entity/Q7898392,Upnor Castle,castle | military museum,United Kingdom
http://www.wikidata.org/entity/Q6407910,Killua Castle,castle,Ireland
http://www.wikidata.org/entity/Q9386624,Dobra Castle,castle,Poland
http://www.wikidata.org/entity/Q1015789,Burgstall Hofberg (Schiltberg),castle | archaeological site,Germany
http://www.wikidata.org/entity/Q2971055,Château de Waldeck (Moselle),castle,France
http://www.wikidata.org/entity/Q3286313,Manoir de la Borie-Fricart,castle | château,France
http://www.wikidata.org/entity/Q2968386,Château d'Époisses,castle,France
http://www.wikidata.org/entity/Q18003832,Castell d'Olivella,castle,Spain
http://www.wikidata.org/entity/Q3752934,Castleknock Castle,castle,Ireland
http://www.wikidata.org/entity/Q4879296,Bedlay Castle,tower house | castle,United Kingdom
http://www.wikidata.org/entity/Q1013675,Castle Rietberg,castle,Germany
http://www.wikidata.org/entity/Q2969335,Château de Gourdan,castle,France
http://www.wikidata.org/entity/Q5574254,Gniew Castle,Ordensburg | castle,Poland
http://www.wikidata.org/entity/Q3662651,Castle of Charles V,castle,Italy
http://www.wikidata.org/entity/Q24661428,Ucheldre Mound,castle,United Kingdom
http://www.wikidata.org/entity/Q22227279,Castell de Ravós,castle,Spain
http://www.wikidata.org/entity/Q22920628,Espelette Castle,castle,France
http://www.wikidata.org/entity/Q2968420,Château de Balleure,castle,France
http://www.wikidata.org/entity/Q604579,Visk Castle,castle,Ukraine
http://www.wikidata.org/entity/Q2969040,Château de Cornay,castle,France
http://www.wikidata.org/entity/Q2969662,Château de Larroque-Toirac,castle,France
http://www.wikidata.org/entity/Q15793098,Burgstall Schönficht,castle | archaeological site,Germany
http://www.wikidata.org/entity/Q20110844,Anjir Dehloran Castle,castle,Iran
http://www.wikidata.org/entity/Q1014702,Burg Züschen,castle,Germany
http://www.wikidata.org/entity/Q20722243,Dungarvan Castle,castle | archaeological site,Ireland
http://www.wikidata.org/entity/Q275128,Caernarfon Castle,castle | tourist attraction | archaeological site,United Kingdom
http://www.wikidata.org/entity/Q55832493,Bisarno Castle,castle,Italy
http://www.wikidata.org/entity/Q98396355,Castello Callori,castle,Italy
http://www.wikidata.org/entity/Q15947163,Château de Pizay,hotel | castle | winery,France
http://www.wikidata.org/entity/Q43116377,Castle of Doña Berenguela,monument | castle,Spain
http://www.wikidata.org/entity/Q21294323,Château de Scopont,castle,France
http://www.wikidata.org/entity/Q17310639,Burg Hirschberg,castle,Austria
http://www.wikidata.org/entity/Q11913110,La Força de Tor,castle,Spain
http://www.wikidata.org/entity/Q28662809,Castillo de Benquerencia de la Serena,castle,Spain
http://www.wikidata.org/entity/Q66058127,Castello di Tassarolo,castle,Italy
http://www.wikidata.org/entity/Q2969687,Château de Layé,castle,France
http://www.wikidata.org/entity/Q1012070,Burg Großbüllesheim,castle,Germany
http://www.wikidata.org/entity/Q21863922,Schloss Weißenstein,castle,Austria
http://www.wikidata.org/entity/Q737214,Quermançó Castle,castle,Spain
http://www.wikidata.org/entity/Q20679301,Castell de Térmens,castle,Spain
http://www.wikidata.org/entity/Q5912085,Bardestan Castle,castle | cultural property,Iran
http://www.wikidata.org/entity/Q43162947,Castillo de la Rambla del Valenciano,monument | castle,Spain
http://www.wikidata.org/entity/Q2969050,Château de Couin,castle,France
http://www.wikidata.org/entity/Q1014557,Burg Wertheim,castle,Germany
http://www.wikidata.org/entity/Q1013295,Burg Neuhewen,castle | cultural heritage monument in Germany,Germany
http://www.wikidata.org/entity/Q9386688,Castle in Myślenice,castle,Poland
http://www.wikidata.org/entity/Q20985594,Castell del Cogul,castle,Spain
http://www.wikidata.org/entity/Q15944321,Château d'Ottange,castle,France
http://www.wikidata.org/entity/Q2969176,Fabrègues Castle,castle,France
http://www.wikidata.org/entity/Q1014289,Burg Triberg,castle,Germany
http://www.wikidata.org/entity/Q28704219,Khorostkiv Castle,castle,Ukraine
http://www.wikidata.org/entity/Q17624077,castle of Badia,castle,Italy
http://www.wikidata.org/entity/Q37975515,Schloss Burgstall Wohngebäude Wies,castle,Austria
http://www.wikidata.org/entity/Q2971748,Château du Muguet,castle,France
http://www.wikidata.org/entity/Q113290235,Castello Pandone,castle,Italy
http://www.wikidata.org/entity/Q15113979,Haus Heck (Essen-Vogelheim),castle,Germany
http://www.wikidata.org/entity/Q124340673,Castle Neu-Wildon,castle,Austria
http://www.wikidata.org/entity/Q1013855,Burg Schaubeck,castle,Germany
http://www.wikidata.org/entity/Q9386616,Chudów Castle,castle | castle ruin,Poland
http://www.wikidata.org/entity/Q56368000,Rathberry Castle,castle,Ireland
http://www.wikidata.org/entity/Q116176494,Burg Steinheim,castle | architectural structure | destroyed building or structure,Germany
http://www.wikidata.org/entity/Q17530300,Holt Castle,castle,United Kingdom
http://www.wikidata.org/entity/Q17596695,Castle of Santed,castle,Spain
http://www.wikidata.org/entity/Q24660628,Brent Pelham,castle,United Kingdom
http://www.wikidata.org/entity/Q75257214,Castles in Britain and Ireland,castle,Ireland | United Kingdom
http://www.wikidata.org/entity/Q1012484,Burg Honstetten,castle,Germany
http://www.wikidata.org/entity/Q106075292,Rocca di Polenta,castle,Italy
http://www.wikidata.org/entity/Q97189606,Bullerborg,castle | fortification,Finland
http://www.wikidata.org/entity/Q41385842,Burgruine Frauenhaus,castle,Germany
http://www.wikidata.org/entity/Q30889796,Castel Pietraio,castle | bed and breakfast,Italy
http://www.wikidata.org/entity/Q1049260,Sádaba Castle,castle,Spain
http://www.wikidata.org/entity/Q17301568,Querforadat Castle,castle,Spain
http://www.wikidata.org/entity/Q113653918,Castle of Makri,castle,Greece
http://www.wikidata.org/entity/Q11354446,Miiri-Takamatsu Castle,castle,Japan
http://www.wikidata.org/entity/Q43139101,Castillo de la Serrezuela,castle,Spain
http://www.wikidata.org/entity/Q67772733,Castello Bianchi,castle,Italy
http://www.wikidata.org/entity/Q5094311,Cheveley Castle,castle,United Kingdom
http://www.wikidata.org/entity/Q15940384,Château de Chevigney-sur-l'Ognon,castle,France
http://www.wikidata.org/entity/Q43144819,Castle of Pobra,monument | castle,Spain
http://www.wikidata.org/entity/Q102762257,Castello Banfi,castle,Italy
http://www.wikidata.org/entity/Q2971848,Château du Vieux Chambord,castle,France
http://www.wikidata.org/entity/Q16538204,Neurasen Castle,castle,Italy
http://www.wikidata.org/entity/Q5757059,Castle of Alhambra,castle,Spain
http://www.wikidata.org/entity/Q57737721,Castello di Agnellengo,castle,Italy
http://www.wikidata.org/entity/Q113366677,Castello di Bonavalle,castle,Italy
http://www.wikidata.org/entity/Q22992476,Château des Horts,castle | château,France
http://www.wikidata.org/entity/Q1506786,Castle of Csővár,castle | castle ruin,Hungary
http://www.wikidata.org/entity/Q15212718,Dangan Castle,castle,Ireland
http://www.wikidata.org/entity/Q15943706,Château de Fresney-le-Puceux,castle,France
http://www.wikidata.org/entity/Q575112,Torpa stenhus,castle,Sweden
http://www.wikidata.org/entity/Q2675627,Castle of Pouancé,castle,France
http://www.wikidata.org/entity/Q27627614,Athlumney Castle,castle | fortified house | tower house | national monument of Ireland,Ireland
http://www.wikidata.org/entity/Q2970574,Saint-Pierre Castle,museum | castle,Italy
http://www.wikidata.org/entity/Q15108412,Burgstall Lintburg,castle | archaeological site,Germany
http://www.wikidata.org/entity/Q111482519,Boca de Huérgano Castle,castle,Spain
http://www.wikidata.org/entity/Q21871738,Schloss Hirschenau,castle,Austria
http://www.wikidata.org/entity/Q24660613,Bygrave House,castle,United Kingdom
http://www.wikidata.org/entity/Q1659972,Schleppenburg,castle,Germany
http://www.wikidata.org/entity/Q15785812,Bauernburg Ottenhausen,castle,Germany
http://www.wikidata.org/entity/Q5470591,Forse Castle,castle,United Kingdom
http://www.wikidata.org/entity/Q17576249,Baltersan Castle,castle,United Kingdom
http://www.wikidata.org/entity/Q17596361,Castell de Marmellar,castle,Spain
http://www.wikidata.org/entity/Q83718824,Château fort d'Arras,castle,France
http://www.wikidata.org/entity/Q15940146,Château de Boulogne-sur-Mer,castle,France
http://www.wikidata.org/entity/Q24660330,Plas yn Dinas,castle | enclosure | fortified manor house,United Kingdom
http://www.wikidata.org/entity/Q15790453,Burgstall Staufenberg,castle,Germany
http://www.wikidata.org/entity/Q6665092,"Lochend Castle, Campbeltown",castle,United Kingdom
http://www.wikidata.org/entity/Q2970998,Château de Villemartin,castle,France
http://www.wikidata.org/entity/Q1011486,Burg Drachenfels,castle,Germany
http://www.wikidata.org/entity/Q1013161,Burg Mömbris,castle,Germany
http://www.wikidata.org/entity/Q41375083,Siehe Burgstraße 13,castle,Germany
http://www.wikidata.org/entity/Q8342487,Onda Castle,monument | castle,Spain
http://www.wikidata.org/entity/Q18530017,Krupa Castle,castle,Bosnia and Herzegovina
http://www.wikidata.org/entity/Q1427545,Wallburg Bruchhauser Steine,castle,Germany
http://www.wikidata.org/entity/Q881736,Hornberg Castle,castle | dwelling place,Germany
http://www.wikidata.org/entity/Q9705508,Castelo de Montalvão,castle | cultural heritage,Portugal
http://www.wikidata.org/entity/Q865131,Birg (Hohenschäftlarn),castle | Bronze Age settlement | German promontory fort | Bodendenkmal | human settlement | archaeological site,Germany
http://www.wikidata.org/entity/Q2968335,Château d'Ozenay,castle,France
http://www.wikidata.org/entity/Q17322245,Heringerbuerg,castle | ruins,Luxembourg
http://www.wikidata.org/entity/Q1014149,Burg Strahlegg,castle | castle ruin,Switzerland
http://www.wikidata.org/entity/Q3662691,Castello Estense della Mesola,castle,Italy
http://www.wikidata.org/entity/Q109529732,Švecburg,castle,Czech Republic
http://www.wikidata.org/entity/Q2748996,Boetselaersborg,castle,Netherlands
http://www.wikidata.org/entity/Q56368037,Castle Richard,castle,Ireland
http://www.wikidata.org/entity/Q98360385,Cultural heritage D-2-7339-0287 in Essenbach,church building | castle | Bodendenkmal | feature | graben | preceding structure,Germany
http://www.wikidata.org/entity/Q999666,Burg Entenstein,castle,Germany
http://www.wikidata.org/entity/Q1317190,Tata Castle,castle,Hungary
http://www.wikidata.org/entity/Q2664425,Burg Türkheim,castle,Germany
http://www.wikidata.org/entity/Q6058409,Castle of Zafra,castle | palace,Spain
http://www.wikidata.org/entity/Q1012653,Burg Kiechlinsbergen,castle,Germany
http://www.wikidata.org/entity/Q97651903,Muralla urbana (El Carpio),monument | castle,Spain
http://www.wikidata.org/entity/Q1014665,Burg Wredenhagen,castle | castle ruin,Germany
http://www.wikidata.org/entity/Q113366758,Castello della Morra,castle,Italy
http://www.wikidata.org/entity/Q7689097,Tavigny Castle,castle,Belgium
http://www.wikidata.org/entity/Q3662496,Bolgheri Castle,castle,Italy
http://www.wikidata.org/entity/Q14956242,Toolse Castle,castle,Estonia
http://www.wikidata.org/entity/Q17741518,Benton Castle,castle,United Kingdom
http://www.wikidata.org/entity/Q205659,Château de Lunéville,castle,France
http://www.wikidata.org/entity/Q112139658,Castello dei Martinengo,castle,Italy
http://www.wikidata.org/entity/Q1014656,Burg Wolkenberg,castle | archaeological site,Germany
http://www.wikidata.org/entity/Q122673912,Castello di Farnetella,castle,Italy
http://www.wikidata.org/entity/Q976038,Château de Montgeoffroy,castle,France
http://www.wikidata.org/entity/Q5211070,Dalkeith Palace,castle | palace,United Kingdom
http://www.wikidata.org/entity/Q2968595,Château de Bonnes,castle,France
http://www.wikidata.org/entity/Q41244492,Burgtor,castle,Germany
http://www.wikidata.org/entity/Q9386654,Kazimierz Dolny Castle,castle,Poland
http://www.wikidata.org/entity/Q1013434,Burg Orlebach,castle,Germany
http://www.wikidata.org/entity/Q1590200,Haus Heisingen,castle,Germany
http://www.wikidata.org/entity/Q12137525,Mścichowski manor,castle,Ukraine
http://www.wikidata.org/entity/Q1014223,Taufers Castle,religious museum | castle | military museum building | private museum | historical park museum,Italy
http://www.wikidata.org/entity/Q2970132,Newark Castle,castle | archaeological site,United Kingdom
http://www.wikidata.org/entity/Q26696043,"Castle of Alba, Losacino",monument | castle,Spain
http://www.wikidata.org/entity/Q43136632,City walls of Baeza,defensive wall | castle,Spain
http://www.wikidata.org/entity/Q5049821,Castle of Redondo,castle | cultural heritage,Portugal
http://www.wikidata.org/entity/Q113430429,Castello Longobardo di Barbarano,castle,Italy
http://www.wikidata.org/entity/Q78661194,Château de Schlossbuckel,castle,France
http://www.wikidata.org/entity/Q2968081,Château d'Annéot,castle,France
http://www.wikidata.org/entity/Q950048,Château de Billy,castle,France
http://www.wikidata.org/entity/Q24053223,Ottoburg,tower house | castle,Austria
http://www.wikidata.org/entity/Q43162281,Castillejo de Güejar,monument | castle,Spain
http://www.wikidata.org/entity/Q65123882,Château d'Escroux,castle,France
http://www.wikidata.org/entity/Q1012948,Burg Lichtenwerth,castle,Austria
http://www.wikidata.org/entity/Q2969290,Château de Fère-en-Tardenois,castle,France
http://www.wikidata.org/entity/Q24660521,Barton Seagrave Castle,castle,United Kingdom
http://www.wikidata.org/entity/Q43133085,Iglesia de Santa María (Mojácar),church building | castle | grave | archaeological site,Spain
http://www.wikidata.org/entity/Q107525992,Harrierburg,castle,Germany
http://www.wikidata.org/entity/Q26257831,Château de Hameau,castle,Belgium
http://www.wikidata.org/entity/Q1014626,Burg Windecken,castle,Germany
http://www.wikidata.org/entity/Q107180636,Burg Altbruchhausen,destroyed building or structure | castle,Germany
http://www.wikidata.org/entity/Q931457,Lost Gardens of Heligan,castle | botanical garden,United Kingdom
http://www.wikidata.org/entity/Q83718919,Château fort de Bézaudun,castle,France
http://www.wikidata.org/entity/Q4861518,Barnes Castle,castle,United Kingdom
http://www.wikidata.org/entity/Q2968506,Château de Beauséjour,castle | château,France
http://www.wikidata.org/entity/Q108817013,Castle of Apollona,castle,Greece
http://www.wikidata.org/entity/Q130250283,Kasteel Aldegonde,castle,Netherlands
http://www.wikidata.org/entity/Q110205866,Castello di Paganica,castle,Italy
http://www.wikidata.org/entity/Q10333273,Muralhas de Viseu,castle | cultural heritage | defensive wall,Portugal
http://www.wikidata.org/entity/Q6410657,Kindrochit Castle,tower house | castle,United Kingdom
http://www.wikidata.org/entity/Q928663,Château de La Chapelle-Faucher,castle | château,France
http://www.wikidata.org/entity/Q18623943,Macroom Castle,castle,Ireland
http://www.wikidata.org/entity/Q10556923,Lenaborg,castle,Sweden
http://www.wikidata.org/entity/Q1012265,Heineburg,castle | archaeological site,Germany
http://www.wikidata.org/entity/Q7163069,Penkill Castle,castle,United Kingdom
http://www.wikidata.org/entity/Q76741086,Kasteel van Moorsele,castle,Belgium
http://www.wikidata.org/entity/Q56259633,Antirrio Fortress,organized archaeological site | castle,Greece
http://www.wikidata.org/entity/Q2971651,Château du Chaffaut,castle,France
http://www.wikidata.org/entity/Q27893927,Castillo de Guzmán El Bueno,castle,Spain
http://www.wikidata.org/entity/Q719422,Nesvizh Castle,castle | fortress | palace,Belarus
http://www.wikidata.org/entity/Q113083619,Castello del Monte Canto,castle,Italy
http://www.wikidata.org/entity/Q1012772,Burg Königsberg,castle,Germany
http://www.wikidata.org/entity/Q4150015,Grobiņa Castle,destroyed building or structure | castle,Latvia
http://www.wikidata.org/entity/Q24661804,Ullerswood,castle | mound,United Kingdom
http://www.wikidata.org/entity/Q8342544,Castillo de San Vicente de la Barquera,monument | castle | museum,Spain
http://www.wikidata.org/entity/Q29552561,Kvinnestadsborg,castle,Sweden
http://www.wikidata.org/entity/Q17615506,Castell de Palmerola,castle,Spain
http://www.wikidata.org/entity/Q55189251,Serralunga d'Alba Castle,castle | military museum building | Italian national museum | Museum of the Italian Ministry of Culture | historical park museum,Italy
http://www.wikidata.org/entity/Q108899768,Abirabad Castle,castle,Iran
http://www.wikidata.org/entity/Q1014689,Burg Zuzenhausen,castle,Germany
http://www.wikidata.org/entity/Q2029186,Joannites Castle in Słońsk,castle,Poland
http://www.wikidata.org/entity/Q113378409,Castello di Famolasco,castle,Italy
http://www.wikidata.org/entity/Q5904705,School Castle 1,castle,Iran
http://www.wikidata.org/entity/Q66023970,Château Saint-Jacques,castle,France
http://www.wikidata.org/entity/Q4853529,Bampton Castle,castle,United Kingdom
http://www.wikidata.org/entity/Q73247531,castell de Sant Miquel,castle,Spain
http://www.wikidata.org/entity/Q98160676,Cultural heritage D-6-5925-0089 in Arnstein,castle | feature | Bodendenkmal,Germany
http://www.wikidata.org/entity/Q5757226,Castillo de Castrovido,castle | tower,Spain
http://www.wikidata.org/entity/Q29890861,castle with tower and fountain,architectural structure | castle,Switzerland
http://www.wikidata.org/entity/Q123518787,Assa Castle,castle,Spain
http://www.wikidata.org/entity/Q113303937,Castello di Sorbano,castle,Italy
http://www.wikidata.org/entity/Q2971861,Château fort de Blanche Garde,castle | Signoria,Palestine
http://www.wikidata.org/entity/Q98272190,Cultural heritage D-3-6839-0079 in Bernhardswald,castle | château | feature | Bodendenkmal,Germany
http://www.wikidata.org/entity/Q1011036,Burg Bittelbrunn,castle,Germany
http://www.wikidata.org/entity/Q15790346,Burg Lindenbuck,castle,Germany
http://www.wikidata.org/entity/Q26605833,Willsbridge Castle,castle,United Kingdom
http://www.wikidata.org/entity/Q19309247,Sommerstein,castle,Germany
http://www.wikidata.org/entity/Q1011277,Burg Bönnigheim,castle,Germany
http://www.wikidata.org/entity/Q24659249,Bryn y Castell,castle | motte,United Kingdom
http://www.wikidata.org/entity/Q2093669,Château de Lissieu,castle,France
http://www.wikidata.org/entity/Q113324598,Castello di Montebaranzone,castle,Italy
http://www.wikidata.org/entity/Q5391680,Château de Alpuente,monument | castle,Spain
http://www.wikidata.org/entity/Q18217435,Zvornik Fortress,castle,Bosnia and Herzegovina
http://www.wikidata.org/entity/Q659070,Schloss Muskau,castle,Germany
http://www.wikidata.org/entity/Q17439464,Huis te Woude,castle,Netherlands
http://www.wikidata.org/entity/Q17798939,Balcomie Castle,castle,United Kingdom
http://www.wikidata.org/entity/Q18003834,Castell de Calonge de Segarra,castle,Spain
http://www.wikidata.org/entity/Q1011106,Burg Boetzelaer,castle,Germany
http://www.wikidata.org/entity/Q30226037,Krapkowice Castle,castle | château,Poland
http://www.wikidata.org/entity/Q3662080,Castel Belasi,castle,Italy
http://www.wikidata.org/entity/Q98217650,Cultural heritage D-4-6031-0244 in Baunach,castle | feature | Bodendenkmal,Germany
http://www.wikidata.org/entity/Q43162372,Castillo del Cerro de la Trompeta,monument | castle,Spain
http://www.wikidata.org/entity/Q15790354,Burg Oldersum,castle,Germany
http://www.wikidata.org/entity/Q108057556,Rittergut Böhme,architectural structure | castle,Germany
http://www.wikidata.org/entity/Q5301320,Douglas Castle,castle,United Kingdom
http://www.wikidata.org/entity/Q24660391,Caer y Bont,castle | mound,United Kingdom
http://www.wikidata.org/entity/Q17811108,Machermore Castle,castle,United Kingdom
http://www.wikidata.org/entity/Q21235297,Castello delle Saline,castle,Italy
http://www.wikidata.org/entity/Q2970157,Château de Néhou,castle,France
http://www.wikidata.org/entity/Q113400565,Castello della Lupa,castle,Italy
http://www.wikidata.org/entity/Q1012398,Hoheneck Castle,castle | Ortsteil | archaeological site,Germany
http://www.wikidata.org/entity/Q39011011,Castell Du,castle,United Kingdom
http://www.wikidata.org/entity/Q1438933,Forte Spagnolo,castle,Italy
http://www.wikidata.org/entity/Q5757288,castle of Domeño,castle,Spain
http://www.wikidata.org/entity/Q112278530,Castello di Forte Cesare,castle,Italy
http://www.wikidata.org/entity/Q2968696,Brévannes Castle,castle,France
http://www.wikidata.org/entity/Q11912995,Castell d'Escalarre,castle,Spain
http://www.wikidata.org/entity/Q16618989,"Baworowski palace, Kopychyntsi",castle,Ukraine
http://www.wikidata.org/entity/Q78660514,Château d'Able,castle,France
http://www.wikidata.org/entity/Q2970115,Château de Nesles,castle,France
http://www.wikidata.org/entity/Q5049841,Castelo de Veiros,castle | cultural heritage,Portugal
http://www.wikidata.org/entity/Q98287334,Cultural heritage D-7-8329-0011 in Eisenberg (Allgäu),castle | Bodendenkmal,Germany
http://www.wikidata.org/entity/Q27995194,Wittenburg,castle,Germany
http://www.wikidata.org/entity/Q8342535,Murallas del Cerro de San Cristóbal,defensive wall | castle,Spain
http://www.wikidata.org/entity/Q56662418,"Inch Garvie,Firth of Forth,defensive installations",castle,United Kingdom
http://www.wikidata.org/entity/Q83719638,Château fort de Toursac,castle,France
http://www.wikidata.org/entity/Q29645224,Broberg fortification,castle | ruins | archaeological site,Sweden
http://www.wikidata.org/entity/Q2970024,Château de Montmoreau,castle,France
http://www.wikidata.org/entity/Q13126468,Caer Beris,castle | motte,United Kingdom
http://www.wikidata.org/entity/Q18767588,Eijsden Castle,architectural ensemble | castle,Netherlands
http://www.wikidata.org/entity/Q2664497,Burgstall Bernstein,castle | archaeological site,Germany
http://www.wikidata.org/entity/Q1012932,Burg Lichtenfels,castle,Germany
http://www.wikidata.org/entity/Q43162250,Castillo de Guájar la Vieja,castle,Spain
http://www.wikidata.org/entity/Q1420001,Fischerbacher Turm,castle,Germany
http://www.wikidata.org/entity/Q39011005,Belan Farm Castle,castle,United Kingdom
http://www.wikidata.org/entity/Q19839120,Kasteel van Wimmertingen,castle | château,Belgium
http://www.wikidata.org/entity/Q89202444,Castello di Pigazzano,castle,Italy
http://www.wikidata.org/entity/Q3065751,Vushtrri Castle,castle | keep | historic site | archaeological site,Kosovo | Serbia
http://www.wikidata.org/entity/Q1011876,Frischenberg Castle,castle | castle ruin,Switzerland
http://www.wikidata.org/entity/Q8027065,Wisbech Castle,castle,United Kingdom
http://www.wikidata.org/entity/Q9386732,Rybnica Castle,castle,Poland
http://www.wikidata.org/entity/Q100723594,Monesma Castle,castle,Spain
http://www.wikidata.org/entity/Q41393573,Burgruine,castle,Germany
http://www.wikidata.org/entity/Q12790260,Tuštanj Castle,castle,Slovenia
http://www.wikidata.org/entity/Q1567554,Burg Liebenwerda,castle,Germany
http://www.wikidata.org/entity/Q12790231,Konjice Castle,castle,Slovenia
http://www.wikidata.org/entity/Q15790438,Burgstall Onolzheim,castle,Germany
http://www.wikidata.org/entity/Q83718999,Château fort de Champeau,castle,France
http://www.wikidata.org/entity/Q97355744,Castle of Aljau,castle,Spain
http://www.wikidata.org/entity/Q5118835,Château de Saint-Chaptes,castle,France
http://www.wikidata.org/entity/Q120802481,Barbues Castle,castle | fortified palace,Spain
http://www.wikidata.org/entity/Q28914409,Castillo del Rey Ayyub Ben Habib,castle | qalat | Monument (Spain),Spain
http://www.wikidata.org/entity/Q1010697,Burg Alsbach,castle,Germany
http://www.wikidata.org/entity/Q106078216,Castello di Cerreto Landi,castle,Italy
http://www.wikidata.org/entity/Q22954183,Château de Soubès,castle | château,France
http://www.wikidata.org/entity/Q1013167,Murol Castle,castle,France
http://www.wikidata.org/entity/Q1014486,Burg Warnsberg,castle,Germany
http://www.wikidata.org/entity/Q2175356,Ruine Lichteneck,castle,Germany
http://www.wikidata.org/entity/Q24660632,Barrowfield,castle,United Kingdom
http://www.wikidata.org/entity/Q25069728,Assos Castle,castle | fort,Greece
http://www.wikidata.org/entity/Q2084520,Château de Laroque (Hérault),castle,France
http://www.wikidata.org/entity/Q2242046,Langenstein Castle,museum | castle,Germany
http://www.wikidata.org/entity/Q4864948,Barryscourt Castle,castle,Ireland
http://www.wikidata.org/entity/Q5049760,Castle of Borba,castle | cultural heritage,Portugal
http://www.wikidata.org/entity/Q2287936,St Andrews Castle,castle,United Kingdom
http://www.wikidata.org/entity/Q10383759,Castelo de Torrejão,castle | cultural heritage,Portugal
http://www.wikidata.org/entity/Q56508066,Castello della Sala,castle,Italy
http://www.wikidata.org/entity/Q5050358,Castle of Aguas Mansas,castle,Spain
http://www.wikidata.org/entity/Q2969574,Castle of La Mota,monument | castle,Spain
http://www.wikidata.org/entity/Q1015238,Alt-Wülflingen Castle,castle | architectural heritage monument | castle ruin,Switzerland
http://www.wikidata.org/entity/Q55472994,Castillo de Ródenas,castle | Zona Arqueológica (Spain),Spain
http://www.wikidata.org/entity/Q39010994,Craig Dinas Fach,castle,United Kingdom
http://www.wikidata.org/entity/Q1010996,Burg Bicken,castle,Germany
http://www.wikidata.org/entity/Q28022167,Castello di Sant'Andrea,castle,Italy
http://www.wikidata.org/entity/Q1013655,Burg Rettenberg,castle | archaeological site,Germany
http://www.wikidata.org/entity/Q113440427,Castello Filangieri,castle,Italy
http://www.wikidata.org/entity/Q24653225,Castle Chichester,castle,United Kingdom
http://www.wikidata.org/entity/Q4583646,Raby Castle,castle | English country house | historic house museum | quadrangular castle,United Kingdom
http://www.wikidata.org/entity/Q6965584,Narberth Castle,castle,United Kingdom
http://www.wikidata.org/entity/Q1014682,Burg Ziesar,castle,Germany
http://www.wikidata.org/entity/Q66058021,Castle of Barbavara,castle,Italy
http://www.wikidata.org/entity/Q3662473,Château de Montmayeur,castle,Italy
http://www.wikidata.org/entity/Q21875481,Schloss Niederleis,museum | castle | château,Austria
http://www.wikidata.org/entity/Q1011842,Friedau Castle,castle | castle ruin,Switzerland
http://www.wikidata.org/entity/Q15210463,Château de Pruines,castle,France
http://www.wikidata.org/entity/Q18175570,"Castell, ermita de San Roc o de Santa Àgueda la Vella i cintes muràries",monument | castle,Spain
http://www.wikidata.org/entity/Q113341496,Rocca Malatestiana di Montecolombo,castle | rocca,Italy
http://www.wikidata.org/entity/Q106082332,Ruderi della Rocca Manfrediana,castle,Italy
http://www.wikidata.org/entity/Q22893349,Castell de Falgons,castle,Spain
http://www.wikidata.org/entity/Q2387101,Château de Chevannes,castle,France
http://www.wikidata.org/entity/Q22953782,Castellas de Saint-Victor-la-Coste,castella | castle | ruins,France
http://www.wikidata.org/entity/Q98331738,Cultural heritage D-1-7931-0010 in Landsberg am Lech,castle | hilltop settlement | fortification | German promontory fort | Bodendenkmal | human settlement,Germany
http://www.wikidata.org/entity/Q1010882,Backelstein,castle | cultural heritage monument in Germany,Germany
http://www.wikidata.org/entity/Q66819347,Montegiano Castle,castle,Italy
http://www.wikidata.org/entity/Q24935293,Corano Castle,castle,Italy
http://www.wikidata.org/entity/Q5118733,Château d'Orcher,castle,France
http://www.wikidata.org/entity/Q2968797,Château de Cavanac,castle,France
http://www.wikidata.org/entity/Q38601281,"Silverwood Castle, Oystermouth",castle,United Kingdom
http://www.wikidata.org/entity/Q15944473,Château des Robinières,castle,France
http://www.wikidata.org/entity/Q2970261,Château de Pommiers,castle,France
http://www.wikidata.org/entity/Q2967821,Castle Rushen,castle | national museum,Isle of Man | United Kingdom
http://www.wikidata.org/entity/Q112323168,Castello di Morgnano,castle,Italy
http://www.wikidata.org/entity/Q33241825,Saflaouro Castle,castle,Greece
http://www.wikidata.org/entity/Q2968867,Château de Chappes,castle,France
http://www.wikidata.org/entity/Q8342368,"Castillo de Don Juan Manuel, Cifuentes",castle,Spain
http://www.wikidata.org/entity/Q4819390,Auchencloigh Castle,castle,United Kingdom
http://www.wikidata.org/entity/Q1016190,Burgwall Leegebruch,castle,Germany
http://www.wikidata.org/entity/Q1048820,Castello di Campo Ligure,castle,Italy
http://www.wikidata.org/entity/Q5118721,Château d'Arlempdes,castle | château,France
http://www.wikidata.org/entity/Q16408593,Cesvaine Castle,castle,Latvia
http://www.wikidata.org/entity/Q4862996,Barony and Castle of Corsehill,village | castle,United Kingdom
http://www.wikidata.org/entity/Q1014267,Burg Trattenegg,castle,Austria
http://www.wikidata.org/entity/Q24942039,Castle of Sessa Aurunca,castle,Italy
http://www.wikidata.org/entity/Q83719544,Château fort de Ripert,castle,France
http://www.wikidata.org/entity/Q1013652,Burg Rethem,castle,Germany
http://www.wikidata.org/entity/Q1014408,Castle Vlčtejn,castle | castle ruin,Czech Republic
http://www.wikidata.org/entity/Q2154142,Ringwallanlage Elster,castle,Germany
http://www.wikidata.org/entity/Q108663020,Château de Hochfelden,castle,France
http://www.wikidata.org/entity/Q30881480,Castillo de la Ballesta,castle | Monument (Spain),Spain
http://www.wikidata.org/entity/Q2971184,Château de la Chasse,castle,France
http://www.wikidata.org/entity/Q21730630,Artak,castle,Principality of Antioch | Syria
http://www.wikidata.org/entity/Q1509597,Schloss Würdenhain,castle,Germany
http://www.wikidata.org/entity/Q50359150,Castello di Tagliacozzo,castle,Italy
http://www.wikidata.org/entity/Q47169907,Palau de Foixà,castle,Spain
http://www.wikidata.org/entity/Q2970233,"Château de Pisy, Yonne",castle,France
http://www.wikidata.org/entity/Q111295734,Castello Carafa,castle,Italy
http://www.wikidata.org/entity/Q22920865,Domaine de Haitze,castle,France
http://www.wikidata.org/entity/Q24661841,Bishops Castle,castle,United Kingdom
http://www.wikidata.org/entity/Q1775907,Rocchetta Mattei,castle | palazzo museum | military museum building | private museum | historical park museum,Italy
http://www.wikidata.org/entity/Q1011489,Dražice Castle,castle | castle ruin,Czech Republic
http://www.wikidata.org/entity/Q107192983,Dell'Acqua Castle,castle,Italy
http://www.wikidata.org/entity/Q98741434,Burganlage Burg 48 in Burghausen,castle,Germany
http://www.wikidata.org/entity/Q110945147,Castello di Monticello d'Alba,religious museum | castle | palazzo museum | military museum building,Italy
http://www.wikidata.org/entity/Q29052312,Ballyhack Castle,tower house | castle,Ireland
http://www.wikidata.org/entity/Q1010672,Adršpach,castle | castle ruin,Czech Republic
http://www.wikidata.org/entity/Q1014376,Vernaburg,castle,Germany
http://www.wikidata.org/entity/Q10333277,City walls of Porto,castle | city walls,Portugal
http://www.wikidata.org/entity/Q1049204,Castillo de Mombeltrán,castle,Spain
http://www.wikidata.org/entity/Q1739909,Kettelburg,castle,Germany
http://www.wikidata.org/entity/Q1011298,Burg Caldern,castle,Germany
http://www.wikidata.org/entity/Q19594020,Castell de Castelló de Meià,castle,Spain
http://www.wikidata.org/entity/Q1801490,Lampron,castle | crusader castle | archaeological site,Turkey
http://www.wikidata.org/entity/Q130557845,Burg Finnentrop,castle | water castle,Germany
http://www.wikidata.org/entity/Q105946071,Novigrad castle (Novigrad na Dobri),castle,Croatia
http://www.wikidata.org/entity/Q1014158,Burg Streichenberg,castle,Germany
http://www.wikidata.org/entity/Q2968596,Château de Bonneville,castle,France
http://www.wikidata.org/entity/Q17596648,Castell de Sant Oïsme,castle,Spain
http://www.wikidata.org/entity/Q2970089,Château de Médavy,castle,France
http://www.wikidata.org/entity/Q43125171,Castell de Montpol,castle,Spain
http://www.wikidata.org/entity/Q33403131,Castillo de la Peña,castle,Spain
http://www.wikidata.org/entity/Q19118148,Smečno Castle,castle | château | fortified house,Czech Republic
http://www.wikidata.org/entity/Q2970778,Château de Thierry,castle,France
http://www.wikidata.org/entity/Q113042816,Castle,castle,Italy
http://www.wikidata.org/entity/Q2838507,Castle of Palma,monument | castle,Spain
http://www.wikidata.org/entity/Q28221175,Çeşme Castle,castle,Turkey
http://www.wikidata.org/entity/Q2175437,Ruine Siegburg,castle,Germany
http://www.wikidata.org/entity/Q1014428,Burg Wachenbuchen,castle | archaeological site,Germany
http://www.wikidata.org/entity/Q5918615,Abarndabad Castle,castle,Iran
http://www.wikidata.org/entity/Q55087062,Castle of Baiso,castle,Italy
http://www.wikidata.org/entity/Q2276731,Duino Castle,castle,Italy
http://www.wikidata.org/entity/Q67772075,Château de Chaux-des-Crotenay,castle,France
http://www.wikidata.org/entity/Q15944091,Château de Rupt-sur-Saône,castle,France
http://www.wikidata.org/entity/Q107513168,Schlüsselburg,destroyed building or structure | castle,Germany
http://www.wikidata.org/entity/Q112142070,Castello di Galliavola,castle,Italy
http://www.wikidata.org/entity/Q3396162,Srebrenik Fortress,castle,Bosnia and Herzegovina
http://www.wikidata.org/entity/Q113381060,Castelvecchio of Sagrado,castle,Italy
http://www.wikidata.org/entity/Q1011274,Burg Böckingen,castle,Germany
http://www.wikidata.org/entity/Q2970569,Castle of Saint-Parres-aux-Tertres,castle,France
http://www.wikidata.org/entity/Q5049828,Castelo de Sesimbra,castle | cultural heritage,Portugal
http://www.wikidata.org/entity/Q1015236,Burgstall,castle | castle ruin | archaeological site,Germany
http://www.wikidata.org/entity/Q3662847,Castello di Rosciano,castle,Italy
http://www.wikidata.org/entity/Q15114228,Heidenwall (Dehlthun),castle,Germany
http://www.wikidata.org/entity/Q86673194,Quartiere Spagnolo,castle,Italy
http://www.wikidata.org/entity/Q85860515,Bicchignano Castle,castle,Italy
http://www.wikidata.org/entity/Q785341,Château des Linières,castle,France
http://www.wikidata.org/entity/Q17574657,Keltie Castle,castle,United Kingdom
http://www.wikidata.org/entity/Q3392543,Castle of A Peroxa,monument | castle,Spain
http://www.wikidata.org/entity/Q6428862,Konary Castle,castle,Poland
http://www.wikidata.org/entity/Q105315240,Mikal Castle,castle,Iran
http://www.wikidata.org/entity/Q1014623,Windeck Castle,castle,Germany
http://www.wikidata.org/entity/Q20428690,castle of San Donato in Perano,castle,Italy
http://www.wikidata.org/entity/Q3662114,Castel Pietra,castle,Italy
http://www.wikidata.org/entity/Q1011014,Burg Billig,castle,Germany
http://www.wikidata.org/entity/Q111602849,Castello di Oppido Mamertina,castle,Italy
http://www.wikidata.org/entity/Q1428598,Fliehburg (Woringen),castle | archaeological site,Germany
http://www.wikidata.org/entity/Q151721,Burg Eschweiler,castle,Germany
http://www.wikidata.org/entity/Q1011933,Burg Gerhausen,castle,Germany
http://www.wikidata.org/entity/Q3662968,Zumaglia Castle,castle,Italy
http://www.wikidata.org/entity/Q116973203,Takayama Castle,castle,Japan
http://www.wikidata.org/entity/Q38024667,Burg Pöbring,castle,Austria
http://www.wikidata.org/entity/Q1016007,Burgstelle Mansberg,castle,Germany
http://www.wikidata.org/entity/Q16268259,Castello di Montecanino,castle,Italy
http://www.wikidata.org/entity/Q1101690,Jabrin,castle,Khalifah Islam
http://www.wikidata.org/entity/Q28671031,Castle of Settimo Vittone,castle,Italy
http://www.wikidata.org/entity/Q2969904,Château de Miribel,castle,France
http://www.wikidata.org/entity/Q78661244,Château de Vaillac,castle,France
http://www.wikidata.org/entity/Q22015138,Slot Spangen,castle,Netherlands
http://www.wikidata.org/entity/Q1014538,Welschbillig Castle,castle,Germany
http://www.wikidata.org/entity/Q11906,Tour Barberousse,castle,France
http://www.wikidata.org/entity/Q1012586,Burg Juntersdorf,castle,Germany
http://www.wikidata.org/entity/Q8342376,Castell de Llagostera,castle,Spain
http://www.wikidata.org/entity/Q71279,Malbork Castle,Ordensburg | castle,Poland
http://www.wikidata.org/entity/Q3662495,Castello di Blonay,castle,Italy
http://www.wikidata.org/entity/Q20679284,Castell d'Orenga,castle,Spain
http://www.wikidata.org/entity/Q43121673,Castell de Meda,castle,Spain
http://www.wikidata.org/entity/Q56398313,Hexamilion Isthmus wall and Justinianic fortification,castle,Greece
http://www.wikidata.org/entity/Q1012575,Burg Jesberg,castle,Germany
http://www.wikidata.org/entity/Q1588445,Haskenau,castle,Germany
http://www.wikidata.org/entity/Q1014588,Burg Wildenau,castle,Germany
http://www.wikidata.org/entity/Q29052342,Kilteel Castle,tower house | castle,Ireland
http://www.wikidata.org/entity/Q5923679,Shahrabad Castle,castle | cultural property,Iran
http://www.wikidata.org/entity/Q3663129,Castelfiorito,castle,Italy
http://www.wikidata.org/entity/Q43133414,Castillo Tíjola La Vieja,monument | castle,Spain
http://www.wikidata.org/entity/Q1014488,Burg Wartenstein,castle,Austria
http://www.wikidata.org/entity/Q1013266,Burg Neudingen,castle,Germany
http://www.wikidata.org/entity/Q5928210,Bayazeh Castle,castle | cultural property,Iran
http://www.wikidata.org/entity/Q39740332,Zhabo-Kala,castle | architectural landmark,Russia
http://www.wikidata.org/entity/Q1011717,Burg Finstergrün,castle,Austria
http://www.wikidata.org/entity/Q107452962,Heddoburg,castle,Germany
http://www.wikidata.org/entity/Q67772590,Schloss Feldegg,castle,Switzerland
http://www.wikidata.org/entity/Q1015536,Stollburg,castle | castle ruin | archaeological site,Germany
http://www.wikidata.org/entity/Q22969951,Castle of Jerez de los Caballeros,castle,Spain
http://www.wikidata.org/entity/Q112317524,Castello Camozzi Vertova,castle,Italy
http://www.wikidata.org/entity/Q110439556,Dehshir Castle,castle | cultural property,Iran
http://www.wikidata.org/entity/Q15957660,Château de Château-Neuf,castle,France
http://www.wikidata.org/entity/Q43120382,Miranda del Castañar Castle,castle,Spain
http://www.wikidata.org/entity/Q28001119,castle of Torri,castle,Italy
http://www.wikidata.org/entity/Q41395064,Burgmauer,castle,Germany
http://www.wikidata.org/entity/Q16544711,Castillo de Matabejid,monument | castle,Spain
http://www.wikidata.org/entity/Q24661429,Crogen Motte,castle,United Kingdom
http://www.wikidata.org/entity/Q38598590,Penbeili-mawr,castle,United Kingdom
http://www.wikidata.org/entity/Q1012239,Haynsburg Castle,castle,Germany
http://www.wikidata.org/entity/Q56368002,Ringrone Castle,castle,Ireland
http://www.wikidata.org/entity/Q2971727,Château du Marchidial,castle,France
http://www.wikidata.org/entity/Q55117403,Castle of Castellarano,castle,Italy
http://www.wikidata.org/entity/Q30247278,Minard Castle,castle,Ireland
http://www.wikidata.org/entity/Q20875064,Castell de Granyanella,castle,Spain
http://www.wikidata.org/entity/Q17677356,Alnham Castle,castle,United Kingdom
http://www.wikidata.org/entity/Q24660462,Fakenham Magna,castle,United Kingdom
http://www.wikidata.org/entity/Q39010999,Rhos y Castell,castle,United Kingdom
http://www.wikidata.org/entity/Q110295310,Castell de Tenasses,castle,Spain
http://www.wikidata.org/entity/Q113341574,Castello di Secchiano,castle,Italy
http://www.wikidata.org/entity/Q9386629,Castle in Dzierzgoń,castle,Poland
http://www.wikidata.org/entity/Q383059,St. Andreas Castle,castle,Switzerland
http://www.wikidata.org/entity/Q678465,Trenčín Castle,castle,Slovakia
http://www.wikidata.org/entity/Q2971598,Château du Bellay,castle,France
http://www.wikidata.org/entity/Q35264847,Castillo de Vierlas,castle,Spain
http://www.wikidata.org/entity/Q1673480,Ortenberg Castle,castle,Germany
http://www.wikidata.org/entity/Q113439589,Castello dei Filangieri,castle,Italy
http://www.wikidata.org/entity/Q43145036,Castillo Vilar da Torre,castle,Spain
http://www.wikidata.org/entity/Q67772517,Königsegg Castle,castle,Germany
http://www.wikidata.org/entity/Q2660524,Peel Castle,castle,Isle of Man
http://www.wikidata.org/entity/Q2969704,Chateau de Leveville,castle,France
http://www.wikidata.org/entity/Q1012027,Burg Greene,castle,Germany
http://www.wikidata.org/entity/Q37961699,Burg Steyersberg,castle,Austria
http://www.wikidata.org/entity/Q9386634,Castle in Gorzkowice,castle | fortification,Poland
http://www.wikidata.org/entity/Q43137586,Torre García,monument | castle,Spain
http://www.wikidata.org/entity/Q15793097,Burgstall Schlössle,castle,Germany
http://www.wikidata.org/entity/Q60964408,castle of Faing,castle,Belgium
http://www.wikidata.org/entity/Q97629249,Castillo de Fuensanta,monument | castle,Spain
http://www.wikidata.org/entity/Q56356354,Castle Forbes,castle,Ireland
http://www.wikidata.org/entity/Q29007076,Castello di Casalmoro,castle,Italy
http://www.wikidata.org/entity/Q20985555,Castell de les Borges Blanques,castle,Spain
http://www.wikidata.org/entity/Q3662510,Brissogne Castle,castle,Italy
http://www.wikidata.org/entity/Q2969533,Château d'Artois,castle,France
http://www.wikidata.org/entity/Q5931298,Pur Ashraf Sheykh Makan Castle,castle,Iran
http://www.wikidata.org/entity/Q60849196,Château de la Trapperie,castle,Belgium
http://www.wikidata.org/entity/Q5049744,Castle of Alter do Chão,castle | cultural heritage,Portugal
http://www.wikidata.org/entity/Q9386644,Castle in Głogówek,castle,Poland
http://www.wikidata.org/entity/Q5437760,Fathom Castle,castle,United Kingdom
http://www.wikidata.org/entity/Q115053609,Montégut Castle,castle,France
http://www.wikidata.org/entity/Q1016182,Burgwall Klessener Zootzen,castle,Germany
http://www.wikidata.org/entity/Q108664550,Castle of Voutaina,castle,Greece
http://www.wikidata.org/entity/Q16538009,Castel of Lazise,castle,Italy
http://www.wikidata.org/entity/Q3662369,Castello Scaligero,castle,Italy
http://www.wikidata.org/entity/Q112278587,Pornello Castle,castle,Italy
http://www.wikidata.org/entity/Q41369627,Wegweiser nach Nehdorf und Burgoberbach,castle,Germany
http://www.wikidata.org/entity/Q7266392,Qalʿat ibn Salama,castle | fortification | archaeological site,Algeria | France
http://www.wikidata.org/entity/Q5921581,Sarv-e Jahan Castle,castle,Iran
http://www.wikidata.org/entity/Q56398323,Maini Castle,castle,Greece
http://www.wikidata.org/entity/Q24661834,Barton Castle,castle,United Kingdom
http://www.wikidata.org/entity/Q78661097,Château de Razac d'Eymet,castle,France
http://www.wikidata.org/entity/Q2968407,Château de Bainville-aux-Miroirs,castle,France
http://www.wikidata.org/entity/Q670256,Marschlins Castle,castle,Switzerland
http://www.wikidata.org/entity/Q24659547,Briton Ferry Motte,castle | archaeological site,United Kingdom
http://www.wikidata.org/entity/Q21875132,Schloss Walch,castle,Austria
http://www.wikidata.org/entity/Q24661494,Dunder Camp and Upper Town Mound,castle,United Kingdom
http://www.wikidata.org/entity/Q2968626,Château de Boumois,castle,France
http://www.wikidata.org/entity/Q103847924,Lion's Castel,castle,Slovenia
http://www.wikidata.org/entity/Q1013996,Burg Sinzenich,castle,Germany
http://www.wikidata.org/entity/Q3643555,Brahelinna,castle,Finland
http://www.wikidata.org/entity/Q7688781,Taunton Castle,castle | history museum,United Kingdom
http://www.wikidata.org/entity/Q64577817,Château d'Hautpoul,castle,France
http://www.wikidata.org/entity/Q15790347,Pfarrhof Mariapfarr,museum | castle | cultural property,Austria
http://www.wikidata.org/entity/Q2970980,Château de Vigouroux,castle,France
http://www.wikidata.org/entity/Q39009864,Castell Myn,castle,United Kingdom
http://www.wikidata.org/entity/Q5893864,Hajarabad Castle,castle,Iran
http://www.wikidata.org/entity/Q4159185,Adare Desmond Castle,destroyed building or structure | castle,Ireland
http://www.wikidata.org/entity/Q113557920,Castel di Tusa,castle,Italy
http://www.wikidata.org/entity/Q2969195,Château de Fassion,castle | château,France
http://www.wikidata.org/entity/Q5050374,Castle of Castro Marim,castle | cultural heritage,Portugal
http://www.wikidata.org/entity/Q21619050,Fooz Castle,castle,Belgium
http://www.wikidata.org/entity/Q16054770,Burg Vielsen,castle,Germany
http://www.wikidata.org/entity/Q59657882,Old Castle at Tsemo Hill,castle,India
http://www.wikidata.org/entity/Q3662502,Castello di Borgonovo,castle,Italy
http://www.wikidata.org/entity/Q19594011,Castell d'Algerri,castle,Spain
http://www.wikidata.org/entity/Q1061061,Château de Loches,castle,France
http://www.wikidata.org/entity/Q24659429,Summerton Camp,hillfort | castle,United Kingdom
http://www.wikidata.org/entity/Q2448015,Tolquhon Castle,castle,United Kingdom
http://www.wikidata.org/entity/Q25410242,Torre Viscontea,castle | tower,Italy
http://www.wikidata.org/entity/Q58694521,Castelo de Almansa,castle | historic site,Brazil
http://www.wikidata.org/entity/Q2971577,Château des Comtes,castle | château,Belgium
http://www.wikidata.org/entity/Q30898032,Castello di Mercato San Severino,castle,Italy
http://www.wikidata.org/entity/Q4117141,Marid Castle,castle | archaeological site,Saudi Arabia
http://www.wikidata.org/entity/Q12873197,Egyptokastro,castle,Greece
http://www.wikidata.org/entity/Q29995463,Castle of Carcelén,castle,Spain
http://www.wikidata.org/entity/Q9386754,Castle in Tarnowskie Góry,castle,Poland
http://www.wikidata.org/entity/Q24661664,Llanidloes Castle,castle,United Kingdom
http://www.wikidata.org/entity/Q41400635,Gasthaus,castle,Germany
http://www.wikidata.org/entity/Q15108226,Burg Höft,castle,Austria
http://www.wikidata.org/entity/Q1011147,Burg Brattenstein,castle,Germany
http://www.wikidata.org/entity/Q1011024,Burg Binningen,castle,Germany
http://www.wikidata.org/entity/Q20679617,Castell de Rúbies,castle,Spain
http://www.wikidata.org/entity/Q106083008,Rocca della Fontanazza,castle,Italy
http://www.wikidata.org/entity/Q109971083,Castell del Patriarca,castle,Spain
http://www.wikidata.org/entity/Q1226281,Castell Dinas Brân,castle of the Welsh princes | castle | Site of Special Scientific Interest | contour fort | archaeological site,United Kingdom
http://www.wikidata.org/entity/Q41282630,Burg Konstein,castle,Germany
http://www.wikidata.org/entity/Q66813690,Castle of Estremoz,castle | cultural heritage,Portugal
http://www.wikidata.org/entity/Q2243649,Sulzberg Castle,architectural structure | castle,Switzerland
http://www.wikidata.org/entity/Q105335137,Domab Stone Castle,castle,Iran
http://www.wikidata.org/entity/Q114012400,Morgia del Castello,castle,Italy
http://www.wikidata.org/entity/Q3662401,Castle of Fondi,castle,Italy
http://www.wikidata.org/entity/Q3662158,Castel d'Appio,castle,Italy
http://www.wikidata.org/entity/Q1011410,Burg Darrendobel,castle,Germany
http://www.wikidata.org/entity/Q113377178,Castello,castle,Italy
http://www.wikidata.org/entity/Q98273576,Cultural heritage D-3-6743-0039 in Grafenwiesen,castle | château | feature | Bodendenkmal,Germany
http://www.wikidata.org/entity/Q38621993,Oxwich Tower,castle | tower,United Kingdom
http://www.wikidata.org/entity/Q1010877,Burg Baach,castle,Germany
http://www.wikidata.org/entity/Q2971816,Château du Rosemont,castle,France
http://www.wikidata.org/entity/Q89202457,Castello di Sarturano,castle,Italy
http://www.wikidata.org/entity/Q98272938,Cultural heritage D-3-6138-0138 in Erbendorf,castle | château | feature | Bodendenkmal,Germany
http://www.wikidata.org/entity/Q1013321,Burg Niederklein,castle,Germany
http://www.wikidata.org/entity/Q5898136,Gabri Castle (Ray),castle | cultural property,Iran
http://www.wikidata.org/entity/Q4709523,Alberbury Castle,castle | castle ruin,United Kingdom
http://www.wikidata.org/entity/Q2971593,Château des évêques de Troyes,castle,France
http://www.wikidata.org/entity/Q22911738,Castillo de Rello,castle,Spain
http://www.wikidata.org/entity/Q1757062,Liebegg Castle,architectural structure | castle,Switzerland
http://www.wikidata.org/entity/Q39006308,Aberffraw llys and Motte,castle | archaeological site,United Kingdom
http://www.wikidata.org/entity/Q519078,Wildenstein Castle,castle,Germany
http://www.wikidata.org/entity/Q1589177,"Lutheran church in Movile, Sibiu",castle | fortress church,Romania
http://www.wikidata.org/entity/Q20985557,Castell de Llindars,castle,Spain
http://www.wikidata.org/entity/Q33254678,Swobnica Castle,castle,Poland
http://www.wikidata.org/entity/Q3925041,Ula Castle,castle,Belarus
http://www.wikidata.org/entity/Q725274,Ashford Castle,hotel | castle,Ireland
http://www.wikidata.org/entity/Q1014126,Het Steen,museum | castle | prison,Belgium
http://www.wikidata.org/entity/Q3662364,Castello Ruffo di Nicotera,castle,Italy
http://www.wikidata.org/entity/Q28001077,Castello Malatestiano,castle,Italy
http://www.wikidata.org/entity/Q5757319,Castell de Florejacs,castle,Spain
http://www.wikidata.org/entity/Q98272955,Cultural heritage D-3-6138-0007 in Erbendorf,castle | château | feature | Bodendenkmal,Germany
http://www.wikidata.org/entity/Q1589942,Haus Bavier,castle,Germany
http://www.wikidata.org/entity/Q113571380,Castello di Caudino,castle,Italy
http://www.wikidata.org/entity/Q8050291,Yattendon Castle,castle,United Kingdom
http://www.wikidata.org/entity/Q3604811,Castillo de El Toro,castle,Spain
http://www.wikidata.org/entity/Q2969351,Château de Grenod,castle,France
http://www.wikidata.org/entity/Q17595882,Castell d'Orriols,monument | castle,Spain
http://www.wikidata.org/entity/Q38621468,"Cae Twmpin Placename, Merthyr Cynog",castle,United Kingdom
http://www.wikidata.org/entity/Q113375095,Castello di Rinco,castle,Italy
http://www.wikidata.org/entity/Q1011128,Borschengrün,castle,Czech Republic
http://www.wikidata.org/entity/Q22227276,Castell de Milany,castle,Spain
http://www.wikidata.org/entity/Q1295159,Stöckenburg,castle,Germany
http://www.wikidata.org/entity/Q24661651,Glasbury Motte,castle,United Kingdom
http://www.wikidata.org/entity/Q15790419,Burgstall Einsiedelbuckel,castle | archaeological site,Germany
http://www.wikidata.org/entity/Q43162468,Castillo de Júbar,monument | castle,Spain
http://www.wikidata.org/entity/Q1014196,Svojanov Castle,castle,Czech Republic
http://www.wikidata.org/entity/Q7534354,Skelbo Castle,castle,United Kingdom
http://www.wikidata.org/entity/Q16516540,Castle in Havířov,castle | château,Czech Republic
http://www.wikidata.org/entity/Q61467168,Castle of Pietragemella,castle,Italy
http://www.wikidata.org/entity/Q16409458,Kalsnava Castle,castle,Latvia
http://www.wikidata.org/entity/Q15842505,Ringwall Burgstuhl,castle,Germany
http://www.wikidata.org/entity/Q113292478,Castel Leone,castle,Italy
http://www.wikidata.org/entity/Q24568122,Castillo de Orellana la Vieja,castle,Spain
http://www.wikidata.org/entity/Q2969602,Château de La Voulte,castle,France
http://www.wikidata.org/entity/Q1012583,Burg Jungnau,castle,Germany
http://www.wikidata.org/entity/Q15939996,Château d'Aische,castle,Belgium
http://www.wikidata.org/entity/Q1012558,Burg Ingenhoven,castle,Germany
http://www.wikidata.org/entity/Q1011134,Boskovice Castle,castle | castle ruin,Czech Republic
http://www.wikidata.org/entity/Q67772076,Burgstelle Alt Meldegg,castle,Switzerland
http://www.wikidata.org/entity/Q78660938,Château de Mâlain,castle,France
http://www.wikidata.org/entity/Q116652,Liebenstein Castle,castle,Germany
http://www.wikidata.org/entity/Q2971162,Château de la Brosse-Raquin,castle,France
http://www.wikidata.org/entity/Q5757595,Castillo de San Felipe,castle,Spain
http://www.wikidata.org/entity/Q1590196,Haus Heithoff,castle,Germany
http://www.wikidata.org/entity/Q436352,Alte Veste,castle,Germany
http://www.wikidata.org/entity/Q113583497,Castello di San Giorgio,castle,Italy
http://www.wikidata.org/entity/Q24659569,Howells Castle,castle,United Kingdom
http://www.wikidata.org/entity/Q97631065,Torre del Homenaje del antiguo castillo,monument | castle | tower,Spain
http://www.wikidata.org/entity/Q56661743,Ravensneuk Castle,castle,United Kingdom
http://www.wikidata.org/entity/Q1012225,Burg Hausdorp,castle,Germany
http://www.wikidata.org/entity/Q12039236,Mírov Castle,castle,Czech Republic
http://www.wikidata.org/entity/Q38598496,Llangynidr,castle,United Kingdom
http://www.wikidata.org/entity/Q5921916,Espidezh Castle,castle,Iran
http://www.wikidata.org/entity/Q98274455,Cultural heritage D-3-6335-0047 in Königstein (Oberpfalz),castle | château | feature | Bodendenkmal,Germany
http://www.wikidata.org/entity/Q126716362,McCann’s Bakery,castle,United Kingdom
http://www.wikidata.org/entity/Q12020561,Castle Královky,castle,Czech Republic
http://www.wikidata.org/entity/Q60529,Lezhë Castle,castle,Albania
http://www.wikidata.org/entity/Q2275648,Castell Aberlleiniog,castle | archaeological site,United Kingdom
http://www.wikidata.org/entity/Q5757748,Castillo de las Peñas Alcalatenas,castle,Spain
http://www.wikidata.org/entity/Q15071139,Burgstall Rossau,castle | archaeological site,Germany
http://www.wikidata.org/entity/Q2968724,Castle of Cabrières,castle,France
http://www.wikidata.org/entity/Q7721569,Newcastle upon Tyne Castle,castle | historic house museum | archaeological site,United Kingdom
http://www.wikidata.org/entity/Q1012369,Hocheppan Castle,castle,Italy
http://www.wikidata.org/entity/Q368760,Vilbel Castle,castle,Germany
http://www.wikidata.org/entity/Q15238474,Kilmaurs Castle,castle,United Kingdom
http://www.wikidata.org/entity/Q48754968,Château de Sémignan,castle | château,France
http://www.wikidata.org/entity/Q20593527,Dixton Motte,castle | motte,United Kingdom
http://www.wikidata.org/entity/Q23982580,Castillo de la Mulba,castle,Spain
http://www.wikidata.org/entity/Q29884489,Castello di San Lorenzo,castle,Italy
http://www.wikidata.org/entity/Q4099435,Castle of Burgos,castle,Spain
http://www.wikidata.org/entity/Q22920842,Castle of Saint Pée sur Nivelle,castle,France
http://www.wikidata.org/entity/Q97176346,Castillo Bellucci,castle,Honduras
http://www.wikidata.org/entity/Q1180981,Deal Castle,castle | fort | military museum,United Kingdom
http://www.wikidata.org/entity/Q19544635,Fortress of Prusac,castle,Bosnia and Herzegovina
http://www.wikidata.org/entity/Q67772207,Burgruine Herrenberg,castle,Switzerland
http://www.wikidata.org/entity/Q11913072,Château de Paracolls,castle,France
http://www.wikidata.org/entity/Q109811148,Walton Castle,castle,United Kingdom
http://www.wikidata.org/entity/Q3662727,Castello di Monte Tanano,castle,Italy
http://www.wikidata.org/entity/Q28163226,Brunet Castle,monument | castle | mansion,Chile
http://www.wikidata.org/entity/Q1013343,Nordeck Castle,castle,Germany
http://www.wikidata.org/entity/Q1012838,Château du Landsberg,castle,France
http://www.wikidata.org/entity/Q113584550,Castello di Oliveto,castle,Italy
http://www.wikidata.org/entity/Q2748605,Château de Montfort,castle,France
http://www.wikidata.org/entity/Q78661225,Château de Tinteillac,castle,France
http://www.wikidata.org/entity/Q2139134,Reichenauer Pfalz,castle,Germany
http://www.wikidata.org/entity/Q2164413,Veltrusy Mansion,castle | château,Czech Republic
http://www.wikidata.org/entity/Q5700849,Ardashir Castle (Kerman),castle | cultural property,Iran
http://www.wikidata.org/entity/Q366448,Houska Castle,castle | château,Czech Republic
http://www.wikidata.org/entity/Q33224109,Schloß Asseburg,castle,Germany
http://www.wikidata.org/entity/Q20985543,Castell de Casserres,castle,Spain
http://www.wikidata.org/entity/Q30904571,"11 Sigismund Augustus Boulevard in Elbląg, former malthouse",Ordensburg | castle | museum building | malt house,Poland
http://www.wikidata.org/entity/Q98276519,Cultural heritage D-3-7039-0190 in Obertraubling,castle | château | feature | Bodendenkmal,Germany
http://www.wikidata.org/entity/Q23541400,Castello di Roccacasale,castle,Italy
http://www.wikidata.org/entity/Q113324603,Castello di Montevecchio,castle,Italy
http://www.wikidata.org/entity/Q1014629,Burg Winkel,castle,Germany
http://www.wikidata.org/entity/Q67505533,Boffalora d’Adda Castle,castle,Italy
http://www.wikidata.org/entity/Q113550412,castle of Volpaia,castle,Italy
http://www.wikidata.org/entity/Q65127736,Château de Livers,castle,France
http://www.wikidata.org/entity/Q3078440,Trapessac,castle,Turkey
http://www.wikidata.org/entity/Q1090683,castle Trompette,castle,France
http://www.wikidata.org/entity/Q24660730,Glazeley Castle,castle,United Kingdom
http://www.wikidata.org/entity/Q43162971,Castillo de Válor,monument | castle,Spain
http://www.wikidata.org/entity/Q15940467,Château de Prat,castle,France
http://www.wikidata.org/entity/Q1010885,Burg Bad Orb,castle,Germany
http://www.wikidata.org/entity/Q106050243,Porta e torrione del castello di Monteveglio Alto,castle | tower,Italy
http://www.wikidata.org/entity/Q17596456,Castell de Navata,castle,Spain
http://www.wikidata.org/entity/Q125590558,castle of Barbaresco,castle | palace,Italy
http://www.wikidata.org/entity/Q79805045,Culsalmond,castle,United Kingdom
http://www.wikidata.org/entity/Q2542625,Wallburg Schnürpflingen,castle,Germany
http://www.wikidata.org/entity/Q1438711,Fort Sekondi,castle,Ghana
http://www.wikidata.org/entity/Q67772581,Ruine Landegg,castle,Switzerland
http://www.wikidata.org/entity/Q12020559,Castle Kluku,castle,Czech Republic
http://www.wikidata.org/entity/Q16534749,Rabati Castle,fortress | castle,Georgia
http://www.wikidata.org/entity/Q10383696,Burgie Castle,castle,United Kingdom
http://www.wikidata.org/entity/Q112323158,Castello di Greppolischieto,castle,Italy
http://www.wikidata.org/entity/Q113042825,Castello in grotta,castle,Italy
http://www.wikidata.org/entity/Q1012024,Grebenstein Castle,castle,Germany
http://www.wikidata.org/entity/Q43121937,Castell de Barrès,castle,Spain
http://www.wikidata.org/entity/Q5904123,Hornby Castle,castle,United Kingdom
http://www.wikidata.org/entity/Q7084800,Old Navarino Castle,castle | fort | archaeological site,Greece
http://www.wikidata.org/entity/Q97617214,Castillo,monument | castle,Spain
http://www.wikidata.org/entity/Q22965934,Château des Épaux,castle,France
http://www.wikidata.org/entity/Q1269533,Dzongkar,Tibetan Buddhist monastery | castle,People's Republic of China
http://www.wikidata.org/entity/Q442169,Ducal Castle,castle,Poland
http://www.wikidata.org/entity/Q1035742,Cardiff Castle,castle | local authority museum | archaeological site,United Kingdom
http://www.wikidata.org/entity/Q15127779,Pichlern castle,castle | château,Austria
http://www.wikidata.org/entity/Q2970664,Château de Selore,castle,France
http://www.wikidata.org/entity/Q2968964,Château de châteauvieux,castle | château,France
http://www.wikidata.org/entity/Q14906504,Labiau Castle,castle | architectural landmark,Russia
http://www.wikidata.org/entity/Q686143,Fürsteneck Castle,castle,Germany
http://www.wikidata.org/entity/Q21861551,Waldegg castle,castle | château,Austria
http://www.wikidata.org/entity/Q1012700,Burg Konradsdorf,castle,Germany
http://www.wikidata.org/entity/Q2969175,Durrës Castle,castle | historic site,Albania
http://www.wikidata.org/entity/Q17596221,Castell de Glorieta,castle,Spain
http://www.wikidata.org/entity/Q1011010,Burg Bietigheim,abandoned village | castle,Germany
http://www.wikidata.org/entity/Q1965066,Noltland Castle,castle,United Kingdom
http://www.wikidata.org/entity/Q56220944,Castillo de la Peña,castle,Spain
http://www.wikidata.org/entity/Q20985598,Castell i vilatge d'Escarp,castle,Spain
http://www.wikidata.org/entity/Q97215850,Verbovec várkastélya,castle,Croatia
http://www.wikidata.org/entity/Q2154117,Ringwall Rittershausen,castle | archaeological site,Germany
http://www.wikidata.org/entity/Q3146182,Château de Saint-Côme-d'Olt,facility | castle,France
http://www.wikidata.org/entity/Q15940368,Château Sattler,castle,France
http://www.wikidata.org/entity/Q39010985,Cwmargenau Enclosure,castle,United Kingdom
http://www.wikidata.org/entity/Q102871387,Frauenburg Castle,castle,Slovenia
http://www.wikidata.org/entity/Q2970690,Château de Serviès-en-Val,castle,France
http://www.wikidata.org/entity/Q2175214,Breitenlandenberg ruins,castle | castle ruin,Switzerland
http://www.wikidata.org/entity/Q7510836,Sielecki Castle,castle | architectural heritage monument | heritage site,Poland
http://www.wikidata.org/entity/Q8059805,Ystrad Peithyll,castle | motte,United Kingdom
http://www.wikidata.org/entity/Q18003852,Castell de Miralpeix,castle,Spain
http://www.wikidata.org/entity/Q5049834,Castelo de Torre de Coelheiros,castle | cultural heritage,Portugal
http://www.wikidata.org/entity/Q1950066,Motte Tüschenbroich,motte-and-bailey castle | castle,Germany
http://www.wikidata.org/entity/Q48803694,Castello di Qualino,castle,Italy
http://www.wikidata.org/entity/Q4922520,Blackadder House,castle,United Kingdom
http://www.wikidata.org/entity/Q108612460,Castle of Galatiani,castle,Greece
http://www.wikidata.org/entity/Q1014684,Burg Zievel,castle,Germany
http://www.wikidata.org/entity/Q98272504,Cultural heritage D-3-6742-0133 in Cham (Oberpfalz),castle | château | feature | Bodendenkmal,Germany
http://www.wikidata.org/entity/Q4673443,Achallader Castle,castle,United Kingdom
http://www.wikidata.org/entity/Q1012043,Burg Gretenstein,castle,Germany
http://www.wikidata.org/entity/Q15108186,Burg Attersee,castle,Austria
http://www.wikidata.org/entity/Q1011836,Burg Freudenstein,castle,Germany
http://www.wikidata.org/entity/Q26425302,Cob Castle,castle,United Kingdom
http://www.wikidata.org/entity/Q1016165,Grodziec Gord,gord | castle,Germany
http://www.wikidata.org/entity/Q435438,Alte Burg (Düsseldorf-Unterrath),castle,Germany
http://www.wikidata.org/entity/Q122217050,"Criccieth Castle, Outer Bank Defences",castle,United Kingdom
http://www.wikidata.org/entity/Q24666098,Aldbrough Castle,castle,United Kingdom
http://www.wikidata.org/entity/Q2970414,Château de Romefort,castle,France
http://www.wikidata.org/entity/Q55182343,castello dei Marchesi di Clavesana,castle,Italy
http://www.wikidata.org/entity/Q5307975,Drivenik Castle,castle,Croatia
http://www.wikidata.org/entity/Q38598531,Castell y Gur,castle | field,United Kingdom
http://www.wikidata.org/entity/Q48955607,Svir Castle,castle,Belarus
http://www.wikidata.org/entity/Q5894313,"Qala Castle, Chahkand",castle,Iran
http://www.wikidata.org/entity/Q1014268,Hofmarkschloss Niedertraubling,castle | archaeological site,Germany
http://www.wikidata.org/entity/Q5757337,Castle of Galve de Sorbe,castle,Spain
http://www.wikidata.org/entity/Q107350891,Burg Tiardeshusen,castle,Germany
http://www.wikidata.org/entity/Q4894896,Dosrius Castle,castle,Spain
http://www.wikidata.org/entity/Q39011739,"Stout Hall, Reynoldston",castle,United Kingdom
http://www.wikidata.org/entity/Q29477123,Svenstorp's manor,castle,Sweden
http://www.wikidata.org/entity/Q5875992,Hoddom Castle,castle,United Kingdom
http://www.wikidata.org/entity/Q2971765,Castle of Petit Trianon,castle,France
http://www.wikidata.org/entity/Q113292470,Castello di Casalecchio dei Conti,castle,Italy
http://www.wikidata.org/entity/Q106643286,el Castellet,castle,Spain
http://www.wikidata.org/entity/Q5276771,Dilham Castle,castle,United Kingdom
http://www.wikidata.org/entity/Q1588070,Schloss Weinheim,castle,Germany
http://www.wikidata.org/entity/Q39010988,Cae'r Castell,castle,United Kingdom
http://www.wikidata.org/entity/Q16144502,Castle Souira Qedima,castle,Morocco
http://www.wikidata.org/entity/Q113083621,Castello Fracassetti,castle,Italy
http://www.wikidata.org/entity/Q1014510,Burg Weihungszell,castle,Germany
http://www.wikidata.org/entity/Q15108299,Burg Treuenfels,castle,Germany
http://www.wikidata.org/entity/Q6964386,Nantwich Castle,destroyed building or structure | castle,United Kingdom
http://www.wikidata.org/entity/Q1013203,Burg Naumburg (Naumburg),castle,Germany
http://www.wikidata.org/entity/Q21196171,Castello abbaziale,castle,Italy
http://www.wikidata.org/entity/Q1869481,The fortified castle of Guise,castle,France
http://www.wikidata.org/entity/Q1012506,Burg Hundeluft,castle,Germany
http://www.wikidata.org/entity/Q1112517,Kisvárda Castle,castle,Hungary
http://www.wikidata.org/entity/Q2131402,Peel of Lumphanan,castle,United Kingdom
http://www.wikidata.org/entity/Q113356518,Castello di Rosciolo dei Marsi,castle,Italy
http://www.wikidata.org/entity/Q5757499,"Castillo de los Bazán, Palacios de la Valduerna",monument | castle,Spain
http://www.wikidata.org/entity/Q5757260,Cornatel Castle,monument | castle,Spain
http://www.wikidata.org/entity/Q39006619,"Cae Twmpath Fieldname 2, Coedpoeth",castle,United Kingdom
http://www.wikidata.org/entity/Q15877351,Polanen Castle,castle,Netherlands
http://www.wikidata.org/entity/Q2970455,"Savoy castle, then bailiff's residence",architectural structure | castle,Switzerland
http://www.wikidata.org/entity/Q16267969,Fort McCarthy,castle,Ghana
http://www.wikidata.org/entity/Q1014167,Burg Sträflingskopf,castle,Germany
http://www.wikidata.org/entity/Q1012320,Burg Herrnstein,castle,Germany
http://www.wikidata.org/entity/Q5757768,Castle of de Juan Manrique de Lara,castle,Spain
http://www.wikidata.org/entity/Q6369137,Kardhiq Castle,castle | ruins | historic site,Albania
http://www.wikidata.org/entity/Q10727536,Örestens fästning,castle,Sweden
http://www.wikidata.org/entity/Q2664421,Burg Stotzheim,castle,Germany
http://www.wikidata.org/entity/Q28663038,Castillo de Salvatierra de los Barros,castle,Spain
http://www.wikidata.org/entity/Q97285702,Castle of Orxeta,castle,Spain
http://www.wikidata.org/entity/Q2154133,Ringwall in Ottmaringer Holz,castle | archaeological site,Germany
http://www.wikidata.org/entity/Q5118780,Château de Herrebouc,castle,France
http://www.wikidata.org/entity/Q3662872,Socerb Castle,castle,Slovenia
http://www.wikidata.org/entity/Q111254250,Filomarino Castle,castle,Italy
http://www.wikidata.org/entity/Q48748073,Château des Poiriers,castle,France
http://www.wikidata.org/entity/Q24659345,Cwrt Llechrhyd,castle,United Kingdom
http://www.wikidata.org/entity/Q30347187,Castello Carrobio,castle,Italy
http://www.wikidata.org/entity/Q2399547,Tuc de Houns,castle,France
http://www.wikidata.org/entity/Q16508537,"Mussenberg, Gelderland",castle,Netherlands
http://www.wikidata.org/entity/Q1012841,Burg Langenegg,castle | archaeological site,Germany
http://www.wikidata.org/entity/Q39006459,Barclodied y Gawres Camp,castle,United Kingdom
http://www.wikidata.org/entity/Q3662662,Castello di Lipari,castle,Italy
http://www.wikidata.org/entity/Q15940057,Château d'Avensac,castle,France
http://www.wikidata.org/entity/Q2971587,Château des Éclaz,castle,France
http://www.wikidata.org/entity/Q113080126,Castello,castle,Italy
http://www.wikidata.org/entity/Q60331711,Castell de Puigbalador,castle,France
http://www.wikidata.org/entity/Q89202549,Castello di Casanova,castle,Italy
http://www.wikidata.org/entity/Q41414916,Burgruine,castle,Germany
http://www.wikidata.org/entity/Q15943852,Château de Savigny-le-Vieux,castle,France
http://www.wikidata.org/entity/Q97362785,Castillo palacio de la Orden de San Juan,castle,Spain
http://www.wikidata.org/entity/Q112970805,castle of Crippa,castle,Italy
http://www.wikidata.org/entity/Q5423003,Eyrecourt Castle,castle,Ireland
http://www.wikidata.org/entity/Q1014327,Burg Unlingen,castle,Germany
http://www.wikidata.org/entity/Q1416944,Kunětice Mountain Castle,hillfort | castle,Czech Republic
http://www.wikidata.org/entity/Q9386735,Zamek w Skierbieszowie,castle,Poland
http://www.wikidata.org/entity/Q11838307,Castle Strzyżewicki,castle,Poland
http://www.wikidata.org/entity/Q115675340,Castle Tonndorf,castle,Germany
http://www.wikidata.org/entity/Q18003856,Castell de Montornès de Segarra,castle,Spain
http://www.wikidata.org/entity/Q2970470,Château de Réquista,castle,France
http://www.wikidata.org/entity/Q19595398,Castell de Foix,castle,Spain
http://www.wikidata.org/entity/Q15842504,Ringwall Burgebrach,castle,Germany
http://www.wikidata.org/entity/Q1012378,Hodenhagen Castle,castle,Germany
http://www.wikidata.org/entity/Q3662976,Castello il Palagio,castle,Italy
http://www.wikidata.org/entity/Q99736428,Winzenburg,castle,Germany
http://www.wikidata.org/entity/Q24045497,Castle of Castrotorafe,castle,Spain
http://www.wikidata.org/entity/Q13048662,Castle of Obano,castle,Spain
http://www.wikidata.org/entity/Q2970496,Château de Saint-Bernard,castle,France
http://www.wikidata.org/entity/Q876007,Neues Schloss,castle | château,Germany
http://www.wikidata.org/entity/Q28856261,Castell de Corbera,castle,Spain
http://www.wikidata.org/entity/Q5050364,Castle of Alvor,castle | cultural heritage,Portugal
http://www.wikidata.org/entity/Q4883645,Belle Isle Castle,castle,United Kingdom
http://www.wikidata.org/entity/Q24861663,Takane Castle,castle,Japan
http://www.wikidata.org/entity/Q1167441,Schloß Bloemersheim,castle | château,Germany
http://www.wikidata.org/entity/Q7592704,St Briavels Castle,castle,United Kingdom
http://www.wikidata.org/entity/Q5050432,Castillo de Trebujena,castle,Spain
http://www.wikidata.org/entity/Q1012318,Burg Herrentierbach,castle,Germany
http://www.wikidata.org/entity/Q679292,Fortress Hohensalzburg,museum | castle | fortress,Austria
http://www.wikidata.org/entity/Q97631083,Archaeological Site of Hornos de Segura,village | castle | city | archaeological site,Spain
http://www.wikidata.org/entity/Q1011958,Burg Gippichen,castle,Germany
http://www.wikidata.org/entity/Q6850899,Milden Castle,castle,United Kingdom
http://www.wikidata.org/entity/Q10283898,Castillo de Santa Cruz,monument | castle,Spain
http://www.wikidata.org/entity/Q17596598,Castell de Sales,castle,Spain
http://www.wikidata.org/entity/Q115754809,Frankenstein ruins,castle | Burgstall,Austria
http://www.wikidata.org/entity/Q2970088,Château de Médan,castle,France
http://www.wikidata.org/entity/Q9705658,Pitsligo Castle,castle,United Kingdom
http://www.wikidata.org/entity/Q1012134,Burg Gödersheim,castle,Germany
http://www.wikidata.org/entity/Q2971565,Château des Timbrieux,castle,France
http://www.wikidata.org/entity/Q1015376,Burgruine Klingenfels,castle,Germany
http://www.wikidata.org/entity/Q5338313,Edingham Castle,castle,United Kingdom
http://www.wikidata.org/entity/Q390275,Bran Castle,castle,Romania
http://www.wikidata.org/entity/Q24661706,Rockfield Castle,castle,United Kingdom
http://www.wikidata.org/entity/Q100929355,Blayney Castle,castle,Ireland
http://www.wikidata.org/entity/Q7363293,Romont Castle,architectural structure | castle,Switzerland
http://www.wikidata.org/entity/Q19305510,Komberk,castle,Czech Republic
http://www.wikidata.org/entity/Q1604828,Sargans Castle,castle,Switzerland
http://www.wikidata.org/entity/Q3662882,Castle of Santo Stefano d'Aveto,castle,Italy
http://www.wikidata.org/entity/Q78661345,Château du Bourdeix,castle,France
http://www.wikidata.org/entity/Q679248,Hochosterwitz Castle,castle,Austria
http://www.wikidata.org/entity/Q2968873,Château de Charencey,castle,France
http://www.wikidata.org/entity/Q13132074,Twmpath Motte,motte-and-bailey castle | castle | motte,United Kingdom
http://www.wikidata.org/entity/Q2115875,Štefano Castle,castle,Croatia
http://www.wikidata.org/entity/Q24661892,Treoda Castle Mound,castle | archaeological site,United Kingdom
http://www.wikidata.org/entity/Q1012171,Burg Hals,castle | cultural heritage monument in Germany,Germany
http://www.wikidata.org/entity/Q2969681,Château de Laveau,castle,France
http://www.wikidata.org/entity/Q2968425,Château de Baraigne,castle,France
http://www.wikidata.org/entity/Q26708478,Castillo Santa María de la Cabeza,castle,Venezuela
http://www.wikidata.org/entity/Q1012773,Kámen Castle,castle | château,Czech Republic
http://www.wikidata.org/entity/Q1013361,Burg Obbendorf,castle,Germany
http://www.wikidata.org/entity/Q5925370,Lion Castle (Shahmirzad),castle | cultural property,Iran
http://www.wikidata.org/entity/Q3662770,Castello di Oppido,castle,Italy
http://www.wikidata.org/entity/Q1010833,Are Castle,castle,Germany
http://www.wikidata.org/entity/Q1129728,Château de Pflixbourg,castle,France
http://www.wikidata.org/entity/Q99512010,Beauregard Castle,castle | castle ruin | archaeological site,Switzerland
http://www.wikidata.org/entity/Q93451500,Castello di Stefanago,castle,Italy
http://www.wikidata.org/entity/Q1397774,Godorfer Burg,castle,Germany
http://www.wikidata.org/entity/Q3509540,Bobolice Castle,castle,Poland
http://www.wikidata.org/entity/Q8342187,Castell de Bell-lloc,castle,Spain
http://www.wikidata.org/entity/Q97632146,Castle of Sabiote,castle,Spain
http://www.wikidata.org/entity/Q78660521,Château d'Aix en Diois,castle,France
http://www.wikidata.org/entity/Q24661620,Essendine Castle,castle,United Kingdom
http://www.wikidata.org/entity/Q1010796,Burg Alzenach,castle,Germany
http://www.wikidata.org/entity/Q2461055,Turmhügelburg Autengrün,castle | archaeological site,Germany
http://www.wikidata.org/entity/Q13048658,Castillo de El Poyo,castle,Spain
http://www.wikidata.org/entity/Q24659296,Cwmma Tump,castle,United Kingdom
http://www.wikidata.org/entity/Q5902830,Gabri Kirishki Castle,castle,Iran
http://www.wikidata.org/entity/Q73240285,Castell de Bensa,castle,Spain
http://www.wikidata.org/entity/Q11878944,Burg Engelsberg,castle,Czech Republic
http://www.wikidata.org/entity/Q1090706,Fort de Joux,castle | fort | military museum,France
http://www.wikidata.org/entity/Q316822,Reuland Castle,castle | castle ruin,Belgium
http://www.wikidata.org/entity/Q3662945,Castle of Vecchiano,castle,Italy
http://www.wikidata.org/entity/Q2968080,Château d'Anizy,castle,France
http://www.wikidata.org/entity/Q37938388,"Former Stadtburg Ottos II., Perchtoldsdorf",castle,Austria
http://www.wikidata.org/entity/Q39011722,Port Eynon Castle,castle,United Kingdom
http://www.wikidata.org/entity/Q64066667,Gülek Castle,castle | military base,Turkey
http://www.wikidata.org/entity/Q17615490,Castell de Llançà,castle,Spain
http://www.wikidata.org/entity/Q28494510,Château d'Everly,castle,France
http://www.wikidata.org/entity/Q7295634,Rathfriland Castle,castle,United Kingdom
http://www.wikidata.org/entity/Q22994849,Château du Vieux-Lavardin,castle | château,France
http://www.wikidata.org/entity/Q1014277,Burg Trechow,castle | manor house,Germany
http://www.wikidata.org/entity/Q24660822,Mortimers Castle,castle,United Kingdom
http://www.wikidata.org/entity/Q83719526,Château fort de Quatremare,castle,France
http://www.wikidata.org/entity/Q2967943,Château Mennechet,castle,France
http://www.wikidata.org/entity/Q27627608,Tralee Castle,castle,Ireland
http://www.wikidata.org/entity/Q24660925,Ellingham Castle,castle,United Kingdom
http://www.wikidata.org/entity/Q4917396,Bishop's Castle,castle,United Kingdom
http://www.wikidata.org/entity/Q1013241,Neu-Süns Castle,castle | castle ruin,Switzerland
http://www.wikidata.org/entity/Q1015764,Burgstall Haidau,castle | archaeological site,Germany
http://www.wikidata.org/entity/Q15207902,Castle of Salir,castle | cultural heritage,Portugal
http://www.wikidata.org/entity/Q19367868,Castellot de Barquera,castle,Spain
http://www.wikidata.org/entity/Q16538115,Castello di Matinale,Category:Hohenstaufen castles in Southern Italy | castle,Italy
http://www.wikidata.org/entity/Q1344703,Ruggburg bei Eichenberg Vbg,castle | castle ruin,Austria
http://www.wikidata.org/entity/Q980405,Schwarzenburg Castle,architectural structure | castle,Switzerland
http://www.wikidata.org/entity/Q2970996,Château de Villefort,castle,France
http://www.wikidata.org/entity/Q2421853,Château de Mauriac,castle | château,France
http://www.wikidata.org/entity/Q39009830,Hean Castle Motte,castle,United Kingdom
http://www.wikidata.org/entity/Q78660648,Château de Blanchefort,castle,France
http://www.wikidata.org/entity/Q2969759,Lutry Castle,castle,Switzerland
http://www.wikidata.org/entity/Q41295895,Stadtmauer,castle,Germany
http://www.wikidata.org/entity/Q1012188,Harburg Castle,museum | castle | tourist attraction | spur castle | vacation home | tourist destination,Germany
http://www.wikidata.org/entity/Q112278501,Castello di Capecchio,castle,Italy
http://www.wikidata.org/entity/Q17624113,Castello di Castelcorniglio,castle,Italy
http://www.wikidata.org/entity/Q15790444,Burgstall Rechbergle,castle,Germany
http://www.wikidata.org/entity/Q123413959,Lichtenstein Castle,castle,South Africa
http://www.wikidata.org/entity/Q113387671,Castello di Rodolfo,castle,Italy
http://www.wikidata.org/entity/Q83719389,Château fort de Mérindol,castle,France
http://www.wikidata.org/entity/Q1013567,Burg Rahden,castle,Germany
http://www.wikidata.org/entity/Q2175487,Ruine Wenzelstein,castle,Germany
http://www.wikidata.org/entity/Q30161061,Raheen Castle,castle,Ireland
http://www.wikidata.org/entity/Q1011581,Burg Elkerhausen,castle | water castle,Germany
http://www.wikidata.org/entity/Q2745807,Thurso Castle,castle,United Kingdom
http://www.wikidata.org/entity/Q2900792,Château de la Perrière,castle,France
http://www.wikidata.org/entity/Q5989037,Kanzad Castle,castle | building,Iraq
http://www.wikidata.org/entity/Q2968141,Château d'Arzens,castle,France
http://www.wikidata.org/entity/Q67772131,Château de Bard,castle,France
http://www.wikidata.org/entity/Q2480350,Château de Barbezieux,castle,France
http://www.wikidata.org/entity/Q108060974,Burg Moringen,castle | water castle,Germany
http://www.wikidata.org/entity/Q18530042,Turn Mansion,castle,Slovenia
http://www.wikidata.org/entity/Q43162330,Castillo de Torralba,monument | castle | archaeological site,Spain
http://www.wikidata.org/entity/Q5757393,Castillo de La Encomienda (Socovos),castle,Spain
http://www.wikidata.org/entity/Q1014679,Burg Zielbühl,castle,Germany
http://www.wikidata.org/entity/Q24661280,Grimsby Castle,unfinished building | castle | unbuilt building or structure,United Kingdom
http://www.wikidata.org/entity/Q39011302,Cae Gaer Fieldname,castle,United Kingdom
http://www.wikidata.org/entity/Q2241348,Schloss Gutenberg,rock castle | castle | château,Austria
http://www.wikidata.org/entity/Q1014693,Zwernitz Castle,castle,Germany
http://www.wikidata.org/entity/Q113556641,Castello di Santo Stefano,castle,Italy
http://www.wikidata.org/entity/Q2241058,Castle Freudenstein,castle,Italy
http://www.wikidata.org/entity/Q101242967,Saillon Castle,castle | architectural structure | military base,Switzerland
http://www.wikidata.org/entity/Q1486190,Gana,castle,Germany
http://www.wikidata.org/entity/Q1590397,Haus Opheim,castle,Germany
http://www.wikidata.org/entity/Q24659348,Pen Llys Ringwork,castle | enclosure,United Kingdom
http://www.wikidata.org/entity/Q11913060,Castell de Montcortès,castle,Spain
http://www.wikidata.org/entity/Q29048699,Castle of Ojos Negros,castle | Monument (Spain),Spain
http://www.wikidata.org/entity/Q24659278,Butthouse Motte,castle,United Kingdom
http://www.wikidata.org/entity/Q1013710,Burg Rohr (Kremstal),castle,Austria
http://www.wikidata.org/entity/Q29052323,Glinsk Castle,castle,Ireland
http://www.wikidata.org/entity/Q106973128,Small Castle,castle,Switzerland
http://www.wikidata.org/entity/Q3662459,Albegno Castle,castle,Italy
http://www.wikidata.org/entity/Q56378136,Castle of Passignano,castle,Italy
http://www.wikidata.org/entity/Q15943927,Château de Vitry-la-Ville,castle,France
http://www.wikidata.org/entity/Q3662584,Castello di Cormons,castle,Italy
http://www.wikidata.org/entity/Q15286177,Vecpiebalga Castle,castle,Latvia
http://www.wikidata.org/entity/Q24568131,Castle of Nalda,castle,Spain
http://www.wikidata.org/entity/Q1014275,Treis Castle,castle,Germany
http://www.wikidata.org/entity/Q3662694,Mezzaratta Castle,castle,Italy
http://www.wikidata.org/entity/Q2968615,Château de Bouilhonnac,castle,France
http://www.wikidata.org/entity/Q113326883,Castle of Cadeo,castle,Italy
http://www.wikidata.org/entity/Q39011026,St Harmon Church Mound,castle,United Kingdom
http://www.wikidata.org/entity/Q86666925,Château d'Usson,castle,France
http://www.wikidata.org/entity/Q17772892,Kildrummy New Castle,castle,United Kingdom
http://www.wikidata.org/entity/Q111520806,Castello di Capo d'Orlando,castle,Italy
http://www.wikidata.org/entity/Q17596197,Castell de Fornils,castle,Spain
http://www.wikidata.org/entity/Q12033969,Castle Loubí,castle,Czech Republic
http://www.wikidata.org/entity/Q1011317,Campell Castle,castle | castle ruin,Switzerland
http://www.wikidata.org/entity/Q7899241,Upsall Castle,castle,United Kingdom
http://www.wikidata.org/entity/Q1015039,Burghaus Gransau,castle,Germany
http://www.wikidata.org/entity/Q68309400,Castello di San Martino,castle | episcopal palace,Italy
http://www.wikidata.org/entity/Q1567424,Haderburg,castle,Italy
http://www.wikidata.org/entity/Q98223599,Cultural heritage D-4-6133-0290 in Waischenfeld,castle | hilltop settlement | Bodendenkmal | human settlement | settlement of prehistoric times | feature,Germany
http://www.wikidata.org/entity/Q2971185,Château de la Chaussade,castle,France
http://www.wikidata.org/entity/Q67772662,Castello di Campo,castle,Italy
http://www.wikidata.org/entity/Q108612428,Castle of Debridge,castle,Greece
http://www.wikidata.org/entity/Q83719721,Château fort du Frétay,castle,France
http://www.wikidata.org/entity/Q11353489,Brtnice Castle,castle | château,Czech Republic
http://www.wikidata.org/entity/Q113583920,Castello dei Montini di Monte Rotondo,castle,Italy
http://www.wikidata.org/entity/Q24661750,Blackawton The Mount,castle,United Kingdom
http://www.wikidata.org/entity/Q24661571,Houghton Ice Hill,castle,United Kingdom
http://www.wikidata.org/entity/Q9386611,Zamek w Bydgoszczy,castle,Poland
http://www.wikidata.org/entity/Q2968121,Château d'Arnay-le-Duc,castle,France
http://www.wikidata.org/entity/Q10662239,Saxholmen Castle,castle,Sweden
http://www.wikidata.org/entity/Q937190,Verrès Castle,museum | castle | religious museum | military museum building | museum of a public entity | historical park museum,Italy
http://www.wikidata.org/entity/Q22893359,Castell de Palol de Revardit,castle,Spain
http://www.wikidata.org/entity/Q49538897,Wasserburg Luchau,castle,Germany
http://www.wikidata.org/entity/Q28001097,Avogadro Castle,castle,Italy
http://www.wikidata.org/entity/Q98682054,Burg Hof a.Regen 38 in Nittenau,castle,Germany
http://www.wikidata.org/entity/Q3662885,Castello di Sassari,castle,Italy
http://www.wikidata.org/entity/Q5728329,Chakor Buli Chavar Castle,castle,Iran
http://www.wikidata.org/entity/Q123471032,Blascojimeno castle,castle,Spain
http://www.wikidata.org/entity/Q17595904,Castell de Banyeres,castle,Spain
http://www.wikidata.org/entity/Q3662794,Castello di Pietralata,castle,Italy
http://www.wikidata.org/entity/Q89202404,Castello di Erbia,castle,Italy
http://www.wikidata.org/entity/Q5934103,Bandbon Castle,castle,Iran
http://www.wikidata.org/entity/Q14558523,Little Castle,manor estate | castle | architectural structure,Switzerland
http://www.wikidata.org/entity/Q39006429,Craig y Castell,castle,United Kingdom
http://www.wikidata.org/entity/Q35486005,Castle of Arandiga,castle,Spain
http://www.wikidata.org/entity/Q3644626,Carrickabraghy Castle,castle | townland,Ireland
http://www.wikidata.org/entity/Q9705671,Castelo de Rosmaninhal,castle,Portugal
http://www.wikidata.org/entity/Q56450502,Xirokambos Castle,castle,Greece
http://www.wikidata.org/entity/Q108612474,Castle of Grivas,castle,Greece
http://www.wikidata.org/entity/Q679553,Klingnau Castle,castle,Switzerland
http://www.wikidata.org/entity/Q885107,Stettenfels Castle,castle,Germany
http://www.wikidata.org/entity/Q2970925,Château de Vaure,castle,France
http://www.wikidata.org/entity/Q21528868,Brucoli Castle,castle,Italy
http://www.wikidata.org/entity/Q20541600,Threecastles Castle,castle,Ireland
http://www.wikidata.org/entity/Q1010827,Burg Ardey,castle,Germany
http://www.wikidata.org/entity/Q48205427,Wohnstallhaus Am Burgstein 1,castle,Germany
http://www.wikidata.org/entity/Q124656217,Schonenburg,castle,Netherlands
http://www.wikidata.org/entity/Q1013534,Hexenturm,castle,Germany
http://www.wikidata.org/entity/Q18271156,Rahačoŭ Castle,castle,Belarus
http://www.wikidata.org/entity/Q113170910,Castello Saraceno,castle,Italy
http://www.wikidata.org/entity/Q4852606,Baltadvaris Castle,castle,Lithuania
http://www.wikidata.org/entity/Q116453273,Mattarella Castle,castle,Italy
http://www.wikidata.org/entity/Q28001064,Castello di Pitino,castle,Italy
http://www.wikidata.org/entity/Q8342323,Castle of Foncastín,castle,Spain
http://www.wikidata.org/entity/Q55171850,Castello baronale di Nemi,castle,Italy
http://www.wikidata.org/entity/Q78660784,Château de Fayence,castle,France
http://www.wikidata.org/entity/Q21936894,Castell de Brullà,castle,France
http://www.wikidata.org/entity/Q3662924,Castello di Torre Ratti,castle,Italy
http://www.wikidata.org/entity/Q1010735,Burg Alt-Wolfskehlen,castle,Germany
http://www.wikidata.org/entity/Q2970049,Château de Montréal,castle,France
http://www.wikidata.org/entity/Q15108382,Burgstall Hagenfels,castle | archaeological site,Germany
http://www.wikidata.org/entity/Q15114193,Hay Castle,castle | heritage centre | castle ruin,United Kingdom
http://www.wikidata.org/entity/Q1011123,Burg Borghausen,hillfort | castle,Germany
http://www.wikidata.org/entity/Q23662338,Castello di Pereto,castle,Italy
http://www.wikidata.org/entity/Q934275,Vartnov,castle | castle ruin,Czech Republic
http://www.wikidata.org/entity/Q108322730,Castle in Agropoli,castle,Italy
http://www.wikidata.org/entity/Q6481592,Lambton Castle,castle | English country house,United Kingdom
http://www.wikidata.org/entity/Q17775451,Thornton Castle,castle,United Kingdom
http://www.wikidata.org/entity/Q107065066,Castle of Nucetto,castle,Italy
http://www.wikidata.org/entity/Q2421414,Ares Castle,monument | castle,Spain
http://www.wikidata.org/entity/Q2382682,Doonagore Castle,castle,Ireland
http://www.wikidata.org/entity/Q1010805,Burg Amöneburg,castle,Germany
http://www.wikidata.org/entity/Q24659350,Coed Ty Mawr,ringwork castle | castle,United Kingdom
http://www.wikidata.org/entity/Q56619666,Lundie Castle,castle,United Kingdom
http://www.wikidata.org/entity/Q64485053,Castello Amorotti,castle | private museum | specialised museum,Italy
http://www.wikidata.org/entity/Q3662920,Palazzo Porto Colleoni Thiene,castle,Italy
http://www.wikidata.org/entity/Q43122257,Castell d'en Planes,castle,Spain
http://www.wikidata.org/entity/Q2073299,Duffield Castle,castle | archaeological site,United Kingdom
http://www.wikidata.org/entity/Q50019803,Großlaupheim Castle,castle | Schloss,Germany
http://www.wikidata.org/entity/Q2968752,Castle of Caen,castle | château,France
http://www.wikidata.org/entity/Q19950929,Moudon Castle,architectural structure | castle,Switzerland
http://www.wikidata.org/entity/Q7077638,Odell Castle,castle,United Kingdom
http://www.wikidata.org/entity/Q33113222,Glanworth Castle,castle,Ireland
http://www.wikidata.org/entity/Q8342570,Castellvell de Solsona,castle,Spain
http://www.wikidata.org/entity/Q18396726,Vodriž Castle,castle,Slovenia
http://www.wikidata.org/entity/Q1013981,Burg Seffent,castle,Germany
http://www.wikidata.org/entity/Q112940615,Castello di Bivona,castle,Italy
http://www.wikidata.org/entity/Q2206135,Château de Bonaguil,castle,France
http://www.wikidata.org/entity/Q60791995,Château d'Estarvielle,castle,France
http://www.wikidata.org/entity/Q8342494,Castillo de Orzorrotz,castle,Spain
http://www.wikidata.org/entity/Q83719009,Château fort de Chantelle,castle,France
http://www.wikidata.org/entity/Q15712438,Castello di Salabue,castle,Italy
http://www.wikidata.org/entity/Q2664383,Burg Mauel,castle,Germany
http://www.wikidata.org/entity/Q2007516,Voruta,hillfort | castle,Lithuania
http://www.wikidata.org/entity/Q5503359,Friars Carse,castle,United Kingdom
http://www.wikidata.org/entity/Q17674633,Kirby Muxloe Castle,castle | manor house | ruins,United Kingdom
http://www.wikidata.org/entity/Q18332263,Ringhult,castle,Sweden
http://www.wikidata.org/entity/Q20601059,Holywell Castle Mound,motte-and-bailey castle | castle | motte,United Kingdom
http://www.wikidata.org/entity/Q83718819,Château fort d'Argenton,castle,France
http://www.wikidata.org/entity/Q5049826,Castle of Seda,castle | cultural heritage,Portugal
http://www.wikidata.org/entity/Q1405143,Château de Ham,castle,France
http://www.wikidata.org/entity/Q89202573,Castello di Santimento,castle,Italy
http://www.wikidata.org/entity/Q15943875,Château de l'Isle-sur-Arnon,castle,France
http://www.wikidata.org/entity/Q39006322,Bon y Dom,castle,United Kingdom
http://www.wikidata.org/entity/Q2971209,Château de la Croizette,castle,France
http://www.wikidata.org/entity/Q33224396,Schloß Lichtenegg,castle,Germany
http://www.wikidata.org/entity/Q2967942,Château Maugiron,castle,France
http://www.wikidata.org/entity/Q4986692,Builth Castle,castle,United Kingdom
http://www.wikidata.org/entity/Q7983058,Wenvoe Castle,castle,United Kingdom
http://www.wikidata.org/entity/Q112139680,Castello di Olevano di Lomellina,castle,Italy
http://www.wikidata.org/entity/Q19934294,Castle of Pianisi,castle,Italy
http://www.wikidata.org/entity/Q97631015,La Villa de Segura de la Sierra,castle | city | fortification | historic district | Historical Emsemble (Spain),Spain
http://www.wikidata.org/entity/Q4984761,Tomen Bedd Ugre,motte-and-bailey castle | castle,United Kingdom
http://www.wikidata.org/entity/Q1013901,Burg Schmalegg,castle,Germany
http://www.wikidata.org/entity/Q1013551,Poenari Castle,castle,Romania
http://www.wikidata.org/entity/Q2970500,Château de Saint-Brisson-sur-Loire,castle,France
http://www.wikidata.org/entity/Q4081707,Belgorod Kievsky,castle | ancient city,Ukraine
http://www.wikidata.org/entity/Q106452591,Kohneh Castle (Azadvar),castle,Iran
http://www.wikidata.org/entity/Q20771639,Tschenglsberg,castle,Italy
http://www.wikidata.org/entity/Q24662656,Newport Pagnell Castle,castle | earthworks | motte,United Kingdom
http://www.wikidata.org/entity/Q59168721,Burg Schlangenberg,castle,Germany
http://www.wikidata.org/entity/Q112169831,Suardi Castle,castle,Italy
http://www.wikidata.org/entity/Q56327298,Castle Żarnowcu,castle,Poland
http://www.wikidata.org/entity/Q1011689,Falkenstein Castle,castle | cultural property,Austria
http://www.wikidata.org/entity/Q16538023,Castello della Contessa Adelaide,castle,Italy
http://www.wikidata.org/entity/Q56359206,Buttevant Castle,castle,Ireland
http://www.wikidata.org/entity/Q5049819,Castelo de Ranhados,castle | cultural heritage,Portugal
http://www.wikidata.org/entity/Q1013124,Metternich Castle,castle,Germany
http://www.wikidata.org/entity/Q21645422,Castell de Sant Mateu,castle,Spain
http://www.wikidata.org/entity/Q6484546,Landguard Fort,castle | fort | military museum | local museum,United Kingdom
http://www.wikidata.org/entity/Q1013017,Burg Longuich,castle,Germany
http://www.wikidata.org/entity/Q1785767,Koz Castle,castle,Turkey
http://www.wikidata.org/entity/Q27955027,Paleokastër Castle,castle | historic site,Albania
http://www.wikidata.org/entity/Q2969586,Château de la Roche,castle | château,France
http://www.wikidata.org/entity/Q763904,Liptov Castle,castle | castle ruin,Slovakia
http://www.wikidata.org/entity/Q107336553,Burg Eilsum,castle,Germany
http://www.wikidata.org/entity/Q25055047,Rocca of Umbertide,castle,Italy
http://www.wikidata.org/entity/Q19594018,Castell de Tartareu,castle,Spain
http://www.wikidata.org/entity/Q32998722,Château de Dommerville (Angerville),castle,France
http://www.wikidata.org/entity/Q1013564,Radosno Castle,castle,Poland
http://www.wikidata.org/entity/Q83719806,Château fort Saint Michel,castle,France
http://www.wikidata.org/entity/Q30246459,Matushka castle,castle,Poland
http://www.wikidata.org/entity/Q112323178,Castello di Porchiano,castle,Italy
http://www.wikidata.org/entity/Q9705659,Castelo de Portelo,castle,Portugal
http://www.wikidata.org/entity/Q781427,Welsperg Castle,castle,Italy
http://www.wikidata.org/entity/Q1012952,Burg Liebenstein,castle | archaeological site,Germany
http://www.wikidata.org/entity/Q98374364,Cultural heritage D-2-7345-0039 in Windorf,castle | Burgstall | feature | Bodendenkmal,Germany
http://www.wikidata.org/entity/Q122591489,Castello di Scagnello,castle,Italy
http://www.wikidata.org/entity/Q67636437,Castello di Tricesimo,castle,Italy
http://www.wikidata.org/entity/Q5757327,Castle of Fuente el Sol,castle,Spain
http://www.wikidata.org/entity/Q2971195,Château de La Clayette,castle | château,France
http://www.wikidata.org/entity/Q1012753,Burg Krummesse,castle,Germany
http://www.wikidata.org/entity/Q2970074,Château de Moucheton,castle,France
http://www.wikidata.org/entity/Q436180,Alte Schanz,castle | archaeological site,Germany
http://www.wikidata.org/entity/Q3662514,Castle of Burio,castle,Italy
http://www.wikidata.org/entity/Q9386571,Ujazd Castle,castle,Poland
http://www.wikidata.org/entity/Q616483,Freusburg,castle,Germany
http://www.wikidata.org/entity/Q1011379,Burg Cracau,castle,Germany
http://www.wikidata.org/entity/Q2970456,Château de Rumilly,castle,France
http://www.wikidata.org/entity/Q11913096,Castell de Santa Oliva,castle,Spain
http://www.wikidata.org/entity/Q1891121,Mansinger Burgplatz,castle,Germany
http://www.wikidata.org/entity/Q5492218,Frankopan Castle,castle,Croatia
http://www.wikidata.org/entity/Q41288225,Zollhaus Augsburg-Kriegshaber,castle,Germany
http://www.wikidata.org/entity/Q2970857,Château de Trélague,castle,France
http://www.wikidata.org/entity/Q1011211,Château de Brosse,castle,France
http://www.wikidata.org/entity/Q109285621,Château de Lombers,castle,France
http://www.wikidata.org/entity/Q113550405,Castello di Querceto,castle,Italy
http://www.wikidata.org/entity/Q1012955,Burg Liebsthal,castle,Germany
http://www.wikidata.org/entity/Q113653924,Castle of Varypetro,castle,Greece
http://www.wikidata.org/entity/Q15793840,Cessnock Castle,castle,United Kingdom
http://www.wikidata.org/entity/Q3662232,Castellammare della Bruca,castle | ghost town | ruins | medieval town | archaeological site,Italy
http://www.wikidata.org/entity/Q13048672,Castle of Mesones de Isuela,castle | Monument (Spain),Spain
http://www.wikidata.org/entity/Q1049220,Castell de Mequinensa,castle,Spain
http://www.wikidata.org/entity/Q2786026,Kreva Castle,castle,Belarus
http://www.wikidata.org/entity/Q1010934,Burg Bellamont,castle,Germany
http://www.wikidata.org/entity/Q97624863,Villa Azul,castle,Spain
http://www.wikidata.org/entity/Q5757321,Castle of Floripes,castle,Spain
http://www.wikidata.org/entity/Q106077949,Castello di Cianeto,castle,Italy
http://www.wikidata.org/entity/Q106074493,Forte di Berceto,castle,Italy
http://www.wikidata.org/entity/Q43123699,Castell de Sant Elm,castle,Spain
http://www.wikidata.org/entity/Q1011415,Burg Daun,castle | cultural heritage monument in Germany,Germany
http://www.wikidata.org/entity/Q15940093,Château de l'Engelbourg,castle,France
http://www.wikidata.org/entity/Q24661573,Castle Rising Keepers Wood,castle,United Kingdom
http://www.wikidata.org/entity/Q1013449,Burg Ottendorf,castle,Germany
http://www.wikidata.org/entity/Q1012555,Burg Ihringen,castle,Germany
http://www.wikidata.org/entity/Q41283029,XXIV. Burgfriedenssäule,castle,Germany
http://www.wikidata.org/entity/Q6408206,Kilspindie Castle,castle,United Kingdom
http://www.wikidata.org/entity/Q2968066,Château d'Amou,castle,France
http://www.wikidata.org/entity/Q20876376,Durbe Castle ruins,castle,Latvia
http://www.wikidata.org/entity/Q24661460,Orwell Toot Hill,castle,United Kingdom
http://www.wikidata.org/entity/Q30161024,Old Market Place Castle,castle,Ireland
http://www.wikidata.org/entity/Q2701702,Château de Moncley,castle | château,France
http://www.wikidata.org/entity/Q98493937,Burg,castle,Germany
http://www.wikidata.org/entity/Q25421254,Kermen Qır,castle,Ukraine | Russia
http://www.wikidata.org/entity/Q98684275,Burg Burgstraße 11 in Windischeschenbach,castle,Germany
http://www.wikidata.org/entity/Q38598846,Pen y Bryn y Castell,castle,United Kingdom
http://www.wikidata.org/entity/Q1013792,Rýzmburk,castle | castle ruin,Czech Republic
http://www.wikidata.org/entity/Q1010722,Alt-Oberhofen Castle,castle | castle ruin,Switzerland
http://www.wikidata.org/entity/Q113382035,Muggia Castle,castle,Italy
http://www.wikidata.org/entity/Q54806808,Neue Ennsburg,castle,Austria
http://www.wikidata.org/entity/Q125490852,Martinengo Castle,castle,Italy
http://www.wikidata.org/entity/Q1015880,Burgstall Rehau,castle | archaeological site,Germany
http://www.wikidata.org/entity/Q2913406,castle of Belvoir,castle,France
http://www.wikidata.org/entity/Q1814732,Château de Diedendorf,castle,France
http://www.wikidata.org/entity/Q790193,Castle in Bronka,castle,Ukraine
http://www.wikidata.org/entity/Q5925227,Hoz Leh Castle,castle,Iran
http://www.wikidata.org/entity/Q100605573,Paraggi Castle,castle,Italy
http://www.wikidata.org/entity/Q56359372,Castle White House,castle,Ireland
http://www.wikidata.org/entity/Q112138495,Castello di Landriano,castle,Italy
http://www.wikidata.org/entity/Q3394183,Naraío Castle,monument | castle,Spain
http://www.wikidata.org/entity/Q1479821,Schloss Stocksberg,castle,Germany
http://www.wikidata.org/entity/Q142121,Finlarig Castle,castle,United Kingdom
http://www.wikidata.org/entity/Q6503644,Krasny Castle,destroyed building or structure | castle,Belarus
http://www.wikidata.org/entity/Q73394350,Castell de Mas Serra,castle,Spain
http://www.wikidata.org/entity/Q2971813,Château du Roc,castle,France
http://www.wikidata.org/entity/Q3773755,Kuusisto Castle,castle | bishop castle,Finland
http://www.wikidata.org/entity/Q7138196,Parkavonear Castle,castle,Ireland
http://www.wikidata.org/entity/Q5126141,Clare Castle,castle,United Kingdom
http://www.wikidata.org/entity/Q11171489,Čepička Castle,castle,Czech Republic
http://www.wikidata.org/entity/Q98271797,Cultural heritage D-3-6040-0022 in Bad Neualbenreuth,castle | château | feature | Bodendenkmal,Germany
http://www.wikidata.org/entity/Q85752408,Château de Sangatte,castle,France
http://www.wikidata.org/entity/Q61063957,Manujan Castle,castle,Iran
http://www.wikidata.org/entity/Q113454505,Castle of Roccabruna,destroyed building or structure | castle,Italy
http://www.wikidata.org/entity/Q885150,Lichtenberg Castle,castle,Germany
http://www.wikidata.org/entity/Q24659556,Stormy Castle,castle | house | farmstead,United Kingdom
http://www.wikidata.org/entity/Q17596737,Terrasola Castle,castle,Spain
http://www.wikidata.org/entity/Q125946496,Invergordon Castle,castle,United Kingdom
http://www.wikidata.org/entity/Q866236,Bischöfliche Burg Bruchsal,castle,Germany
http://www.wikidata.org/entity/Q17643513,Stapleford Castle,castle,United Kingdom
http://www.wikidata.org/entity/Q1012445,Burg Hohentann,castle | archaeological site,Germany
http://www.wikidata.org/entity/Q1015689,Burgstall Bleschenberg,castle | archaeological site,Germany
http://www.wikidata.org/entity/Q2971737,Château du Monay,castle,France
http://www.wikidata.org/entity/Q15790329,Burg Braunsdorf,castle,Germany
http://www.wikidata.org/entity/Q5682434,Haughley Castle,castle,United Kingdom
http://www.wikidata.org/entity/Q15856987,Burgstall Roth,castle,Germany
http://www.wikidata.org/entity/Q56365266,Connagh Castle,castle,Ireland
http://www.wikidata.org/entity/Q115472858,Château du Mont Ori,castle,France
http://www.wikidata.org/entity/Q17615501,Castell de Palautordera,castle,Spain
http://www.wikidata.org/entity/Q2968035,Castello Normanno,natural history museum | castle | military museum building | museum of a public entity | historical park museum | archaeological museum,Italy
http://www.wikidata.org/entity/Q574056,Château de Cormatin,castle,France
http://www.wikidata.org/entity/Q435389,Old Bishop's Palace in Wittstock/Dosse,castle,Germany
http://www.wikidata.org/entity/Q24661823,Eccleswall Castle,motte-and-bailey castle | castle | motte | ringwork castle,United Kingdom
http://www.wikidata.org/entity/Q28001132,Castello inferiore di Marostica,castle,Italy
http://www.wikidata.org/entity/Q3817607,Castle of Miranda do Douro,castle | cultural heritage,Portugal
http://www.wikidata.org/entity/Q573643,Kyburg Castle,castle | château,Switzerland
http://www.wikidata.org/entity/Q15940287,Château de Ségur,castle,France
http://www.wikidata.org/entity/Q2971588,Château des Écossais,castle,France
http://www.wikidata.org/entity/Q17596365,Fort de Marquixanes,castle,France
http://www.wikidata.org/entity/Q3408947,Maribor Castle,castle | ruins,Slovenia
http://www.wikidata.org/entity/Q15939994,Gomery Castle,castle,Belgium
http://www.wikidata.org/entity/Q881036,Burg Eisenhardt,castle,Germany
http://www.wikidata.org/entity/Q112140866,Castello di Sant'Angelo Lomellina,castle,Italy
http://www.wikidata.org/entity/Q104787003,Burg Nyggenborch,castle,Germany
http://www.wikidata.org/entity/Q56359602,Castle Warren,castle,Ireland
http://www.wikidata.org/entity/Q108050816,Dammgut,architectural structure | castle,Germany
http://www.wikidata.org/entity/Q1012508,Burg Hugstetten,castle,Germany
http://www.wikidata.org/entity/Q12790219,Dravograd Castle,castle,Slovenia
http://www.wikidata.org/entity/Q113400720,Castello di Orgnano,castle,Italy
http://www.wikidata.org/entity/Q1012463,Burg Holdersberg,castle | archaeological site,Germany
http://www.wikidata.org/entity/Q17574876,Glenborrodale Castle,villa | castle,United Kingdom
http://www.wikidata.org/entity/Q1936320,Llansteffan Castle,castle | promontory fort | archaeological site,United Kingdom
http://www.wikidata.org/entity/Q81533547,Khrapovitsky Castle,castle | architectural landmark,Russia
http://www.wikidata.org/entity/Q56661885,Dundeugh Castle,castle,United Kingdom
http://www.wikidata.org/entity/Q1891413,Skokloster Castle,museum | castle | heritage site in Sweden | tourist attraction | cultural property | architectural ensemble | collection,Sweden
http://www.wikidata.org/entity/Q21726281,Radetina Kula,castle,Bosnia and Herzegovina
http://www.wikidata.org/entity/Q18003858,Castell de Pratdip,castle,Spain
http://www.wikidata.org/entity/Q30626518,Castelo de Ourique,castle | cultural heritage | hillfort | public garden | scenic viewpoint,Portugal
http://www.wikidata.org/entity/Q43125900,Castillo de Castinet,castle,Spain
http://www.wikidata.org/entity/Q8342481,Castell de Montroi,castle,Spain
http://www.wikidata.org/entity/Q67772309,Fort de Château-Lambert,castle,France
http://www.wikidata.org/entity/Q19594014,Castell de l'Aguda,castle,Spain
http://www.wikidata.org/entity/Q13598742,Esterhazy castle in Darda,castle,Croatia
http://www.wikidata.org/entity/Q1014589,Burg Wildenau (Plößberg),castle | archaeological site,Germany
http://www.wikidata.org/entity/Q2971553,Château des Sallèles,castle,France
http://www.wikidata.org/entity/Q2971482,Château des Dorides,castle,France
http://www.wikidata.org/entity/Q38603101,Castell,castle,United Kingdom
http://www.wikidata.org/entity/Q1988695,Niederungsburg Naugarten,castle,Germany
http://www.wikidata.org/entity/Q254290,Nidau Castle,architectural structure | castle,Switzerland
http://www.wikidata.org/entity/Q24659257,Pantycaregl,castle,United Kingdom
http://www.wikidata.org/entity/Q1014667,Burg Wurmlingen,castle,Germany
http://www.wikidata.org/entity/Q24659434,Castell Pengawsai,castle,United Kingdom
http://www.wikidata.org/entity/Q78661056,Château de Padern,castle,France
http://www.wikidata.org/entity/Q56356549,Gortnaclea Castle,castle,Ireland
http://www.wikidata.org/entity/Q6539906,Marvast Castle,castle,Iran
http://www.wikidata.org/entity/Q24659460,Twyn Bell Camp,castle | promontory fort,United Kingdom
http://www.wikidata.org/entity/Q2970422,"Château de Roquefère, Roquefère",castle,France
http://www.wikidata.org/entity/Q4807794,Aspelt Castle,castle | château,Luxembourg
http://www.wikidata.org/entity/Q1012826,Landsberg Castle,castle,Germany
http://www.wikidata.org/entity/Q541130,Fort de Bertheaume,castle | fort | fortress | tidal island,France
http://www.wikidata.org/entity/Q1529298,Scharenburg,castle,Germany
http://www.wikidata.org/entity/Q11913113,Castell de Travadell,monument | castle,Spain
http://www.wikidata.org/entity/Q41428014,Castle Gate,castle,Germany
http://www.wikidata.org/entity/Q105676544,Burg Jennelt,castle,Germany
http://www.wikidata.org/entity/Q1013050,Château de Lusignan,castle | ruins,France
http://www.wikidata.org/entity/Q97640312,Castle of Morón de la Frontera,monument | castle,Spain
http://www.wikidata.org/entity/Q5808002,Hezareh Castle,castle,Iran
http://www.wikidata.org/entity/Q1015814,Burgstall Katzenrohrbach,castle | archaeological site,Germany
http://www.wikidata.org/entity/Q2971731,Château du Meux,castle,France
http://www.wikidata.org/entity/Q19367854,Castell de la Guàrdia Lada,castle,Spain
http://www.wikidata.org/entity/Q19830952,Castell i muralla de Castellar,castle,Spain
http://www.wikidata.org/entity/Q5872936,Aghli Beg Castle,castle,Iran
http://www.wikidata.org/entity/Q22965334,Château de la Motte-Josserand,castle,France
http://www.wikidata.org/entity/Q108782726,Château de Spechbach,castle,France
http://www.wikidata.org/entity/Q1010855,Burg Aschersleben,castle,Germany
http://www.wikidata.org/entity/Q5118736,Château de Beaucaire,castle,France
http://www.wikidata.org/entity/Q98742806,Burg Burg 1 in Kipfenberg,castle,Germany
http://www.wikidata.org/entity/Q111520310,Castello di Caltavuturo,castle,Italy
http://www.wikidata.org/entity/Q1013103,Burg Mellnau,castle | ruins | heritage site,Germany
http://www.wikidata.org/entity/Q56309555,Marcy semaphore tower,castle | semaphore tower,France
http://www.wikidata.org/entity/Q17642499,Wattlesborough Castle (uninhabited parts),castle,United Kingdom
http://www.wikidata.org/entity/Q56397405,Anthousa Castle,castle,Greece
http://www.wikidata.org/entity/Q1014186,Burg Suseck,castle,Germany
http://www.wikidata.org/entity/Q22696285,Castillo de Ciria,castle,Spain
http://www.wikidata.org/entity/Q97628504,Castillo de la Redondela,monument | castle,Spain
http://www.wikidata.org/entity/Q113341560,Castello di Gattara,castle,Italy
http://www.wikidata.org/entity/Q22893354,Château de Llauro,castle,France
http://www.wikidata.org/entity/Q15108387,Burgstall Harlanden,castle | archaeological site,Germany
http://www.wikidata.org/entity/Q108059359,Hude Castle,castle,Germany
http://www.wikidata.org/entity/Q55863407,Castle of Albentosa,castle | Monument (Spain),Spain
http://www.wikidata.org/entity/Q1012305,Burg Herlikofen,castle,Germany
http://www.wikidata.org/entity/Q43162964,Castillo de Escariantes,monument | castle,Spain
http://www.wikidata.org/entity/Q78660887,Château de la Ville close,castle,France
http://www.wikidata.org/entity/Q78661001,Château de Montenot,castle,France
http://www.wikidata.org/entity/Q5870763,Sarmaj Castle,castle,Iran
http://www.wikidata.org/entity/Q1012306,Burg Heppenheft,castle,Germany
http://www.wikidata.org/entity/Q24568105,Castillo de Cañaveral,castle,Spain
http://www.wikidata.org/entity/Q65198781,Kordasht Castle,castle,Iran
http://www.wikidata.org/entity/Q26542396,Old Castle,castle,United Kingdom
http://www.wikidata.org/entity/Q57316996,Schloss Oberhausen,castle,Belgium
http://www.wikidata.org/entity/Q113324592,Castello di Monteforte,castle,Italy
http://www.wikidata.org/entity/Q1010748,Altena Castle,castle | youth hostel,Germany
http://www.wikidata.org/entity/Q1015981,Burgstall im Viehtrieb,castle | archaeological site,Germany
http://www.wikidata.org/entity/Q24659371,Castell Bugad,castle,United Kingdom
http://www.wikidata.org/entity/Q1011500,Drežnik Castle,castle,Croatia
http://www.wikidata.org/entity/Q29345476,Castillo de Berdejo,castle | Monument (Spain),Spain
http://www.wikidata.org/entity/Q5757196,Castle of Caracuel,castle,Spain
http://www.wikidata.org/entity/Q11913080,Castell de Prades,castle,Spain
http://www.wikidata.org/entity/Q1011283,Burg Bühringen,castle,Germany
http://www.wikidata.org/entity/Q2969747,Château de Loyes,castle,France
http://www.wikidata.org/entity/Q7190805,Pickering Castle,motte-and-bailey castle | castle,United Kingdom
http://www.wikidata.org/entity/Q2160523,Rock of Dunamase,castle,Ireland
http://www.wikidata.org/entity/Q96418432,Freefield Castle,castle,United Kingdom
http://www.wikidata.org/entity/Q1013927,Schwalbach Castle,castle,Germany
http://www.wikidata.org/entity/Q85216421,Castell d'or,castle,Spain
http://www.wikidata.org/entity/Q7077792,Odiham Castle,castle,United Kingdom
http://www.wikidata.org/entity/Q2970339,Château de Ransanne,castle,France
http://www.wikidata.org/entity/Q2478089,Kaunas Fortress,castle,Lithuania
http://www.wikidata.org/entity/Q15944014,Château de Saint-Remy,castle,France
http://www.wikidata.org/entity/Q1013072,Burg Mark,castle,Germany
http://www.wikidata.org/entity/Q5049782,Castle of Freixo de Espada-à-Cinta,castle | cultural heritage,Portugal
http://www.wikidata.org/entity/Q1636725,Viderup Castle,castle,Sweden
http://www.wikidata.org/entity/Q15108447,Burgstall Steinbrünning,castle,Germany
http://www.wikidata.org/entity/Q16351116,Altene Castle,castle,Latvia
http://www.wikidata.org/entity/Q113334460,Castello di Vologno,castle,Italy
http://www.wikidata.org/entity/Q1012422,Burg Hohenhundersingen,castle,Germany
http://www.wikidata.org/entity/Q18003837,Castell de Ferran,castle,Spain
http://www.wikidata.org/entity/Q61889894,Old Caerlaverock Castle,castle | archaeological site,United Kingdom
http://www.wikidata.org/entity/Q435430,Alte Burg,castle,Germany
http://www.wikidata.org/entity/Q1014340,Burg Maubach,castle,Germany
http://www.wikidata.org/entity/Q15944161,Château de Mutigney,castle,France
http://www.wikidata.org/entity/Q6832899,Zabal Castle,castle,Saudi Arabia
http://www.wikidata.org/entity/Q117848508,Castle Hrubieszowie,destroyed building or structure | castle,Poland
http://www.wikidata.org/entity/Q1049217,Castle of Monasterio de Rodilla,castle,Spain
http://www.wikidata.org/entity/Q26965546,Castle-Palace of Celadas,castle | palace | casa consistorial,Spain
http://www.wikidata.org/entity/Q5917909,Faizabad Castle,castle,Iran
http://www.wikidata.org/entity/Q3662193,Castel di Luco,castle,Italy
http://www.wikidata.org/entity/Q56516607,royal castle of Cogne,castle,Italy
http://www.wikidata.org/entity/Q110979539,Castello Scaligero,castle,Italy
http://www.wikidata.org/entity/Q97628159,Niebla Castle,castle,Spain
http://www.wikidata.org/entity/Q10858633,Tak Aghaj Castle,castle,Iran
http://www.wikidata.org/entity/Q24661788,Birtley Castle,tower house | castle,United Kingdom
http://www.wikidata.org/entity/Q3662517,Castle of Caccuri,castle,Italy
http://www.wikidata.org/entity/Q1014132,Castle Stetteneck,castle,Italy
http://www.wikidata.org/entity/Q1013947,Burg Schweinheim,castle,Germany
http://www.wikidata.org/entity/Q83719070,Château fort de Cipières,castle,France
http://www.wikidata.org/entity/Q10671614,Kropisht Castle,castle,Albania
http://www.wikidata.org/entity/Q19844,Castle of Rivoli,castle | art museum,Italy
http://www.wikidata.org/entity/Q8342447,Castell de Maús,castle,Spain
http://www.wikidata.org/entity/Q83718850,Château fort d'Hacqueville,castle,France
http://www.wikidata.org/entity/Q55684,Castell-Palau dels Aguilar,castle | tourist attraction | Monument (Spain),Spain
http://www.wikidata.org/entity/Q5118776,Château de Grèzes,castle,France
http://www.wikidata.org/entity/Q17333295,Castello delle Quattro Torra,castle,Italy
http://www.wikidata.org/entity/Q5756917,Castillo-Palacio de Magalia,castle,Spain
http://www.wikidata.org/entity/Q9386572,Imperial Castle in Wrocław,castle,Poland
http://www.wikidata.org/entity/Q116150608,Castle of Capraina,castle | citadel,Greece
http://www.wikidata.org/entity/Q2968018,Vieux Château de Jourgnac,castle,France
http://www.wikidata.org/entity/Q72628406,Château de Tanay,castle,France
http://www.wikidata.org/entity/Q1011348,Chudý hrádek,hillfort | castle | castle ruin,Czech Republic
http://www.wikidata.org/entity/Q5049848,Castle of Crato,castle | cultural heritage,Portugal
http://www.wikidata.org/entity/Q1011089,Burg Bocksberg,castle | archaeological site,Germany
http://www.wikidata.org/entity/Q78661102,Château de Retourtour,castle,France
http://www.wikidata.org/entity/Q2970501,Château de Saint-Cyr,castle,France
http://www.wikidata.org/entity/Q2967807,Château-Bas de Sedan,castle,France
http://www.wikidata.org/entity/Q1013890,Burg Schlierbach,castle,Germany
http://www.wikidata.org/entity/Q18524019,Castle of Sant'Eusanio Forconese,castle,Italy
http://www.wikidata.org/entity/Q24659805,Bailey Farm,castle,United Kingdom
http://www.wikidata.org/entity/Q108664809,Castle of Kattavia,castle,Greece
http://www.wikidata.org/entity/Q24661319,Holme Spinney,castle,United Kingdom
http://www.wikidata.org/entity/Q1015743,Burgstall Friesener Warte,castle | archaeological site,Germany
http://www.wikidata.org/entity/Q1787326,Château de Fougères-sur-Bièvre,castle,France
http://www.wikidata.org/entity/Q78660580,Château d'Entraygues,castle,France
http://www.wikidata.org/entity/Q3662329,Castello Lambertini,castle,Italy
http://www.wikidata.org/entity/Q113555722,Castello di Entella,castle,Italy
http://www.wikidata.org/entity/Q1011977,Burg Gleuel,castle,Germany
http://www.wikidata.org/entity/Q1015745,Burgstall Fronhofen,castle | archaeological site,Germany
http://www.wikidata.org/entity/Q29786391,Pfauenmoos Castle,architectural structure | castle,Switzerland
http://www.wikidata.org/entity/Q5050421,Castle of Terena,castle | cultural heritage,Portugal
http://www.wikidata.org/entity/Q15108180,Burg Affnang,castle,Austria
http://www.wikidata.org/entity/Q2242032,Schloß Landsberg,castle | château,Germany
http://www.wikidata.org/entity/Q1013099,Burg Megelolf,castle,Germany
http://www.wikidata.org/entity/Q1013004,Liw Castle,castle,Poland
http://www.wikidata.org/entity/Q109256161,Qal'at  Deir ez-Zor,castle,Syria
http://www.wikidata.org/entity/Q10976546,Castle of Chiriveta,castle,Spain
http://www.wikidata.org/entity/Q98222137,Cultural heritage D-4-6133-0283 in Plankenfels,castle | feature | Bodendenkmal,Germany
http://www.wikidata.org/entity/Q43124686,Castell de la Clua,castle,Spain
http://www.wikidata.org/entity/Q2550794,Wasserburg Daugendorf,castle,Germany
http://www.wikidata.org/entity/Q78661253,Château de Vernières,castle,France
http://www.wikidata.org/entity/Q1011302,Bítov Castle,castle,Czech Republic
http://www.wikidata.org/entity/Q2240531,Castle of Castellano,castle,Italy
http://www.wikidata.org/entity/Q13126929,Tump Terret Castle,castle | motte | archaeological site,United Kingdom
http://www.wikidata.org/entity/Q98169128,Cultural heritage D-6-5924-0105 in Gemünden am Main,castle | feature | Bodendenkmal,Germany
http://www.wikidata.org/entity/Q16619087,Castle Stożku,castle,Ukraine
http://www.wikidata.org/entity/Q39011418,Llysin Hillfort,castle,United Kingdom
http://www.wikidata.org/entity/Q9705152,Castelo de Doiras,monument | castle,Spain
http://www.wikidata.org/entity/Q5050352,Castle del Príncipe,castle,Cuba
http://www.wikidata.org/entity/Q109002829,Castello di Robbio,castle,Italy
http://www.wikidata.org/entity/Q43161008,Torre Cartagena,monument | castle,Spain
http://www.wikidata.org/entity/Q1013316,Niederalfingen Castle,castle,Germany
http://www.wikidata.org/entity/Q1015896,Burgstall Sand (Todtenweis),castle | archaeological site,Germany
http://www.wikidata.org/entity/Q30970084,Irishtown Castle,castle,Ireland
http://www.wikidata.org/entity/Q20957013,Tour de Moras,fortified house | castle,France
http://www.wikidata.org/entity/Q114002580,Castello di Santa Caterina,castle,Italy
http://www.wikidata.org/entity/Q1015806,Burgstall Kalham,castle | Burgstall,Austria
http://www.wikidata.org/entity/Q866366,Biskopskällaren,castle,Sweden
http://www.wikidata.org/entity/Q29927439,Château des Vidomnes,architectural structure | castle,Switzerland
http://www.wikidata.org/entity/Q73006881,Castello di Alagna,castle,Italy
http://www.wikidata.org/entity/Q6674369,Longtown Castle,castle,United Kingdom
http://www.wikidata.org/entity/Q37742578,Ruine Sonnenburg,castle,Austria
http://www.wikidata.org/entity/Q78660702,Château de Castel Noël,castle,France
http://www.wikidata.org/entity/Q24659469,Llanmelin Wood Lesser Enclosure,castle,United Kingdom
http://www.wikidata.org/entity/Q126485367,Castillo de Bolaños de Campos,castle,
http://www.wikidata.org/entity/Q5118770,Château de Flamarens,castle,France
http://www.wikidata.org/entity/Q24659535,Hughs Castle,castle,United Kingdom
http://www.wikidata.org/entity/Q8342260,Castell de Centelles,castle,Spain
http://www.wikidata.org/entity/Q17992563,Castle of Salvaterra,castle,Italy
http://www.wikidata.org/entity/Q7383418,Ruthven Castle,castle,United Kingdom
http://www.wikidata.org/entity/Q22969956,Castillo de Mogollones,castle,Spain
http://www.wikidata.org/entity/Q111525449,Castello di Roccaforzata,castle,Italy
http://www.wikidata.org/entity/Q3662609,Castello di Francavilla Fontana,castle,Italy
http://www.wikidata.org/entity/Q17596313,Castell de la Saira,castle,Spain
http://www.wikidata.org/entity/Q28713977,Narin Castle,castle | cultural property,Iran
http://www.wikidata.org/entity/Q380298,Laxenburg castles,English garden | castle,Austria
http://www.wikidata.org/entity/Q15108296,Burg Tennstedt,castle,Germany
http://www.wikidata.org/entity/Q17770044,Gight Castle,castle,United Kingdom
http://www.wikidata.org/entity/Q5049762,Castle of Bragança,castle | cultural heritage,Portugal
http://www.wikidata.org/entity/Q108083855,Qosun Castle,castle,Iran
http://www.wikidata.org/entity/Q14333100,Burg Waldstetten,castle,Germany
http://www.wikidata.org/entity/Q576151,Castle of Alcúdia de Veo,monument | castle,Spain
http://www.wikidata.org/entity/Q2969507,Krasiczyn Castle,castle,Poland
http://www.wikidata.org/entity/Q83719768,Château fort la Criquetière,castle,France
http://www.wikidata.org/entity/Q117313840,Castello di Mirafiori,castle | palace,Italy
http://www.wikidata.org/entity/Q113576839,Castello di Auditore,castle,Italy
http://www.wikidata.org/entity/Q12385635,Castelo de Castro Caldelas,monument | castle,Spain
http://www.wikidata.org/entity/Q2968124,Château d'Arnouville (Val-d'Oise),castle,France
http://www.wikidata.org/entity/Q1011900,Burg Fürth am Berg,castle | archaeological site,Germany
http://www.wikidata.org/entity/Q5892628,Chimarud Castle,castle,Iran
http://www.wikidata.org/entity/Q98273821,Cultural heritage D-3-6437-0037 in Hirschau,castle | château | feature | Bodendenkmal,Germany
http://www.wikidata.org/entity/Q39011261,Castell y Gwynt,castle,United Kingdom
http://www.wikidata.org/entity/Q24660256,Leeswood Hall Mound,castle,United Kingdom
http://www.wikidata.org/entity/Q55370149,Castello dei Paleologi,castle | museum of a public entity | archaeological museum,Italy
http://www.wikidata.org/entity/Q113585630,Castello Torlonia,castle,Italy
http://www.wikidata.org/entity/Q22969944,Castillo de Azagala,castle,Spain
http://www.wikidata.org/entity/Q83719558,Château fort de Romelfort,castle,France
http://www.wikidata.org/entity/Q3662521,Cairo Montenotte Castle,castle,Italy
http://www.wikidata.org/entity/Q5050288,Castle Salem,castle,Ireland
http://www.wikidata.org/entity/Q15108395,Burgstall Holzhausen,castle | archaeological site,Germany
http://www.wikidata.org/entity/Q19327083,Castle of Koroni,fortress | castle,Greece
http://www.wikidata.org/entity/Q17775426,Inglismaldie Castle,castle,United Kingdom
http://www.wikidata.org/entity/Q29476252,Beritsholm,castle,Sweden
http://www.wikidata.org/entity/Q83719632,Château fort de Thévalles,castle,France
http://www.wikidata.org/entity/Q128789251,Horodok castle,castle,Ukraine
http://www.wikidata.org/entity/Q11913081,Castell de Puimanyons,castle,Spain
http://www.wikidata.org/entity/Q8342304,Castell d'Esponellà,castle,Spain
http://www.wikidata.org/entity/Q113383450,Castle of Urusbergo,castle,Italy
http://www.wikidata.org/entity/Q3571970,Castle of Tornos,castle,Spain
http://www.wikidata.org/entity/Q1014089,"Burg Stein, Reichersberg",castle,Austria
http://www.wikidata.org/entity/Q70331928,Castello di Montericco,castle,Italy
http://www.wikidata.org/entity/Q98279192,Cultural heritage D-3-7138-0003 in Schierling (Oberpfalz),castle | Bodendenkmal | parish church | feature | preceding structure,Germany
http://www.wikidata.org/entity/Q33224519,Schloß Obermönsheim,castle,Germany
http://www.wikidata.org/entity/Q15108403,Burgstall Kraxlburg,castle | archaeological site,Germany
http://www.wikidata.org/entity/Q15232844,Kalaja,castle | old town,Montenegro
http://www.wikidata.org/entity/Q2420900,Château de Sainte-Pallaye,castle,France
http://www.wikidata.org/entity/Q24659341,Aberedw Motte,castle | motte,United Kingdom
http://www.wikidata.org/entity/Q1349096,Erdenburg,castle | archaeological site,Germany
http://www.wikidata.org/entity/Q3661981,Cassero Senese,castle,Italy
http://www.wikidata.org/entity/Q14906500,Papowo Biskupie Castle,castle,Poland
http://www.wikidata.org/entity/Q73000848,Castello dei Mosi,castle,Italy
http://www.wikidata.org/entity/Q97305607,Grennan Castle,castle,Ireland
http://www.wikidata.org/entity/Q97360057,Abuletaurt Castle,castle,Georgia
http://www.wikidata.org/entity/Q98279200,Cultural heritage D-3-7139-0212 in Schierling (Oberpfalz),castle | château | feature | Bodendenkmal,Germany
http://www.wikidata.org/entity/Q18482118,Rothes Castle,castle,United Kingdom
http://www.wikidata.org/entity/Q105155467,Schnabelburg castle ruin,castle | castle ruin,Switzerland
http://www.wikidata.org/entity/Q11913124,Castell de Vilafortuny,castle,Spain
http://www.wikidata.org/entity/Q1313378,Haus Dürffenthal,castle,Germany
http://www.wikidata.org/entity/Q436896,Altenburg,castle | Burgstall | Bodendenkmal,Germany
http://www.wikidata.org/entity/Q1011083,Plavecký hrad,castle | castle ruin,Slovakia
http://www.wikidata.org/entity/Q1012438,Hohensax Castle,castle | castle ruin,Switzerland
http://www.wikidata.org/entity/Q5881820,Heydarabad Castle,castle | cultural property,Iran
http://www.wikidata.org/entity/Q28671596,Castello Anguillara,castle,Italy
http://www.wikidata.org/entity/Q113341578,Castello di Monte Maggio,castle,Italy
http://www.wikidata.org/entity/Q17615519,Castell de Tost,castle,Spain
http://www.wikidata.org/entity/Q2461069,Turmhügelburg Woja,castle | archaeological site,Germany
http://www.wikidata.org/entity/Q11825562,Drachenburg,castle,Czech Republic
http://www.wikidata.org/entity/Q56358662,Mahtabi Castle,castle,Iran
http://www.wikidata.org/entity/Q7836587,Treago Castle,castle,United Kingdom
http://www.wikidata.org/entity/Q117822255,Listraina Castle,castle,Greece
http://www.wikidata.org/entity/Q7384956,Rye Castle Museum (Ypres Tower),castle | tower | local museum,United Kingdom
http://www.wikidata.org/entity/Q24660703,Long Buckby,castle,United Kingdom
http://www.wikidata.org/entity/Q1014516,Burg Weiler (Münzdorf),castle,Germany
http://www.wikidata.org/entity/Q78660615,Château de Beaulieu,castle,France
http://www.wikidata.org/entity/Q7162124,Pen y Clawdd Castle,castle | motte | archaeological site,United Kingdom
http://www.wikidata.org/entity/Q41381991,Burg Eggersberg,castle | chapel | archaeological site,Germany
http://www.wikidata.org/entity/Q1012015,Burg Grafenweiden,castle,Austria
http://www.wikidata.org/entity/Q7827157,Torrisdale Castle,castle,United Kingdom
http://www.wikidata.org/entity/Q880112,Schloss Berge,castle,Germany
http://www.wikidata.org/entity/Q115647722,Torre di Visione,castle,Italy
http://www.wikidata.org/entity/Q1015934,Burgstall Stumpfbühl,castle | archaeological site,Germany
http://www.wikidata.org/entity/Q20009101,Ezzelini Castle,castle,Italy
http://www.wikidata.org/entity/Q10283646,Žerotice Castle,castle | castle ruin,Czech Republic
http://www.wikidata.org/entity/Q1011369,Burg Coppenbrügge,castle,Germany
http://www.wikidata.org/entity/Q38614171,Castell Teirtut,castle,United Kingdom
http://www.wikidata.org/entity/Q26511510,Cop Castle,castle,United Kingdom
http://www.wikidata.org/entity/Q12157403,Staryi Zbarazh Castle,castle | cultural property,Ukraine
http://www.wikidata.org/entity/Q83719630,Château fort de Talmont,castle,France
http://www.wikidata.org/entity/Q113454322,Castel Bosco,destroyed building or structure | castle,Italy
http://www.wikidata.org/entity/Q9386538,Bytom Castle,castle,Poland
http://www.wikidata.org/entity/Q41397041,Cultural heritage D-4-79-161-5 in Tröstau,castle,Germany
http://www.wikidata.org/entity/Q2243975,Wasserleonburg,castle | château,Austria
http://www.wikidata.org/entity/Q1013729,Burg Rosenfeld,castle,Germany
http://www.wikidata.org/entity/Q317987,Schloss Neuburg (Bayern),castle,Germany
http://www.wikidata.org/entity/Q5894543,Heriduk Castle,castle,Iran
http://www.wikidata.org/entity/Q116150527,Castle of Faneromeni,castle,Greece
http://www.wikidata.org/entity/Q4993951,Ig Castle,castle | cultural heritage site in Slovenia,Slovenia
http://www.wikidata.org/entity/Q98275245,Cultural heritage D-3-6037-0013 in Neusorg,castle | château | feature | Bodendenkmal,Germany
http://www.wikidata.org/entity/Q5757447,Castillo de Molinicos,castle,Spain
http://www.wikidata.org/entity/Q20492288,Castillo de Ablitas,monument | castle,Spain
http://www.wikidata.org/entity/Q21936929,Torre de Darnac,castle | building,France
http://www.wikidata.org/entity/Q6415706,Kirkistown Castle,castle,United Kingdom
http://www.wikidata.org/entity/Q2248951,Château de la Motte-Glain,castle,France
http://www.wikidata.org/entity/Q3662814,Castello di Porrona,castle,Italy
http://www.wikidata.org/entity/Q1013060,Burg Mahlspüren,castle,Germany
http://www.wikidata.org/entity/Q60838881,Castellaccio,castle,Italy
http://www.wikidata.org/entity/Q19256331,Castell de Cantallops,castle,Spain
http://www.wikidata.org/entity/Q55757966,Uixó Castle,monument | castle,Spain
http://www.wikidata.org/entity/Q5953247,Fujairah Fort,castle,United Arab Emirates
http://www.wikidata.org/entity/Q323457,Charenza,castle,Germany
http://www.wikidata.org/entity/Q108605466,Dunglass Castle,castle,United Kingdom
http://www.wikidata.org/entity/Q17677449,Post-medieval pottery kiln 360m NNE of the Castle,castle,United Kingdom
http://www.wikidata.org/entity/Q126824690,Headford Castle,castle,Ireland
http://www.wikidata.org/entity/Q113292468,Castello di Paventa,castle,Italy
http://www.wikidata.org/entity/Q24661639,Welshwood Farm,castle,United Kingdom
http://www.wikidata.org/entity/Q15943887,Château de Beaumont,castle,France
http://www.wikidata.org/entity/Q112322971,Castello di Montecchio,castle,Italy
http://www.wikidata.org/entity/Q29884499,Castello Svevo,castle,Italy
http://www.wikidata.org/entity/Q106077273,Castel d'Alfero,castle,Italy
http://www.wikidata.org/entity/Q1011551,Burg Ehrenstein,castle,Germany
http://www.wikidata.org/entity/Q2474142,Uhlenburg,castle,Germany
http://www.wikidata.org/entity/Q24658682,Hamstead Marshall 3,castle,United Kingdom
http://www.wikidata.org/entity/Q67649582,Castello Brancaccio,castle,Italy
http://www.wikidata.org/entity/Q17596848,Castell palau de Boadella,castle,Spain
http://www.wikidata.org/entity/Q113303927,Castello di Monte Cerro,castle,Italy
http://www.wikidata.org/entity/Q17596882,Castellet de la Terreta,castle,Spain
http://www.wikidata.org/entity/Q83719744,Château fort du Rocher,castle,France
http://www.wikidata.org/entity/Q124804615,Burggravensteen,castle,Netherlands
http://www.wikidata.org/entity/Q2376049,Castillo de Santacara,castle,Spain
http://www.wikidata.org/entity/Q5118832,Château de Rudelle,castle,France
http://www.wikidata.org/entity/Q108612431,Castle of Dokos,castle,Greece
http://www.wikidata.org/entity/Q31074286,Castell de Cabra,castle,Spain
http://www.wikidata.org/entity/Q43121815,Vilar Castle,castle,Spain
http://www.wikidata.org/entity/Q2652207,Herstmonceux Castle,castle,United Kingdom
http://www.wikidata.org/entity/Q1531449,Glimmingehus,castle | heritage site in Sweden | tourist attraction,Sweden
http://www.wikidata.org/entity/Q1157384,Château de Dagsbourg,castle,France
http://www.wikidata.org/entity/Q5756920,Palau dels Milà i Aragó,monument | castle,Spain
http://www.wikidata.org/entity/Q113574500,Castello di Montefiore,castle,Italy
http://www.wikidata.org/entity/Q5049805,Castelo de Nisa,castle | cultural heritage | fortress,Portugal
http://www.wikidata.org/entity/Q1011343,Château de Castelbouc,castle | château,France
http://www.wikidata.org/entity/Q113383451,Castle of Zuccola,castle,Italy
http://www.wikidata.org/entity/Q1014140,Stockburg,castle,Germany
http://www.wikidata.org/entity/Q43134779,Castillo Vacar,monument | castle | human settlement,Spain
http://www.wikidata.org/entity/Q19367859,Castell de Pelacalç,castle,Spain
http://www.wikidata.org/entity/Q2664300,Burg Dotternhausen,castle,Germany
http://www.wikidata.org/entity/Q107553193,Rocca di Corzano,castle,Italy
http://www.wikidata.org/entity/Q59584762,Castello di Solignano,castle,Italy
http://www.wikidata.org/entity/Q115729619,Saint Anthony church,castle,Italy
http://www.wikidata.org/entity/Q2969442,Château de Joyeuse,castle,France
http://www.wikidata.org/entity/Q108731565,Castle of Amorgos,castle,Greece
http://www.wikidata.org/entity/Q113375591,Castello di Torrione,castle,Italy
http://www.wikidata.org/entity/Q2078555,Dolbadarn Castle,castle of the Welsh princes | castle,United Kingdom
http://www.wikidata.org/entity/Q2970617,Château de Sampigny,castle,France
http://www.wikidata.org/entity/Q5900590,Castle Hill,hill | castle,Iran
http://www.wikidata.org/entity/Q113383510,Castelraimondo,castle,Italy
http://www.wikidata.org/entity/Q113383449,Castle of Orzone,castle,Italy
http://www.wikidata.org/entity/Q113563822,Castello di Guzzetta,castle,Italy
http://www.wikidata.org/entity/Q30228203,Karłowice Castle,castle,Poland
http://www.wikidata.org/entity/Q1529151,Glamis Castle,castle | country house | historic house museum,United Kingdom
http://www.wikidata.org/entity/Q22833454,Castle of Peroniel,castle,Spain
http://www.wikidata.org/entity/Q606233,Veliki Tabor Castle,castle,Croatia
http://www.wikidata.org/entity/Q8342513,Castell de Queralt (Bellprat),castle,Spain
http://www.wikidata.org/entity/Q104207379,Burgruine Hirzere,castle | castle ruin,Switzerland
http://www.wikidata.org/entity/Q111521711,Castello di Ceglie,castle,Italy
http://www.wikidata.org/entity/Q78661152,Château de Saint Cirq Lapopie,castle,France
http://www.wikidata.org/entity/Q1010913,Burg Baustetten,castle,Germany
http://www.wikidata.org/entity/Q1441479,Uznaberg castle ruins,castle | castle ruin,Switzerland
http://www.wikidata.org/entity/Q2167050,Ancien château,castle | château | castle ruin,France
http://www.wikidata.org/entity/Q30973994,Blundell Castle,castle,Ireland
http://www.wikidata.org/entity/Q2969742,Château de Lourdon,castle | château,France
http://www.wikidata.org/entity/Q2971661,Château du Châtelard,castle,France
http://www.wikidata.org/entity/Q5049786,Castle of Lanhoso,castle | cultural heritage,Portugal
http://www.wikidata.org/entity/Q2971039,Château de Viré,castle,France
http://www.wikidata.org/entity/Q2388424,Ewsum,architectural ensemble | castle,Netherlands
http://www.wikidata.org/entity/Q12016862,Frankštát,castle,Czech Republic
http://www.wikidata.org/entity/Q112317741,Castello di Vezio,castle,Italy
http://www.wikidata.org/entity/Q55386591,Castello di Peschici,castle | historical park museum | military museum building,Italy
http://www.wikidata.org/entity/Q104208078,Ruine Terenstein,castle | castle ruin,Switzerland
http://www.wikidata.org/entity/Q2166293,Château de Buffières,castle,France
http://www.wikidata.org/entity/Q576102,Castell d'Olocau del Rei,castle,Spain
http://www.wikidata.org/entity/Q107611832,Burg Bordenau,castle | Burgstall,Germany
http://www.wikidata.org/entity/Q28662709,Castle of Somed,castle,Spain
http://www.wikidata.org/entity/Q1016006,Burgstelle Isenburg,castle,Germany
http://www.wikidata.org/entity/Q17830052,Ladyland Castle,castle,United Kingdom
http://www.wikidata.org/entity/Q43135550,Castillo de Peñas,monument | castle,Spain
http://www.wikidata.org/entity/Q18005236,Castel Madruzzo,castle,Italy
http://www.wikidata.org/entity/Q5516655,Gaer Penrhôs,castle,United Kingdom
http://www.wikidata.org/entity/Q24660951,Arlington Castle,castle,United Kingdom
http://www.wikidata.org/entity/Q63871678,Burg Nordhausen,castle,Germany
http://www.wikidata.org/entity/Q20973558,Castillo de Montán,castle,Spain
http://www.wikidata.org/entity/Q1207797,Dhünnenburg,castle,Germany
http://www.wikidata.org/entity/Q1639496,Piepenkopf,castle | spur castle | archaeological site,Germany
http://www.wikidata.org/entity/Q38283786,Castle of Thivas (Pyrgos Saint Omer),castle,Greece
http://www.wikidata.org/entity/Q15851728,Turmhügel Tröglersricht,castle | Burgstall | Bodendenkmal,Germany
http://www.wikidata.org/entity/Q67014218,Cavazzi Castle,castle,Italy
http://www.wikidata.org/entity/Q1012691,Ruine Klöch,castle | ruins,Austria
http://www.wikidata.org/entity/Q55201123,Weedon Lois Castle Mound,castle,United Kingdom
http://www.wikidata.org/entity/Q3509590,Reichenštejn,castle | castle ruin,Czech Republic
http://www.wikidata.org/entity/Q30974479,Dundrum Castle,castle,Ireland
http://www.wikidata.org/entity/Q1012182,Burg Hammerstein,castle | cultural heritage monument in Germany,Germany
http://www.wikidata.org/entity/Q24661283,Barton upon Humber Castle,castle,United Kingdom
http://www.wikidata.org/entity/Q24659310,Tre Domen Mound,castle,United Kingdom
http://www.wikidata.org/entity/Q20985545,Castell de Conill,castle,Spain
http://www.wikidata.org/entity/Q11952264,Castell d'Ivorra,castle,Spain
http://www.wikidata.org/entity/Q2389189,Doe Castle,castle,Ireland
http://www.wikidata.org/entity/Q15793102,list of former castle sites in Munich,castle,Germany
http://www.wikidata.org/entity/Q53940622,Nieuwenborgh,castle,Belgium
http://www.wikidata.org/entity/Q97633823,Castillo de la Estrella,castle,Spain
http://www.wikidata.org/entity/Q3662099,Kaldiff Castle,castle,Italy
http://www.wikidata.org/entity/Q106053846,Castello di Monfestino,castle,Italy
http://www.wikidata.org/entity/Q15790369,Burg Semdach,castle,Germany
http://www.wikidata.org/entity/Q80095746,Castello di Landiona,castle,Italy
http://www.wikidata.org/entity/Q24653223,Castle Caldwell,castle,United Kingdom
http://www.wikidata.org/entity/Q3662591,Cuasso Castle,castle,Italy
http://www.wikidata.org/entity/Q113292467,Castello di Monte Alto,castle,Italy
http://www.wikidata.org/entity/Q1589230,Borgholm Castle,castle | heritage site in Sweden | tourist attraction | ancient monument | ruins | cultural property | architectural ensemble,Sweden
http://www.wikidata.org/entity/Q109378015,Castello di Fontanedo,castle,Italy
http://www.wikidata.org/entity/Q13129039,Bedford Castle,motte-and-bailey castle | castle | motte | enclosure,United Kingdom
http://www.wikidata.org/entity/Q5118839,Château de Saint-Jory,castle,France
http://www.wikidata.org/entity/Q43125908,Castell de Rocallaura,castle,Spain
http://www.wikidata.org/entity/Q113163616,Castello dei Marchesi del Carretto,castle,Italy
http://www.wikidata.org/entity/Q97604417,Castillo del Puente de Castilla,castle,Spain
http://www.wikidata.org/entity/Q38598593,Brynhyfryd Mound,castle,United Kingdom
http://www.wikidata.org/entity/Q113574294,Castello Magalotti,castle,Italy
http://www.wikidata.org/entity/Q3662923,Castle of Torrate,castle,Italy
http://www.wikidata.org/entity/Q12093369,Vinnytsia Castle,castle,Ukraine
http://www.wikidata.org/entity/Q21530318,Castell de Toudell,castle,Spain
http://www.wikidata.org/entity/Q1531010,Glenkindie House,castle | country house,United Kingdom
http://www.wikidata.org/entity/Q61468184,Castle of Lacore,castle,Italy
http://www.wikidata.org/entity/Q17673952,Red Castle,castle | archaeological site,United Kingdom
http://www.wikidata.org/entity/Q2716995,Belfast Castle,castle,United Kingdom
http://www.wikidata.org/entity/Q105923687,Bakva Castle,castle,Croatia
http://www.wikidata.org/entity/Q37973238,Ehem. Salzburgerhof,castle,Austria
http://www.wikidata.org/entity/Q83719063,Château fort de Chiché,castle,France
http://www.wikidata.org/entity/Q2971711,Château du Hallier,castle,France
http://www.wikidata.org/entity/Q108664457,Castle of Kokkino Nero,castle,Greece
http://www.wikidata.org/entity/Q6150452,Castillo de San Esteban,monument | castle,Spain
http://www.wikidata.org/entity/Q78661068,Château de Penhoat,castle,France
http://www.wikidata.org/entity/Q24661767,Bratton Fleming Mound,castle,United Kingdom
http://www.wikidata.org/entity/Q108929343,el Castellot,castle,Spain
http://www.wikidata.org/entity/Q78661008,Château de Montferrand,castle,France
http://www.wikidata.org/entity/Q1012431,Burg Hohenrangendingen,castle,Germany
http://www.wikidata.org/entity/Q28713769,Bidesgan Castle,castle | cultural property,Iran
http://www.wikidata.org/entity/Q2971387,Château de la Rousselière,castle,France
http://www.wikidata.org/entity/Q106075211,Castello di Sassatello,castle,Italy
http://www.wikidata.org/entity/Q11986048,Václavský hrad,castle,Czech Republic
http://www.wikidata.org/entity/Q9386764,Castle in Wąsosz,castle,Poland
http://www.wikidata.org/entity/Q2242466,Schloss Monrepos,castle | château,Germany
http://www.wikidata.org/entity/Q30738672,Château de l'Estang,castle | château,France
http://www.wikidata.org/entity/Q24659367,Tir Bach,castle,United Kingdom
http://www.wikidata.org/entity/Q29932898,Schloss Marthalen,castle | barn | architectural structure,Switzerland
http://www.wikidata.org/entity/Q25043376,Kajuru Castle,castle | tourist attraction,Nigeria
http://www.wikidata.org/entity/Q26507043,Rock Castle,castle,United Kingdom
http://www.wikidata.org/entity/Q3662377,Castello Sonnino,castle,Italy
http://www.wikidata.org/entity/Q39009958,Nant yr Arian Castle,castle,United Kingdom
http://www.wikidata.org/entity/Q976371,Genoels-Elderen Castle,castle | château,Belgium
http://www.wikidata.org/entity/Q113686220,Walsall Castle,castle | manor house | fortified manor house | moated site,United Kingdom
http://www.wikidata.org/entity/Q5757787,Castillo del Real,monument | castle,Spain
http://www.wikidata.org/entity/Q4895198,Castell d'Ambra,monument | castle,Spain
http://www.wikidata.org/entity/Q1013113,Burg Merlau,castle,Germany
http://www.wikidata.org/entity/Q15944503,Château de La Tour-d'Aigues,castle,France
http://www.wikidata.org/entity/Q11913012,Castell de Biure,castle,Spain
http://www.wikidata.org/entity/Q7241848,"Preston Castle, Lancashire",castle,United Kingdom
http://www.wikidata.org/entity/Q21077267,Castell de l'Ofegat,castle,Spain
http://www.wikidata.org/entity/Q102039655,Castillo de Almonaster la Real,castle,Spain
http://www.wikidata.org/entity/Q1010984,Burg Beuggen,castle,Germany
http://www.wikidata.org/entity/Q56397457,Riniasa Castle,castle | archaeological site,Greece
http://www.wikidata.org/entity/Q17596355,Castell de Llobera,castle,Spain
http://www.wikidata.org/entity/Q5757755,"Rojas Castle, Poza de la Sal",castle,Spain
http://www.wikidata.org/entity/Q19608555,Castillo de Vila Boim,castle,Portugal
http://www.wikidata.org/entity/Q71827006,medieval castle of Aviano,castle,Italy
http://www.wikidata.org/entity/Q317023,Falkenstein Castle,castle,Germany
http://www.wikidata.org/entity/Q16538157,Attendolo Bolognini Castle,castle,Italy
http://www.wikidata.org/entity/Q5118746,Château de Bouvées,castle,France
http://www.wikidata.org/entity/Q436912,Altenburg (Wolfstein),castle,Germany
http://www.wikidata.org/entity/Q106081802,Castello di Mucinasso,castle,Italy
http://www.wikidata.org/entity/Q435429,Alte Burg (Bad Münstereifel),castle | archaeological site,Germany
http://www.wikidata.org/entity/Q2241885,Schloss Klingenstein,castle | château,Austria
http://www.wikidata.org/entity/Q1013938,Burg Schwarzenstein (Geisenheim),castle,Germany
http://www.wikidata.org/entity/Q9386509,Castle Bolczów,castle,Poland
http://www.wikidata.org/entity/Q2970897,Château de Valon,castle,France
http://www.wikidata.org/entity/Q126709592,Fort De Schans,castle,
http://www.wikidata.org/entity/Q2971435,Château de la Valade,castle | château,France
http://www.wikidata.org/entity/Q4185852,Castle of Monteagudo,monument | castle,Spain
http://www.wikidata.org/entity/Q112278485,Castello di Casigliano,castle,Italy
http://www.wikidata.org/entity/Q11913130,Castell de l'Espluga,castle,Spain
http://www.wikidata.org/entity/Q1010856,Burg Asselfingen,castle,Germany
http://www.wikidata.org/entity/Q24660476,Combs Castle,castle,United Kingdom
http://www.wikidata.org/entity/Q78661336,Château des Seigneurs de Luzy,castle,France
http://www.wikidata.org/entity/Q1572105,Herzberg Castle,castle | château,Germany
http://www.wikidata.org/entity/Q5897450,Chanef Castle,castle,Iran
http://www.wikidata.org/entity/Q18003866,Castell de Talavera,castle,Spain
http://www.wikidata.org/entity/Q108612756,Castle of Zaggoli,castle,Greece
http://www.wikidata.org/entity/Q5577057,Castell Vell de Rosanes,castle,Spain
http://www.wikidata.org/entity/Q2968314,Château d'Ordon,castle,France
http://www.wikidata.org/entity/Q4819380,Auchen Castle,castle,United Kingdom
http://www.wikidata.org/entity/Q8342223,Castell de Clasquerí,castle,Spain
http://www.wikidata.org/entity/Q105942806,Erdut Castle,castle | castle ruin,Croatia
http://www.wikidata.org/entity/Q1012834,Landsöhr Castle,castle,Germany
http://www.wikidata.org/entity/Q3662402,Castello d'Albio,castle,Switzerland
http://www.wikidata.org/entity/Q24661846,Evenjobb Motte,castle | motte,United Kingdom
http://www.wikidata.org/entity/Q4852284,Ballyroney Castle,castle,United Kingdom
http://www.wikidata.org/entity/Q5757275,Castillo de Davalillo,castle,Spain
http://www.wikidata.org/entity/Q24659510,Vianshill,castle | round barrow | mound,United Kingdom
http://www.wikidata.org/entity/Q3939475,Rocca di Fregiano,castle,Italy
http://www.wikidata.org/entity/Q12160680,Terebovlia Castle,castle,Ukraine | Austria-Hungary | Austrian Empire
http://www.wikidata.org/entity/Q315120,Maus Castle,castle,Germany
http://www.wikidata.org/entity/Q21865003,Schloss Rain,castle,Austria
http://www.wikidata.org/entity/Q2970460,Château de Rully,castle,France
http://www.wikidata.org/entity/Q17530474,Naworth Castle,castle,United Kingdom
http://www.wikidata.org/entity/Q19594016,Castell de Llanera,castle,Spain
http://www.wikidata.org/entity/Q41215115,Kampenwandstraße 90,castle,Germany
http://www.wikidata.org/entity/Q30892460,Sardjik,castle,Ukraine | Russia
http://www.wikidata.org/entity/Q1013229,Burg Neu-Dernbach,castle,Germany
http://www.wikidata.org/entity/Q24023391,Castillo de Fuste,monument | castle | fort,Spain
http://www.wikidata.org/entity/Q29438019,Castello di Rivalta,castle,Italy
http://www.wikidata.org/entity/Q17595924,Castell de Bàscara,monument | castle,Spain
http://www.wikidata.org/entity/Q2664409,Burg Roggenstein,castle,Germany
http://www.wikidata.org/entity/Q5298134,Dornoch Castle,castle,United Kingdom
http://www.wikidata.org/entity/Q2278738,Château de Meauce,castle,France
http://www.wikidata.org/entity/Q3744576,Koknese Castle,castle,Latvia
http://www.wikidata.org/entity/Q107214445,Fortezza Albornoz,fortress | castle,Italy
http://www.wikidata.org/entity/Q21294325,Château de Thuriès,castle,France
http://www.wikidata.org/entity/Q85775044,Kubaka Castle,castle | gusuku,Japan
http://www.wikidata.org/entity/Q67772115,Rocca Alpini,castle,Italy
http://www.wikidata.org/entity/Q3662784,Castello di Palo,castle,Italy
http://www.wikidata.org/entity/Q56450476,Castle of Symi,castle,Greece
http://www.wikidata.org/entity/Q57400348,Castello di Besnate,castle,Italy
http://www.wikidata.org/entity/Q1015678,Burgstall Altneuhaus,castle | archaeological site,Germany
http://www.wikidata.org/entity/Q1014210,Burg Tannenfels,castle,Germany
http://www.wikidata.org/entity/Q2664358,Burg Kürnberg,castle,Austria
http://www.wikidata.org/entity/Q3579535,Sigulda New Castle,castle | manor house,Latvia
http://www.wikidata.org/entity/Q2363824,Suhlburg,castle,Germany
http://www.wikidata.org/entity/Q1014755,Šternberk Castle,castle,Czech Republic
http://www.wikidata.org/entity/Q2971424,Château de la Tranchade,castle,France
http://www.wikidata.org/entity/Q20399848,Al-Jahili Fort,castle,United Arab Emirates
http://www.wikidata.org/entity/Q2971369,Château de la Roche Faton,castle,France
http://www.wikidata.org/entity/Q1010859,Burg Auchtbühl,castle,Germany
http://www.wikidata.org/entity/Q1013817,Burg Sassenberg,castle,Germany
http://www.wikidata.org/entity/Q2272243,Vyborg Castle,castle,Russia
http://www.wikidata.org/entity/Q8342581,Castell de Toló,castle,Spain
http://www.wikidata.org/entity/Q43134866,Castillo Peñas del Cid,monument | castle,Spain
http://www.wikidata.org/entity/Q25164049,Apolichnon Castle,castle,Greece
http://www.wikidata.org/entity/Q112317749,Castello Vimercati Sozzi,castle,Italy
http://www.wikidata.org/entity/Q1013948,Burg Schweinsberg,castle,Germany
http://www.wikidata.org/entity/Q24661450,Boughton,castle,United Kingdom
http://www.wikidata.org/entity/Q39006564,Castle Hill,castle,United Kingdom
http://www.wikidata.org/entity/Q104764506,Springe Castle,castle,Germany
http://www.wikidata.org/entity/Q97628695,Castillo,monument | castle,Spain
http://www.wikidata.org/entity/Q2892716,Castell de Sagunt,castle,Spain
http://www.wikidata.org/entity/Q4411170,Sibbesborg,hillfort | castle,Finland
http://www.wikidata.org/entity/Q1678348,Schloss Fröhliche Wiederkunft,architectural structure | castle,Germany
http://www.wikidata.org/entity/Q1398715,Hasenburg,castle,Germany
http://www.wikidata.org/entity/Q20679291,Castell de la Figuera de l'Aguda,castle,Spain
http://www.wikidata.org/entity/Q33224837,Weißenstein,castle,Germany
http://www.wikidata.org/entity/Q55378879,Castello Pasquini,castle,Italy
http://www.wikidata.org/entity/Q3662407,Castello de Zanna,castle,Italy
http://www.wikidata.org/entity/Q1696293,Schloss Ochsenburg,castle | château,Austria
http://www.wikidata.org/entity/Q5757760,Castillo (Álora),monument | castle,Spain
http://www.wikidata.org/entity/Q1015855,Burgstall Nussburg,castle,Germany
http://www.wikidata.org/entity/Q14545641,Schloss Friedberg,castle | château,Austria
http://www.wikidata.org/entity/Q1422235,Pembroke Castle,castle | archaeological site,United Kingdom
http://www.wikidata.org/entity/Q3286388,Manoir des Pautis,castle | château,France
http://www.wikidata.org/entity/Q5046392,Carriganass Castle,castle,Ireland
http://www.wikidata.org/entity/Q33665752,Castle of Ferrera,castle | archaeological site,Spain
http://www.wikidata.org/entity/Q21127002,Mota de Mossellons,castle,France
http://www.wikidata.org/entity/Q1594204,Heidenschuh,castle,Germany
http://www.wikidata.org/entity/Q2096149,Markree Castle,castle,Ireland
http://www.wikidata.org/entity/Q6898936,Monellan Castle,castle,Ireland
http://www.wikidata.org/entity/Q113376017,Castello dei Clarafuentes,castle,Italy
http://www.wikidata.org/entity/Q27991468,Burg Feuerstein,castle,Germany
http://www.wikidata.org/entity/Q53678267,Castello Boncompagni-Ludovisi,castle,Italy
http://www.wikidata.org/entity/Q106448437,Rocca de' Ghislanzoni,castle,Italy
http://www.wikidata.org/entity/Q5836509,Castillo-Mezquita Ermita de la Virgen de Gracia,castle | mosque | aljibe | alcazaba | monument | human settlement | hermitage church | archaeological site,Spain
http://www.wikidata.org/entity/Q1821831,Castle of Pesteils,castle,France
http://www.wikidata.org/entity/Q11930512,La Força d'Araós,destroyed building or structure | castle,Spain
http://www.wikidata.org/entity/Q1014793,Burgbasteien,castle | park | roundel bastion,Germany
http://www.wikidata.org/entity/Q1013715,Roimund (Castle),castle | castle ruin,Czech Republic
http://www.wikidata.org/entity/Q17596507,Castle of Planes,castle,Spain
http://www.wikidata.org/entity/Q27919200,Svislač Castle,castle,Belarus
http://www.wikidata.org/entity/Q10679312,Stensö Castle,castle,Sweden
http://www.wikidata.org/entity/Q15940242,Château de Rathsamhausen,castle,France
http://www.wikidata.org/entity/Q83719029,Château fort de Chateauneuf,castle,France
http://www.wikidata.org/entity/Q56366703,Creagh Castle,castle,Ireland
http://www.wikidata.org/entity/Q2971167,Château de la Brunière,castle,France
http://www.wikidata.org/entity/Q2188774,Château de Chémery,castle,France
http://www.wikidata.org/entity/Q2241284,Château de Gratot,castle,France
http://www.wikidata.org/entity/Q30889627,Castello D'Alessandro,castle,Italy
http://www.wikidata.org/entity/Q1012732,Burg Krenkingen,castle,Germany
http://www.wikidata.org/entity/Q17830845,Knock Old Castle,castle,United Kingdom
http://www.wikidata.org/entity/Q5050428,Castle of Torremormojón,monument | castle,Spain
http://www.wikidata.org/entity/Q17640932,Orcop Castle,castle,United Kingdom
http://www.wikidata.org/entity/Q17596292,Castell de la Morera,castle,Spain
http://www.wikidata.org/entity/Q104218059,Château de Préverenges,castle | château,Switzerland
http://www.wikidata.org/entity/Q944407,Burgruine Dietrichstein,castle | cultural property,Austria
http://www.wikidata.org/entity/Q1014249,Burg Tittmoning,castle | archaeological site,Germany
http://www.wikidata.org/entity/Q6503659,Sitna Fortress,castle,Belarus
http://www.wikidata.org/entity/Q97634242,Castillo,monument | castle,Spain
http://www.wikidata.org/entity/Q1013464,Pecka Castle,castle | castle ruin,Czech Republic
http://www.wikidata.org/entity/Q38600028,Oldcastle Bridgend,castle,United Kingdom
http://www.wikidata.org/entity/Q57736537,Castel Giovo,castle,Italy
http://www.wikidata.org/entity/Q1014036,Burg Spitzenberg,castle | castle ruin,Germany
http://www.wikidata.org/entity/Q108873344,Castell de la Pertusa,castle,Spain
http://www.wikidata.org/entity/Q78660930,Château de Lostanges,castle,France
http://www.wikidata.org/entity/Q2971258,Château de la Grézille,castle,France
http://www.wikidata.org/entity/Q106077842,Borgo di Rizzolo,castle,Italy
http://www.wikidata.org/entity/Q15943911,Château de la Touanne,castle,France
http://www.wikidata.org/entity/Q5118747,Château de Brax,castle,France
http://www.wikidata.org/entity/Q107336550,Ennenburg,castle,Germany
http://www.wikidata.org/entity/Q113623739,Fort Al Kabibat,castle,Morocco
http://www.wikidata.org/entity/Q29367869,Castillo de Luzás,castle,Spain
http://www.wikidata.org/entity/Q112323183,Castello di Bisciaro,castle,Italy
http://www.wikidata.org/entity/Q73016733,Castello Bonoris,castle,Italy
http://www.wikidata.org/entity/Q894433,Bosjökloster,monastery | castle | architectural ensemble,Sweden
http://www.wikidata.org/entity/Q24659564,Dingstopple Castle Mound,castle | motte,United Kingdom
http://www.wikidata.org/entity/Q1637359,Hunburg,castle,Germany
http://www.wikidata.org/entity/Q21608494,Kasteel Terbiest Sint-Truiden,castle | château,Belgium
http://www.wikidata.org/entity/Q78659405,Château Le Bois Chatelain,castle | château,France
http://www.wikidata.org/entity/Q4451431,Taplacken Castle,castle | destroyed building or structure | architectural landmark,Russia
http://www.wikidata.org/entity/Q24661395,Old Castle,castle | earthworks,United Kingdom
http://www.wikidata.org/entity/Q29345556,Castillo de Torrijo de la Cañada,castle,Spain
http://www.wikidata.org/entity/Q3662420,Castello del Boccale,castle,Italy
http://www.wikidata.org/entity/Q61457115,Castello di Pietracravina,castle,Italy
http://www.wikidata.org/entity/Q111525568,Castello Bussentino,castle,Italy
http://www.wikidata.org/entity/Q108612727,Castle of Vervas,castle,Greece
http://www.wikidata.org/entity/Q98059395,Gor River Megalithic Landscape,village | pillbox | Roman villa | rock art | human settlement | tower | castle | dolmen | defensive wall | grave,Spain
http://www.wikidata.org/entity/Q113376015,Castello di Rivellino,castle,Italy
http://www.wikidata.org/entity/Q7298479,Rayleigh Castle,castle,United Kingdom
http://www.wikidata.org/entity/Q9705448,Castle of Mesía,monument | castle,Spain
http://www.wikidata.org/entity/Q2435862,Tinnumburg,castle,Germany
http://www.wikidata.org/entity/Q480760,Schloss Hersbruck,castle | château | manor house,Germany
http://www.wikidata.org/entity/Q4499767,Castillo de Aigües,castle,Spain
http://www.wikidata.org/entity/Q2968868,Château de Chantérac,castle | château,France
http://www.wikidata.org/entity/Q64212568,Torre del Monte,castle,Spain
http://www.wikidata.org/entity/Q2541190,Waldburg castle,castle,Germany
http://www.wikidata.org/entity/Q2971126,Château de la Barbée,castle,France
http://www.wikidata.org/entity/Q833772,Wiesenburg Castle,castle,Germany
http://www.wikidata.org/entity/Q78659844,Château de Haut Castel,castle,France
http://www.wikidata.org/entity/Q34318648,Castle of Malon,castle,Spain
http://www.wikidata.org/entity/Q24659315,Llangathen Castle,castle | fortified manor house,United Kingdom
http://www.wikidata.org/entity/Q125856398,Torrione Castle of Sandigliano,castle,Italy
http://www.wikidata.org/entity/Q15940520,Château de Combefort,castle,France
http://www.wikidata.org/entity/Q17624067,Castel Campo,castle,Italy
http://www.wikidata.org/entity/Q5118781,Château de Hohenack,castle,France
http://www.wikidata.org/entity/Q111523985,Castello di Ossena,castle,Italy
http://www.wikidata.org/entity/Q8342472,Castillo de Montizón,castle,Spain
http://www.wikidata.org/entity/Q43162242,Castillo de Bácor-Olivar,monument | castle,Spain
http://www.wikidata.org/entity/Q2970830,Château de Tournon,castle | château,France
http://www.wikidata.org/entity/Q41340233,Ruine der Burg Graisbach,castle,Germany
http://www.wikidata.org/entity/Q3286396,Manoir du Chatenet,castle | château,France
http://www.wikidata.org/entity/Q11913136,Castell de la Sala,castle,Spain
http://www.wikidata.org/entity/Q1014136,Stixenstein Castle,castle,Austria
http://www.wikidata.org/entity/Q2968368,Château d'Écharbot,castle,France
http://www.wikidata.org/entity/Q6508304,Liahavichy Castle,castle,Belarus
http://www.wikidata.org/entity/Q1780430,Pieskowa Skała,castle,Poland
http://www.wikidata.org/entity/Q573699,Dachau Palace,castle,Germany
http://www.wikidata.org/entity/Q2677480,Château Royal du Vivier,castle,France
http://www.wikidata.org/entity/Q28648975,Mittelalterliche Burganlage mit unregelmäßigen Innenhof: Palas in Henfenfeld,castle,Germany
http://www.wikidata.org/entity/Q2970675,Château de Senonnes,castle,France
http://www.wikidata.org/entity/Q21427054,Château de Serres,castle,France
http://www.wikidata.org/entity/Q16619035,Castle Nowej Czartorii,castle,Ukraine
http://www.wikidata.org/entity/Q12047871,Pěčín Castle,castle,Czech Republic
http://www.wikidata.org/entity/Q97631209,Torre del Homenaje del Castillo,bell tower | castle | Monument (Spain),Spain
http://www.wikidata.org/entity/Q1791142,Burg Löffelstelz,castle | castle ruin,Germany
http://www.wikidata.org/entity/Q1015997,Burgstelle Bol,castle,Germany
http://www.wikidata.org/entity/Q20430167,Haller Castle,castle,Romania
http://www.wikidata.org/entity/Q80112944,Castello di Recetto,castle,Italy
http://www.wikidata.org/entity/Q112278589,San Vito Castle,castle,Italy
http://www.wikidata.org/entity/Q105975420,Borland Castle,castle,United Kingdom
http://www.wikidata.org/entity/Q4777331,Antrim Castle,castle,United Kingdom
http://www.wikidata.org/entity/Q3939371,Rocca Albornoziana,castle | historical park museum | fortress,Italy
http://www.wikidata.org/entity/Q4889595,Castell de l'Alcalatén,monument | castle,Spain
http://www.wikidata.org/entity/Q215315,Kernavė,town | castle | hillfort | archaeological site,Lithuania
http://www.wikidata.org/entity/Q2970151,Château de Nozeroy,castle,France
http://www.wikidata.org/entity/Q3939497,Rocca del Brunelleschi,castle,Italy
http://www.wikidata.org/entity/Q569498,Anselburg,castle,Germany
http://www.wikidata.org/entity/Q1011069,Burg Blankenstein,castle | ruins,Germany
http://www.wikidata.org/entity/Q2968611,Château de Bostfranchet,castle | château,France
http://www.wikidata.org/entity/Q15108460,Burgstall Wenigmünchen,castle | archaeological site,Germany
http://www.wikidata.org/entity/Q25711744,Castillo de Cabra del Santo Cristo,village | monument | castle,Spain
http://www.wikidata.org/entity/Q15940434,Château de Quingey,castle,France
http://www.wikidata.org/entity/Q1013593,Burg Rauhenberg,castle,Germany
http://www.wikidata.org/entity/Q1257228,Samobor Castle,castle,Croatia
http://www.wikidata.org/entity/Q952229,Castle of Ermenonville,castle,France
http://www.wikidata.org/entity/Q49388342,Schreckenbergruine,castle,Germany
http://www.wikidata.org/entity/Q6482906,Lanark Castle,castle,United Kingdom
http://www.wikidata.org/entity/Q1228850,Neckarburg,castle,Germany
http://www.wikidata.org/entity/Q18368429,Ļaudonas viduslaiku pils,castle,Latvia
http://www.wikidata.org/entity/Q2884293,Castle of Benissanó,castle,Spain
http://www.wikidata.org/entity/Q1414824,Schloss Wildberg,castle | château,Austria
http://www.wikidata.org/entity/Q6150453,Tower of Pozal de Gallinas,castle,Spain
http://www.wikidata.org/entity/Q24704035,Farnières Castle,castle,Belgium
http://www.wikidata.org/entity/Q97629889,Castillo de Fuentetéjar,monument | castle,Spain
http://www.wikidata.org/entity/Q107525994,Burg Berne,castle,Germany
http://www.wikidata.org/entity/Q20589769,Mount Cop Castle Mound,motte-and-bailey castle | castle | motte,United Kingdom
http://www.wikidata.org/entity/Q83719451,Château fort de Montmorillon,castle,France
http://www.wikidata.org/entity/Q47169899,Castell d'Useu,castle,Spain
http://www.wikidata.org/entity/Q1475098,Tornow Gord,castle,Germany
http://www.wikidata.org/entity/Q1011022,Burg Bindstein,castle,Germany
http://www.wikidata.org/entity/Q113303913,Castello di Carpineto,castle,Italy
http://www.wikidata.org/entity/Q2153856,Ringgenburg (Esenhausen),castle,Germany
http://www.wikidata.org/entity/Q11912997,Castell d'Empordà,castle,Spain
http://www.wikidata.org/entity/Q1012212,Hasserode Castle,castle,Germany
http://www.wikidata.org/entity/Q1752559,Schloss Kapfenburg,castle | Schloss,Germany
http://www.wikidata.org/entity/Q17624145,Maccastorna Castle,castle,Italy
http://www.wikidata.org/entity/Q1012469,Holzheim Castle,castle,Germany
http://www.wikidata.org/entity/Q63226742,Castillo de San Diego,castle,Spain
http://www.wikidata.org/entity/Q15048580,Burgstall Raiten,castle | archaeological site,Germany
http://www.wikidata.org/entity/Q43134770,Castillo Medieval Cabeza de Vaca,monument | castle,Spain
http://www.wikidata.org/entity/Q5757580,Castle of San Pedro de Latarce,castle,Spain
http://www.wikidata.org/entity/Q1754745,Tarbert Castle,castle,United Kingdom
http://www.wikidata.org/entity/Q4852193,Ballylough Castle,castle,United Kingdom
http://www.wikidata.org/entity/Q1013605,Burg Regenpeilstein,castle | archaeological site,Germany
http://www.wikidata.org/entity/Q2968437,Château de Barbirey-sur-Ouche,castle,France
http://www.wikidata.org/entity/Q5960663,Junqan Castle,castle,Iran
http://www.wikidata.org/entity/Q1010703,Château d'Aguilar,castle,France
http://www.wikidata.org/entity/Q1012883,Château de Laval,castle,France
http://www.wikidata.org/entity/Q107411607,castle of San Michele,castle,Italy
http://www.wikidata.org/entity/Q2542628,Wallburg Sieben Gräben,castle,Germany
http://www.wikidata.org/entity/Q108885164,Castle of Chelmos,castle,Greece
http://www.wikidata.org/entity/Q11912979,Castle-Plaace of Zayd Abu Zayd,castle | tower,Spain
http://www.wikidata.org/entity/Q5757440,Miranda Castle,castle | archaeological site,Spain
http://www.wikidata.org/entity/Q21077264,Castell de Castelltort,castle,Spain
http://www.wikidata.org/entity/Q11934671,Malacara,castle | single entity of population,Spain
http://www.wikidata.org/entity/Q65315700,Ndroqi Castle,castle,Albania
http://www.wikidata.org/entity/Q700670,Bernstein Castle,castle,Austria
http://www.wikidata.org/entity/Q29345474,Castillo de Añués,castle,Spain
http://www.wikidata.org/entity/Q18431638,Castle in Lubawa,castle,Poland
http://www.wikidata.org/entity/Q56450484,Alimnia Castle,castle,Greece
http://www.wikidata.org/entity/Q287264,Křikava,castle | castle ruin,Czech Republic
http://www.wikidata.org/entity/Q3662426,Castello del Parco Fienga,castle,Italy
http://www.wikidata.org/entity/Q108751968,Castle of Apolakkia,castle,Greece
http://www.wikidata.org/entity/Q2969481,Kilravock Castle,castle,United Kingdom
http://www.wikidata.org/entity/Q97649032,Castillo,monument | castle,Spain
http://www.wikidata.org/entity/Q1015200,"Burgrest Kastelberg, Ballrechten-Dottingen",castle,Germany
http://www.wikidata.org/entity/Q50678611,Castillo de Gallinera,castle | ruins,Spain
http://www.wikidata.org/entity/Q17642493,Westnewton Castle,castle,United Kingdom
http://www.wikidata.org/entity/Q1153749,Udine Castle,castle,Italy
http://www.wikidata.org/entity/Q106078096,Torre Confalonieri,castle,Italy
http://www.wikidata.org/entity/Q2967992,Château Saulnier,castle | château,France
http://www.wikidata.org/entity/Q21608986,Kasteel van Leerdam,castle,Netherlands
http://www.wikidata.org/entity/Q2082425,Pfarrschanze,castle | archaeological site,Germany
http://www.wikidata.org/entity/Q30046593,Castle ruins in Idzików,castle,Poland
http://www.wikidata.org/entity/Q117459396,Burg Wolfsölden,castle | architectural structure | destroyed building or structure,Germany
http://www.wikidata.org/entity/Q43123509,Castell de Montmarí,castle,Spain
http://www.wikidata.org/entity/Q17390070,Castle of Neiva,castle,Portugal
http://www.wikidata.org/entity/Q2971675,Château du Cros,castle,France
http://www.wikidata.org/entity/Q1013599,Burgruine,castle | archaeological site,Germany
http://www.wikidata.org/entity/Q108612387,Castle of Alataria,castle,Greece
http://www.wikidata.org/entity/Q2968750,Château de Campagne,castle | château,France
http://www.wikidata.org/entity/Q67772492,Cernusco Lombardone Castle,castle,Italy
http://www.wikidata.org/entity/Q2970598,Château de Sainte-Julie,castle,France
http://www.wikidata.org/entity/Q1811383,Lechtenburg,castle,Germany
http://www.wikidata.org/entity/Q1015704,Burgstall Burk,castle | archaeological site,Germany
http://www.wikidata.org/entity/Q613484,Templštejn Castle,castle | castle ruin,Czech Republic
http://www.wikidata.org/entity/Q1461744,Ruine Heimenstein,castle,Germany
http://www.wikidata.org/entity/Q41259075,Maierhof Burg Staufeneck,castle,Germany
http://www.wikidata.org/entity/Q41419463,Burgstall,castle,Germany
http://www.wikidata.org/entity/Q1010986,Bevergern Castle,castle,Germany
http://www.wikidata.org/entity/Q1013576,Burg Randeck,castle,Germany
http://www.wikidata.org/entity/Q15943705,Château du Sailhant,castle,France
http://www.wikidata.org/entity/Q1011635,Burg Eppstein,castle,Germany
http://www.wikidata.org/entity/Q5049733,Castle of Alcanede,castle | cultural heritage,Portugal
http://www.wikidata.org/entity/Q5757732,Castillo de la Villa,castle,Spain
http://www.wikidata.org/entity/Q41280752,I. Burgfriedenssäule,castle,Germany
http://www.wikidata.org/entity/Q23911702,Castle of Peñausende,castle,Spain
http://www.wikidata.org/entity/Q1012467,Château du Haut-Ribeaupierre,castle,France
http://www.wikidata.org/entity/Q2971073,Château de Xaintrailles,castle,France
http://www.wikidata.org/entity/Q1013284,Burg Neuhaus,castle | building,Austria
http://www.wikidata.org/entity/Q15940265,Château de Walbach,castle,France
http://www.wikidata.org/entity/Q67772280,Castello Trivulzio,castle,Switzerland
http://www.wikidata.org/entity/Q1011896,Burg Fürstenstein,castle,Germany
http://www.wikidata.org/entity/Q6913330,Morpeth Castle,castle,United Kingdom
http://www.wikidata.org/entity/Q24659374,Caer Fach,castle,United Kingdom
http://www.wikidata.org/entity/Q1666610,Wasserburg Goldstein,castle,Germany
http://www.wikidata.org/entity/Q1011032,Burg Birgel,castle,Germany
http://www.wikidata.org/entity/Q896461,Burg Volmarstein,castle,Germany
http://www.wikidata.org/entity/Q1232481,Schloss Ebenthal,castle | château,Austria
http://www.wikidata.org/entity/Q1870261,Château de Bazouges,castle,France
http://www.wikidata.org/entity/Q21077346,Castell de la Molsosa,castle,Spain
http://www.wikidata.org/entity/Q2968744,Caldicot Castle,castle,United Kingdom
http://www.wikidata.org/entity/Q107405317,Antiparos Castle,castle,Greece
http://www.wikidata.org/entity/Q113576893,Castello Maniani,castle,Italy
http://www.wikidata.org/entity/Q14943606,Arnage Castle,castle,United Kingdom
http://www.wikidata.org/entity/Q5878432,Roknabad Castle,castle,Iran
http://www.wikidata.org/entity/Q1012063,Großbernsau Castle,castle,Germany
http://www.wikidata.org/entity/Q6406805,Castillo de Bijuesca,castle,Spain
http://www.wikidata.org/entity/Q2969137,Doria castle in Dolceacqua,castle | history museum,Italy
http://www.wikidata.org/entity/Q65128848,Castle of Pantelleria,castle,Italy
http://www.wikidata.org/entity/Q98075281,Romprezzagno Castle,castle,Italy
http://www.wikidata.org/entity/Q1376597,Château de Troussay,castle,France
http://www.wikidata.org/entity/Q8342422,Castell d'Eroles,castle,Spain
http://www.wikidata.org/entity/Q16538086,Castello,castle,Italy
http://www.wikidata.org/entity/Q17616159,La Guardiola,castle,Spain
http://www.wikidata.org/entity/Q15823917,Klosterburg Kastl,castle,Germany
http://www.wikidata.org/entity/Q26869147,Dupplin Castle,castle | country house,United Kingdom
http://www.wikidata.org/entity/Q12643835,Travnik Castle,castle | architectural heritage monument | cultural heritage | fortress | cultural property | historic site | historic building,Bosnia and Herzegovina
http://www.wikidata.org/entity/Q97245066,Monesma Castle,castle,Spain
http://www.wikidata.org/entity/Q3813347,Vallada Castle,castle,Spain
http://www.wikidata.org/entity/Q2664499,Burgstall Burren,castle,Germany
http://www.wikidata.org/entity/Q58051200,Castillo de Segura de los Baños,castle,Spain
http://www.wikidata.org/entity/Q6808978,Meggernie Castle,castle,United Kingdom
http://www.wikidata.org/entity/Q2970308,Château de Pupetières,castle,France
http://www.wikidata.org/entity/Q1012871,Burg Laupheim,castle,Germany
http://www.wikidata.org/entity/Q1013557,Castle Rabenstein,castle,Germany
http://www.wikidata.org/entity/Q20104678,Château des comtes de Conflent-Cerdagne,castle,France
http://www.wikidata.org/entity/Q88590266,Castello Campori,castle,Italy
http://www.wikidata.org/entity/Q97619488,Castillo,castle,Spain
http://www.wikidata.org/entity/Q9386519,Zamek Golesz w Krajowicach,castle | ruins,Poland
http://www.wikidata.org/entity/Q2969929,Château de Mont-de-Jeux,castle,France
http://www.wikidata.org/entity/Q105555023,Proncy Castle,castle | motte,United Kingdom
http://www.wikidata.org/entity/Q112221708,Koyama Castle,castle | Japanese castle,Japan
http://www.wikidata.org/entity/Q111370036,Castello Pandone,castle,Italy
http://www.wikidata.org/entity/Q2286213,Slot Teylingen,castle,Netherlands
http://www.wikidata.org/entity/Q113585045,Castello del Gallo,castle,Italy
http://www.wikidata.org/entity/Q3662795,Castle of Pietra Ligure,castle,Italy
http://www.wikidata.org/entity/Q3395342,Torres de Oeste,monument | castle,Spain
http://www.wikidata.org/entity/Q5139559,Cockburn Tower,castle,United Kingdom
http://www.wikidata.org/entity/Q102213342,Cascante Castle,castle,Spain
http://www.wikidata.org/entity/Q2017353,Genneperhuis,castle,Netherlands
http://www.wikidata.org/entity/Q2970081,Château de Moyen,castle,France
http://www.wikidata.org/entity/Q43163034,Castillo de Zújar,monument | castle,Spain
http://www.wikidata.org/entity/Q41393572,Burgruine,castle,Germany
http://www.wikidata.org/entity/Q107400350,Castello di Maramonte,castle,Italy
http://www.wikidata.org/entity/Q223216,Hunnesrück Castle,castle,Germany
http://www.wikidata.org/entity/Q24661391,Habberley Hall,ringwork castle | castle | motte,United Kingdom
http://www.wikidata.org/entity/Q3407120,Old town Đurđevac,castle,Croatia
http://www.wikidata.org/entity/Q98272687,Cultural heritage D-3-6935-0114 in Dietfurt an der Altmühl,castle | château | feature | Bodendenkmal,Germany
http://www.wikidata.org/entity/Q1011871,Friesenberg Castle,castle | castle ruin,Switzerland
http://www.wikidata.org/entity/Q1014657,Burg Wollbrigg,castle,Germany
http://www.wikidata.org/entity/Q5049850,Castle of Alandroal,castle | cultural heritage,Portugal
http://www.wikidata.org/entity/Q2383169,Château Bellegarde,castle,France
http://www.wikidata.org/entity/Q110234816,Kotówka Castle,castle | castle ruin,Poland
http://www.wikidata.org/entity/Q3662797,Castello di Pietratagliata,castle,Italy
http://www.wikidata.org/entity/Q1010880,Burg Baasem,castle,Germany
http://www.wikidata.org/entity/Q24660640,Claydon Hall,castle,United Kingdom
http://www.wikidata.org/entity/Q112323164,Castello di Collepino,castle,Italy
http://www.wikidata.org/entity/Q3646287,Tmogvi,castle,Georgia
http://www.wikidata.org/entity/Q30135595,Świebodzin Castle,castle,Poland
http://www.wikidata.org/entity/Q2971721,Ferme du Maipas,castle,France
http://www.wikidata.org/entity/Q5884700,Afrasiab Khan Castle,castle,Iran
http://www.wikidata.org/entity/Q111218626,Feudal Castle,castle,Italy
http://www.wikidata.org/entity/Q4178404,Zhvantsem Castle,castle,Ukraine
http://www.wikidata.org/entity/Q3662104,Castel Loriano,castle,Italy
http://www.wikidata.org/entity/Q5551486,Castillo Berroquejo,monument | castle,Spain
http://www.wikidata.org/entity/Q21192875,Mota de Juegues,castle,France
http://www.wikidata.org/entity/Q21185517,Remine Castle,hillfort | castle,Latvia
http://www.wikidata.org/entity/Q1012672,Burg Kirspenich,castle,Germany
http://www.wikidata.org/entity/Q2971615,Château du Bois du Maine,castle,France
http://www.wikidata.org/entity/Q15790322,Burg Ammerthal,castle | archaeological site,Germany
http://www.wikidata.org/entity/Q21196169,Castello di Aiola,castle,Italy
http://www.wikidata.org/entity/Q33599372,Castle of Urrea de Jalon,castle,Spain
http://www.wikidata.org/entity/Q5050146,Castle Holydean,castle,United Kingdom
http://www.wikidata.org/entity/Q5890258,Pulad Castle,castle | cultural property,Iran
http://www.wikidata.org/entity/Q5131949,Clervaux Castle,castle | château,Luxembourg
http://www.wikidata.org/entity/Q1013194,Namedy Castle,castle,Germany
http://www.wikidata.org/entity/Q96943522,Castle of Villores,castle,Spain
http://www.wikidata.org/entity/Q1013932,Burg Schwaneck,castle,Germany
http://www.wikidata.org/entity/Q5118793,Château de Larroque,castle,France
http://www.wikidata.org/entity/Q1015777,Burgstall Heimburg,castle,Germany
http://www.wikidata.org/entity/Q2970383,Château de Rochambeau,castle,France
http://www.wikidata.org/entity/Q1979576,Neue Isenburg,castle,Germany
http://www.wikidata.org/entity/Q5307662,Drimnagh Castle,castle,Ireland
http://www.wikidata.org/entity/Q2969647,Château de Landreville,castle,France
http://www.wikidata.org/entity/Q5920697,Sen Sarud Castle,castle,Iran
http://www.wikidata.org/entity/Q1012936,Lichtenstein Castle,castle | archaeological site,Germany
http://www.wikidata.org/entity/Q5757531,Castillo de Puebla de Almenara,castle,Spain
http://www.wikidata.org/entity/Q2970155,Château de Nuits,castle,France
http://www.wikidata.org/entity/Q27955025,Shtëpezë Castle,castle | historic site,Albania
http://www.wikidata.org/entity/Q1014546,Werdenfels Castle,castle | archaeological site,Germany
http://www.wikidata.org/entity/Q67772109,Castello d'Arian,castle,Italy
http://www.wikidata.org/entity/Q3436990,Trakai Peninsula Castle,castle,Lithuania
http://www.wikidata.org/entity/Q20850470,Castillo y murallas de Tírig,defensive wall | castle,Spain
http://www.wikidata.org/entity/Q41280717,XXI. Burgfriedenssäule,castle,Germany
http://www.wikidata.org/entity/Q4850794,Balgonie Castle,castle,United Kingdom
http://www.wikidata.org/entity/Q2968675,Château de Bridoire,castle | château,France
http://www.wikidata.org/entity/Q39006376,Castell Cyfeiliog,castle,United Kingdom
http://www.wikidata.org/entity/Q3662771,Castello di Oliveto,castle,Italy
http://www.wikidata.org/entity/Q18003872,Castell d'Estaràs,castle,Spain
http://www.wikidata.org/entity/Q5876498,Sarbaz Castle,castle,Iran
http://www.wikidata.org/entity/Q67772586,Château de Maillat,castle,France
http://www.wikidata.org/entity/Q7266082,Qaleh-ye Komiz,castle | human settlement,Iran
http://www.wikidata.org/entity/Q5833415,Owlad Castle,castle,Iran
http://www.wikidata.org/entity/Q24661630,Kentchurch Twyn y Corras,castle,United Kingdom
http://www.wikidata.org/entity/Q943297,Castell de Verges,castle,Spain
http://www.wikidata.org/entity/Q23895151,Château de Haneck,castle,France
http://www.wikidata.org/entity/Q25433473,"Naryn Castle, Sardrud",castle,Iran
http://www.wikidata.org/entity/Q77437768,Castle of Niella Tanaro,castle,Italy
http://www.wikidata.org/entity/Q24660419,Tomen y Maerdy Motte,castle | motte,United Kingdom
http://www.wikidata.org/entity/Q113303910,Castello di Facciano,castle,Italy
http://www.wikidata.org/entity/Q1011467,Burg Dinslaken,castle,Germany
http://www.wikidata.org/entity/Q115705969,Castelletto di Vigo,castle | Burgstall | destroyed building or structure,Italy
http://www.wikidata.org/entity/Q2970731,Château de Surgères,castle,France
http://www.wikidata.org/entity/Q108731562,Keraton,castle,Greece
http://www.wikidata.org/entity/Q2968384,Château d'Épinats,castle,France
http://www.wikidata.org/entity/Q1015999,Burgstelle Espach,castle,Germany
http://www.wikidata.org/entity/Q18603933,Burgruine Blankenberg,castle,Germany
http://www.wikidata.org/entity/Q2779370,Château de Jonzac,castle,France
http://www.wikidata.org/entity/Q9386665,Kruszwica Castle,castle,Poland
http://www.wikidata.org/entity/Q30970397,Rathmines Castle,castle,Ireland
http://www.wikidata.org/entity/Q19276107,Burg Weferlingen,castle,Germany
http://www.wikidata.org/entity/Q1259402,Ringwallanlage Förbau,castle | archaeological site,Germany
http://www.wikidata.org/entity/Q24661482,Little Hereford Manor,castle,United Kingdom
http://www.wikidata.org/entity/Q107434466,Burg Wildeshausen,castle,Germany
http://www.wikidata.org/entity/Q8563466,FitzHarris Castle,castle,United Kingdom
http://www.wikidata.org/entity/Q24661662,Grugyn Llawr Llan Mound,castle,United Kingdom
http://www.wikidata.org/entity/Q1015917,Burgstall Schwedenschanze,castle | archaeological site,Germany
http://www.wikidata.org/entity/Q1048608,Castel Paterno,castle,Italy
http://www.wikidata.org/entity/Q20008195,Castello di Gargonza,castle,Italy
http://www.wikidata.org/entity/Q2705370,Middleham Castle,castle,United Kingdom
http://www.wikidata.org/entity/Q78660735,Château des Sarrasins of Châtel,castle,France
http://www.wikidata.org/entity/Q1015820,Burgstall Knickhagen,castle,Germany
http://www.wikidata.org/entity/Q636780,Castle of Saint George,castle | cultural heritage,Portugal
http://www.wikidata.org/entity/Q112169827,Castello Presati,castle,Italy
http://www.wikidata.org/entity/Q2664442,Burg Zimmern,castle,Germany
http://www.wikidata.org/entity/Q55115977,Castello Beccaria,castle,Italy
http://www.wikidata.org/entity/Q1013330,Burg Nienborg,castle,Germany
http://www.wikidata.org/entity/Q1013250,Burg Neublankenheim,castle,Germany
http://www.wikidata.org/entity/Q1010788,Altwied Castle,castle | cultural heritage monument in Germany,Germany
http://www.wikidata.org/entity/Q5439922,Fedderate Castle,castle,United Kingdom
http://www.wikidata.org/entity/Q1010862,Schlossturm Auerbach,castle | cultural heritage monument in Germany,Germany
http://www.wikidata.org/entity/Q24661626,Didley Court Farm Motte,castle,United Kingdom
http://www.wikidata.org/entity/Q580797,Larnaca Castle,castle,Cyprus
http://www.wikidata.org/entity/Q2664399,Burg Oberdigisheim,castle,Germany
http://www.wikidata.org/entity/Q56661750,Colquhonnie Castle,tower house | castle,United Kingdom
http://www.wikidata.org/entity/Q37975325,"Altes Burgtor, Rottenmann",castle,Austria
http://www.wikidata.org/entity/Q55264655,Elmina Castle,castle | fort | cultural heritage | factory,Ghana
http://www.wikidata.org/entity/Q2628683,Svartholm Fortress,castle | fortress island,Finland
http://www.wikidata.org/entity/Q2969739,Château de Loubressay,castle,France
http://www.wikidata.org/entity/Q1015973,Burgstall Winterstettenstadt,castle,Germany
http://www.wikidata.org/entity/Q4788264,Ardrossan Castle,castle,United Kingdom
http://www.wikidata.org/entity/Q38611743,Maes y Garn Mound,castle,United Kingdom
http://www.wikidata.org/entity/Q4862997,Barony and Castle of Kilbirnie,tower house | castle,United Kingdom
http://www.wikidata.org/entity/Q5924733,Jiq Qareh Tapeh Daz Castle,castle,Iran
http://www.wikidata.org/entity/Q19400541,Czarne Castle,castle,Poland
http://www.wikidata.org/entity/Q2968924,Château de Chevigné,castle,France
http://www.wikidata.org/entity/Q2241006,Fischbach castle (Silesia),castle | palace,Poland
http://www.wikidata.org/entity/Q43124105,Castell de Sant Andreu,castle,Spain
http://www.wikidata.org/entity/Q113584051,Castel Argento,castle,Italy
http://www.wikidata.org/entity/Q27044077,Castillo de Hervás,castle,Spain
http://www.wikidata.org/entity/Q2968197,Château d'Einartzhausen,castle,France
http://www.wikidata.org/entity/Q83711186,Èze Castle,castle | château | castle ruin,France
http://www.wikidata.org/entity/Q3662978,Castello Vallaise,castle,Italy
http://www.wikidata.org/entity/Q15108446,Burgstall Sindelsdorf,castle | archaeological site,Germany
http://www.wikidata.org/entity/Q2968747,Camber Castle,castle | fort,United Kingdom
http://www.wikidata.org/entity/Q2969363,Château de Groslée,castle,France
http://www.wikidata.org/entity/Q1012053,Grillenburg,castle,Germany
http://www.wikidata.org/entity/Q20154690,St. Andrew's Castle,castle,Greece
http://www.wikidata.org/entity/Q15126498,Ruine Hirschenleck,castle,Germany
http://www.wikidata.org/entity/Q55386623,Castello dei marchesi di Busca,religious museum | castle,Italy
http://www.wikidata.org/entity/Q16119944,Tarout Castle,castle,Saudi Arabia
http://www.wikidata.org/entity/Q1834237,Château de Montréal,castle,France
http://www.wikidata.org/entity/Q18785402,Castel Caldes,castle | museum of a public entity | history museum | art museum,Italy
http://www.wikidata.org/entity/Q98172578,Cultural heritage D-6-6321-0028 in Miltenberg,castle | human settlement | feature | Bodendenkmal,Germany
http://www.wikidata.org/entity/Q2241300,Busecker Schloss,castle,Germany
http://www.wikidata.org/entity/Q3306356,Chirk Castle,castle,United Kingdom
http://www.wikidata.org/entity/Q106079170,Castello di Montarsolo,castle,Italy
http://www.wikidata.org/entity/Q881231,Burg Rieneck,castle,Germany
http://www.wikidata.org/entity/Q10501923,Gawrony Castle,castle,Poland
http://www.wikidata.org/entity/Q17802410,Crail Castle,castle,United Kingdom
http://www.wikidata.org/entity/Q948136,Château de Rambures,castle,France
http://www.wikidata.org/entity/Q1011818,Burg Freienstein (Münster),castle,Germany
http://www.wikidata.org/entity/Q15940607,Château de Bachen,castle,France
http://www.wikidata.org/entity/Q11913004,Castell d'Isanta,castle,Spain
http://www.wikidata.org/entity/Q55524179,Hurman Castle,castle,Turkey
http://www.wikidata.org/entity/Q30970098,Castle Bagot House,castle,Ireland
http://www.wikidata.org/entity/Q388705,Norham Castle,castle | ruins,United Kingdom
http://www.wikidata.org/entity/Q108886486,Jahanabad Castle,castle | cultural property,Iran
http://www.wikidata.org/entity/Q1048627,Castel Sant'Elmo,castle,Italy
http://www.wikidata.org/entity/Q2970130,Château de Nieul-lès-Saintes,castle,France
http://www.wikidata.org/entity/Q5757323,Castillo de Fregenal de la Sierra,castle,Spain
http://www.wikidata.org/entity/Q1441877,Meesenburg,castle,Germany
http://www.wikidata.org/entity/Q5757070,Castillo de Almaraz,castle,Spain
http://www.wikidata.org/entity/Q97625854,Castillo (Castro del Río),castle,Spain
http://www.wikidata.org/entity/Q72161562,Castello di Villarboit,castle,Italy
http://www.wikidata.org/entity/Q20106678,Castell de Roset,castle,Spain
http://www.wikidata.org/entity/Q113574693,Castello d'Elce,castle,Italy
http://www.wikidata.org/entity/Q2969565,Château de La Motte,castle,France
http://www.wikidata.org/entity/Q5757121,Castle of Ayora,castle,Spain
http://www.wikidata.org/entity/Q5920908,Espakeh Castle,castle,Iran
http://www.wikidata.org/entity/Q113382565,Castle,castle,Italy
http://www.wikidata.org/entity/Q2171082,Binckhorst Castle,castle | château,Netherlands
http://www.wikidata.org/entity/Q2540016,Château de Bourgon,castle,France
http://www.wikidata.org/entity/Q106077129,Rocca Malatestiana,castle,Italy
http://www.wikidata.org/entity/Q23879648,Rantum Castle,castle,Germany
http://www.wikidata.org/entity/Q1012781,Kühburg,castle,Germany
http://www.wikidata.org/entity/Q4026035,Patras Castle,castle,Greece
http://www.wikidata.org/entity/Q83719737,Château fort du Pin,castle,France
http://www.wikidata.org/entity/Q91231722,Smrdov,castle,Czech Republic
http://www.wikidata.org/entity/Q107405412,Kasteli tou Pyrgou,castle,Greece
http://www.wikidata.org/entity/Q24659562,Sentence Castle,castle,United Kingdom
http://www.wikidata.org/entity/Q19984641,Castello di Castroreale,castle,Italy
http://www.wikidata.org/entity/Q13456921,Castle of Old Wick,castle | promontory fort,United Kingdom
http://www.wikidata.org/entity/Q2971670,Château du Coudray-Montbault,castle,France
http://www.wikidata.org/entity/Q43161756,Castillo de la Torrecilla,castle,Spain
http://www.wikidata.org/entity/Q354561,Adelegg,castle,Germany
http://www.wikidata.org/entity/Q16544735,Castell de Palau-surroca,castle,Spain
http://www.wikidata.org/entity/Q3907013,Poggiarello di Toiano,castle,Italy
http://www.wikidata.org/entity/Q24659435,Llandre Entrenchment,castle | enclosure,United Kingdom
http://www.wikidata.org/entity/Q83719234,Château fort de la Bucaille,castle,France
http://www.wikidata.org/entity/Q66058175,Castello Rosso,castle,Italy
http://www.wikidata.org/entity/Q78661394,Château Saint Julien,castle,France
http://www.wikidata.org/entity/Q1014067,Burg Staufen (Hegau),castle,Germany
http://www.wikidata.org/entity/Q2278554,Muness Castle,castle,United Kingdom
http://www.wikidata.org/entity/Q2970939,Château de Veauce,castle,France
http://www.wikidata.org/entity/Q5916002,Qadamgah Castle,castle,Iran
http://www.wikidata.org/entity/Q37821303,Schloss Weyer,castle | château,Austria
http://www.wikidata.org/entity/Q98371272,Cultural heritage D-2-7137-0307 in Saal an der Donau,castle | château | Bodendenkmal | feature | Schloss,Germany
http://www.wikidata.org/entity/Q2969911,Château de Molleville,castle,France
http://www.wikidata.org/entity/Q20589812,Castell Pencader,castle | motte,United Kingdom
http://www.wikidata.org/entity/Q20679316,El Castell de Sant Climenç,castle,Spain
http://www.wikidata.org/entity/Q1625195,Holterhöfchen,castle,Germany
http://www.wikidata.org/entity/Q3662197,Michlsburg,castle,Italy
http://www.wikidata.org/entity/Q98285467,Cultural heritage D-7-8427-0011 in Blaichach,castle | Burgstall | Bodendenkmal,Germany
http://www.wikidata.org/entity/Q24938609,Abbazia,castle | abbey | palace,Italy
http://www.wikidata.org/entity/Q25412851,Castle Dźwinogrodzie,castle,Ukraine
http://www.wikidata.org/entity/Q39006682,Castell Dinas,castle,United Kingdom
http://www.wikidata.org/entity/Q7440423,Seagate Castle,castle,United Kingdom
http://www.wikidata.org/entity/Q41373893,Brücke über den Werkkanal mit Portal zum Burggraben,castle,Germany
http://www.wikidata.org/entity/Q38280059,Myrina Castle,castle,Greece
http://www.wikidata.org/entity/Q5864177,Castle of Serón de Nágima,castle,Spain
http://www.wikidata.org/entity/Q106083491,Castello Manservisi,castle | palazzo museum | military museum building | private museum | historical park museum,Italy
http://www.wikidata.org/entity/Q112054266,Château de Pithiviers,castle,France
http://www.wikidata.org/entity/Q11913143,Castillo de Castillo de Villamalefa,castle,Spain
http://www.wikidata.org/entity/Q112278494,Castello di Collicello,castle,Italy
http://www.wikidata.org/entity/Q22980359,Château du Quesney (Vatteville-la-Rue),castle,France
http://www.wikidata.org/entity/Q524338,Kórnik Castle,castle | library | art museum,Poland
http://www.wikidata.org/entity/Q1353635,Erichsburg,castle,Germany
http://www.wikidata.org/entity/Q5049935,Castillo Concejuelo,automobile museum | castle,Spain
http://www.wikidata.org/entity/Q89202603,Nazzano Castle,castle,Italy
http://www.wikidata.org/entity/Q2970129,Nieuil Château,castle | château,France
http://www.wikidata.org/entity/Q2971811,Château du Riau,castle,France
http://www.wikidata.org/entity/Q43162260,Castillo de El Fuerte,castle | aljibe | archaeological site,Spain
http://www.wikidata.org/entity/Q112191330,Candelara Castle,castle,Italy
http://www.wikidata.org/entity/Q1167924,Kleeburg,castle,Germany
http://www.wikidata.org/entity/Q18718837,Vinica Castle (Črnomelj),castle,Slovenia
http://www.wikidata.org/entity/Q5869704,"Qal'eh Dokhtar, Qom",castle,Iran
http://www.wikidata.org/entity/Q17596609,Castell de Sant Ferran,castle,Spain
http://www.wikidata.org/entity/Q2578045,Château de Baneuil,castle | château,France
http://www.wikidata.org/entity/Q113564110,Castello Requisenz,castle,Italy
http://www.wikidata.org/entity/Q5049758,Castle of Belmonte,castle | cultural heritage,Portugal
http://www.wikidata.org/entity/Q654569,Château de Montreuil-Bellay,castle,France
http://www.wikidata.org/entity/Q1433803,Steinerburg,castle | castle ruin,Switzerland
http://www.wikidata.org/entity/Q24661491,Putley Castle,motte-and-bailey castle | castle | mound,United Kingdom
http://www.wikidata.org/entity/Q65063750,Prudnik Castle,castle,Poland
http://www.wikidata.org/entity/Q5927468,"Kohneh Castle, Nuk",castle,Iran
http://www.wikidata.org/entity/Q2175242,Burg Turmberg,castle,Germany
http://www.wikidata.org/entity/Q2970680,Château de Sercy,castle,France
http://www.wikidata.org/entity/Q1013313,Wasserburg Nieder-Rosbach,castle,Germany
http://www.wikidata.org/entity/Q1048817,Castello San Giorgio,castle,Italy
http://www.wikidata.org/entity/Q3662467,Castle of Ameglia,castle,Italy
http://www.wikidata.org/entity/Q18326117,Castillo de Zurita,castle,Spain
http://www.wikidata.org/entity/Q2970467,Ruperra Castle,mansion | castle,United Kingdom
http://www.wikidata.org/entity/Q1686739,Rudelsburg,destroyed building or structure | castle,Germany
http://www.wikidata.org/entity/Q67772382,Château de la Malcôte,castle,France
http://www.wikidata.org/entity/Q38611713,Nash Mound,castle,United Kingdom
http://www.wikidata.org/entity/Q66882168,Kolovrat Castle,castle,Slovenia
http://www.wikidata.org/entity/Q1011767,Frankenberg Castle (Aachen),castle,Germany
http://www.wikidata.org/entity/Q112169835,Castello di Brembate di Sopra,architectural ensemble | castle,Italy
http://www.wikidata.org/entity/Q108751422,Castle of  Exombourgo,castle,Greece
http://www.wikidata.org/entity/Q55637168,Visconti Castle,castle | tower | castle ruin,Italy
http://www.wikidata.org/entity/Q98278597,Cultural heritage D-3-6737-0050 in Schmidmühlen,castle | château | feature | Bodendenkmal,Germany
http://www.wikidata.org/entity/Q107370143,Gut Stellichte,manor estate | castle | manor house,Germany
http://www.wikidata.org/entity/Q29525748,Arbon Castle,architectural structure | castle,Switzerland
http://www.wikidata.org/entity/Q27478994,Burg Bischhausen (Neuental),castle,Germany
http://www.wikidata.org/entity/Q5169810,Corby Castle,castle | English country house | tower house,United Kingdom
http://www.wikidata.org/entity/Q56356544,Ballaghmore Castle,castle,Ireland
http://www.wikidata.org/entity/Q98302408,Cultural heritage D-1-8243-0164 in Bad Reichenhall,castle | feature | Bodendenkmal | preceding structure,Germany
http://www.wikidata.org/entity/Q113377265,Castello Faà di Bruno,castle,Italy
http://www.wikidata.org/entity/Q108750914,Castle of Christos,castle,Greece
http://www.wikidata.org/entity/Q38621709,Castle Hill,castle,United Kingdom
http://www.wikidata.org/entity/Q98275811,Cultural heritage D-3-6739-0020 in Nittenau,castle | fortification | Bodendenkmal | feature | graben | preceding structure,Germany
http://www.wikidata.org/entity/Q2969382,Château de Hanzinelle,castle,Belgium
http://www.wikidata.org/entity/Q78660925,Château de Limeuil,castle,France
http://www.wikidata.org/entity/Q24661402,Coed y Cra Uchaf Mound,castle,United Kingdom
http://www.wikidata.org/entity/Q42417471,Castle of Verzuolo,castle,Italy
http://www.wikidata.org/entity/Q1013354,Nóve Hrady Castle,castle,Czech Republic
http://www.wikidata.org/entity/Q1014739,Château d'Étampes,castle,France
http://www.wikidata.org/entity/Q24661430,Castell Abersoch,castle,United Kingdom
http://www.wikidata.org/entity/Q2968508,Château de Beauvoir,castle,France
http://www.wikidata.org/entity/Q5573055,Tales Castle,monument | castle,Spain
http://www.wikidata.org/entity/Q11757772,Lipowiec Castle,castle | ruins,Poland
http://www.wikidata.org/entity/Q2827593,Kadelburg,castle,Germany
http://www.wikidata.org/entity/Q532295,Burgberg,mountain | castle | archaeological site,Germany
http://www.wikidata.org/entity/Q16538211,Castle Kastelruth,castle,Italy
http://www.wikidata.org/entity/Q30975220,Blackcastle House,castle,Ireland
http://www.wikidata.org/entity/Q29345617,Castillo de la Palma,castle,Spain
http://www.wikidata.org/entity/Q25052817,Tolcinasco Castle,castle,Italy
http://www.wikidata.org/entity/Q2009337,Obere Burg,castle,Germany
http://www.wikidata.org/entity/Q78661046,Château de Mussidan,castle | château,France
http://www.wikidata.org/entity/Q21730702,Castell Vell (Brunyola),castle,Spain
http://www.wikidata.org/entity/Q24659506,Beauville Castle,castle | fortified manor house,United Kingdom
http://www.wikidata.org/entity/Q2970479,Château de Saint-Alban,castle,France
http://www.wikidata.org/entity/Q1012477,Burg Homberg,castle,Germany
http://www.wikidata.org/entity/Q30525229,castle of Peñalcazar,castle,Spain
http://www.wikidata.org/entity/Q67772225,Castle Kastellatz,castle | castle ruin,Italy
http://www.wikidata.org/entity/Q97631010,Otiñar,village | fortification | Roman villa | rock art | human settlement | archaeological site | castle | dolmen | hamlet,Spain
http://www.wikidata.org/entity/Q15108441,Burgstall Schlössle (Donnersdorf),castle | archaeological site,Germany
http://www.wikidata.org/entity/Q2411826,Stare Selo Castle,castle | château,Ukraine
http://www.wikidata.org/entity/Q1043908,Carnasserie Castle,castle,United Kingdom
http://www.wikidata.org/entity/Q1012778,Schloss Könitz,castle,Germany
http://www.wikidata.org/entity/Q2970182,Château de Parthenay,castle,France
http://www.wikidata.org/entity/Q39006400,Garth Rhiwaedog,castle,United Kingdom
http://www.wikidata.org/entity/Q1014246,Burg Tierberg,castle,Germany
http://www.wikidata.org/entity/Q2970477,Château de Saint-Aignan,castle,France
http://www.wikidata.org/entity/Q4859621,Barberstown Castle,hotel | castle,Ireland
http://www.wikidata.org/entity/Q1013558,Burg Rabenswalde,castle,Germany
http://www.wikidata.org/entity/Q2877756,Castell d'Ars,castle,Spain
http://www.wikidata.org/entity/Q24661827,Aylesford Church,castle,United Kingdom
http://www.wikidata.org/entity/Q1401352,Wiesberg Castle,castle | château,Austria
http://www.wikidata.org/entity/Q56356546,Ballyadams Castle,castle,Ireland
http://www.wikidata.org/entity/Q97311072,Yoga Castle,castle,Japan
http://www.wikidata.org/entity/Q98174799,Cultural heritage D-6-5527-0152 in Stockheim (Unterfranken),castle | parish church | feature | Bodendenkmal,Germany
http://www.wikidata.org/entity/Q8342167,Castillo de Alpetea,castle | mountain,Spain
http://www.wikidata.org/entity/Q113563447,Castello di Guastanella,castle,Italy
http://www.wikidata.org/entity/Q2550910,Wasserburg Zwingenberg,castle,Germany
http://www.wikidata.org/entity/Q57337630,Castello di Venegono Superiore,castle,Italy
http://www.wikidata.org/entity/Q1013548,Burg Rabenau,castle,Germany
http://www.wikidata.org/entity/Q3663050,Castiglion del Torto,castle,Italy
http://www.wikidata.org/entity/Q803943,Birinyi Castle,castle | ruins,Hungary
http://www.wikidata.org/entity/Q2970188,Château de Passy,castle,France
http://www.wikidata.org/entity/Q261707,Bellver Castle,castle,Spain
http://www.wikidata.org/entity/Q67130928,Castello Marchesale,castle,Italy
http://www.wikidata.org/entity/Q67772466,Castello Rivola,castle,Italy
http://www.wikidata.org/entity/Q2696077,Château de Ribaute,castle,France
http://www.wikidata.org/entity/Q20600981,Trecastle Motte,motte-and-bailey castle | castle,United Kingdom
http://www.wikidata.org/entity/Q18003861,Castell de Sant Feliu de la Garriga,castle,Spain
http://www.wikidata.org/entity/Q15108269,Burg Puchetwies,castle,Austria
http://www.wikidata.org/entity/Q2381083,Château de Précy-sur-Vrin,castle,France
http://www.wikidata.org/entity/Q15944031,Château Rouillaud,castle,France
http://www.wikidata.org/entity/Q113374983,Castello di Frinco,castle,Italy
http://www.wikidata.org/entity/Q11912985,Castell d'Almenar,castle,Spain
http://www.wikidata.org/entity/Q1013824,Burg Saxenstein,castle | castle ruin,Switzerland
http://www.wikidata.org/entity/Q25442113,Place of Shmankivtsi Castle,castle | ancient monument | cultural property,Ukraine
http://www.wikidata.org/entity/Q5118767,Château de Diant,castle,France
http://www.wikidata.org/entity/Q24660381,Hendom Mound,castle,United Kingdom
http://www.wikidata.org/entity/Q12031905,Kuncberk,castle,Czech Republic
http://www.wikidata.org/entity/Q19368115,Castell de Múnter,castle,Spain
http://www.wikidata.org/entity/Q125516498,Ardestie Castle,castle,United Kingdom
http://www.wikidata.org/entity/Q5915643,Shah Neshin Gorj Castle,castle,Iran
http://www.wikidata.org/entity/Q2968621,Château de Boulogne,castle,France
http://www.wikidata.org/entity/Q24196363,Ballycowan Castle,castle,Ireland
http://www.wikidata.org/entity/Q97956606,Bürgle,castle,Germany
http://www.wikidata.org/entity/Q37909274,"City walls of Straßburg, Austria",castle,Austria
http://www.wikidata.org/entity/Q21863510,Töllerberg castle,castle | château,Austria
http://www.wikidata.org/entity/Q2971734,Château du Marais,castle,France
http://www.wikidata.org/entity/Q7232106,Portlick Castle,castle,Ireland
http://www.wikidata.org/entity/Q27243337,Castle of Casasola,castle,Spain
http://www.wikidata.org/entity/Q29270033,Mörkön,castle,Sweden
http://www.wikidata.org/entity/Q2658498,Castle of Guimarães,castle | cultural heritage,Portugal
http://www.wikidata.org/entity/Q3662648,Castel of Larciano,castle,Italy
http://www.wikidata.org/entity/Q15978764,Beldorney Castle,castle,United Kingdom
http://www.wikidata.org/entity/Q3490598,Silesian Ostrava Castle,event venue | castle,Czech Republic
http://www.wikidata.org/entity/Q1012200,Burg Harsefeld,castle,Germany
http://www.wikidata.org/entity/Q113030578,Pal Castle,castle | cultural property,Iran
http://www.wikidata.org/entity/Q18530048,Vuzenica Castle,castle,Slovenia
http://www.wikidata.org/entity/Q14538238,Waldhausen Castle,castle | castle ruin,Switzerland
http://www.wikidata.org/entity/Q19968534,Bash Tapia Castle,castle,Iraq
http://www.wikidata.org/entity/Q1010745,Burg Altendorf,castle | ruins,Germany
http://www.wikidata.org/entity/Q515105,Dunstanburgh Castle,castle | archaeological site,United Kingdom
http://www.wikidata.org/entity/Q3662956,Castello di Vicchiomaggio,castle,Italy
http://www.wikidata.org/entity/Q99773039,Niederburg,castle,Germany
http://www.wikidata.org/entity/Q17596571,Castell de Riner,castle,Spain
http://www.wikidata.org/entity/Q3817215,Castelo de Portuzelo,castle | cultural heritage,Portugal
http://www.wikidata.org/entity/Q6593195,Velenje Castle,castle,Slovenia
http://www.wikidata.org/entity/Q2969863,Château de Mercuès,castle,France
http://www.wikidata.org/entity/Q2968787,Castellote Castle,castle,Spain
http://www.wikidata.org/entity/Q2968505,Château de Beauverger,castle,France
http://www.wikidata.org/entity/Q17649980,Slingsby Castle,castle | English country house,United Kingdom
http://www.wikidata.org/entity/Q113381375,castle in Valvasone,castle,Italy
http://www.wikidata.org/entity/Q113445278,Castello del Monte Castiglione,castle,Italy
http://www.wikidata.org/entity/Q1795293,Kevernburg,castle,Germany
http://www.wikidata.org/entity/Q6748446,Castillo de Monforte del Cid,castle,Spain
http://www.wikidata.org/entity/Q27058536,Castillo de Chincoya,village | monument | castle,Spain
http://www.wikidata.org/entity/Q113975584,Walwick Tower,castle,United Kingdom
http://www.wikidata.org/entity/Q1271268,Döringsburg,castle,Germany
http://www.wikidata.org/entity/Q674536,Novo Brdo Fortress,castle | historic site | building,Kosovo | Serbia
http://www.wikidata.org/entity/Q113376939,Malaspina Castle,castle,Italy
http://www.wikidata.org/entity/Q1613377,Hermannsburg,castle,Germany
http://www.wikidata.org/entity/Q113439585,castle,castle,Italy
http://www.wikidata.org/entity/Q111917044,Château de Dammartin-en-Goële,castle,France
http://www.wikidata.org/entity/Q2004819,Numburg,castle,Germany
http://www.wikidata.org/entity/Q48791107,Akaki Castle,castle,Cyprus
http://www.wikidata.org/entity/Q2564256,Mamer Castle,castle | Rathaus,Luxembourg
http://www.wikidata.org/entity/Q12058859,Gosford Castle,castle,United Kingdom
http://www.wikidata.org/entity/Q29345560,Castillo de Torrecilla de Valmadrid,castle | archaeological site,Spain
http://www.wikidata.org/entity/Q2970432,Château de Rosières-près-Troyes,castle,France
http://www.wikidata.org/entity/Q2970707,Château de Somloire,castle,France
http://www.wikidata.org/entity/Q72707045,Castello dei Pecorari,castle,Italy
http://www.wikidata.org/entity/Q30185314,Grazhdani Castle,castle | wall | historic site,Albania
http://www.wikidata.org/entity/Q1012135,Burg Weißandt-Gölzau,castle,Germany
http://www.wikidata.org/entity/Q2664410,Burg Rohreck,castle,Germany
http://www.wikidata.org/entity/Q5757399,Castle of Ledesma,castle,Spain
http://www.wikidata.org/entity/Q16538141,Castello di Sabbioneta,castle,Italy
http://www.wikidata.org/entity/Q2968723,Château de Cabrespines,castle,France
http://www.wikidata.org/entity/Q5566582,Glamoč Fortress,fortress | castle,Bosnia and Herzegovina
http://www.wikidata.org/entity/Q38613785,Cae Dommen Fawr,castle,United Kingdom
http://www.wikidata.org/entity/Q4974032,Bronsil Castle,castle | cultural heritage ensemble,United Kingdom
http://www.wikidata.org/entity/Q22893362,Mas Castell,castle,Spain
http://www.wikidata.org/entity/Q33224225,Schloß Frankenberg,castle,Germany
http://www.wikidata.org/entity/Q33224388,Schloß Libehna,castle,Germany
http://www.wikidata.org/entity/Q113555723,Corleone Castle,castle,Italy
http://www.wikidata.org/entity/Q15076367,Burgstall Tannenberg,castle | archaeological site,Germany
http://www.wikidata.org/entity/Q15944399,Château de Verney,castle | château,France
http://www.wikidata.org/entity/Q6406773,Castle of Arenas de San Pedro,castle,Spain
http://www.wikidata.org/entity/Q28036938,Castle of Almizra,castle,Spain
http://www.wikidata.org/entity/Q112140951,Triulzo Castle,castle,Italy
http://www.wikidata.org/entity/Q3078423,Château de Largoët,castle,France
http://www.wikidata.org/entity/Q1304951,Kukesburg,castle | archaeological site,Germany
http://www.wikidata.org/entity/Q1010945,Burg Berg,castle,Germany
http://www.wikidata.org/entity/Q24659385,Manian Fawr,castle,United Kingdom
http://www.wikidata.org/entity/Q3662930,Castello Trebecco,castle,Italy
http://www.wikidata.org/entity/Q1010807,Burg Andeck,castle,Germany
http://www.wikidata.org/entity/Q14497403,Burg Ebersberg (Bayern),castle | archaeological site,Germany
http://www.wikidata.org/entity/Q6050764,Seyifler Castle,castle,Turkey
http://www.wikidata.org/entity/Q9705236,Castelo de Germanelo,castle | cultural heritage,Portugal
http://www.wikidata.org/entity/Q29345519,Castillo de Langa,castle,Spain
http://www.wikidata.org/entity/Q17624068,Castel Restor,castle,Italy
http://www.wikidata.org/entity/Q1769649,Bachtobel Castle,castle | château,Switzerland
http://www.wikidata.org/entity/Q2242752,Nynäs Castle,castle | heritage site in Sweden | tourist attraction | cultural property | architectural ensemble,Sweden
http://www.wikidata.org/entity/Q3662574,Castle of Comano,castle,Italy
http://www.wikidata.org/entity/Q5049816,Castelo de Pirescoxe,castle | cultural heritage,Portugal
http://www.wikidata.org/entity/Q67772044,Château de Châtel,castle | château,France
http://www.wikidata.org/entity/Q15940178,Château de Hagueneck,castle,France
http://www.wikidata.org/entity/Q113551688,Castello Baronale,castle,Italy
http://www.wikidata.org/entity/Q111015164,Castello di Melazzo,castle,Italy
http://www.wikidata.org/entity/Q5928498,Qasem Khan Castle,castle,Iran
http://www.wikidata.org/entity/Q281285,Château de Sassy,castle,France
http://www.wikidata.org/entity/Q5757687,Castle of Villalba de los Alcores,monument | castle,Spain
http://www.wikidata.org/entity/Q5899168,Jalal al-Din Castle,castle | cultural property,Iran
http://www.wikidata.org/entity/Q3662936,Castello di Tutino,castle,Italy
http://www.wikidata.org/entity/Q12020825,Hrádek u Babic,castle,Czech Republic
http://www.wikidata.org/entity/Q9705209,Castelo de Gaia,castle | cultural heritage,Portugal
http://www.wikidata.org/entity/Q1010850,Burg Arras,museum | castle | cultural heritage monument in Germany,Germany
http://www.wikidata.org/entity/Q16365061,Ardanuç Castle,castle,Turkey
http://www.wikidata.org/entity/Q48184831,Torreciudad Castle,castle,Spain
http://www.wikidata.org/entity/Q3662090,Castel Firmian,castle,Italy
http://www.wikidata.org/entity/Q5885993,Ghal'eh Dokhtar of Ferdows,castle,Iran
http://www.wikidata.org/entity/Q1013071,Malenovice Castle,castle,Czech Republic
http://www.wikidata.org/entity/Q7405463,Salmeniko Castle,castle,Greece
http://www.wikidata.org/entity/Q1013473,Perštejn Castle,castle | castle ruin,Czech Republic
http://www.wikidata.org/entity/Q1010809,Burg Andelfingen,castle,Germany
http://www.wikidata.org/entity/Q39011907,Brigam Farm,castle,United Kingdom
http://www.wikidata.org/entity/Q2969976,Château de Montcoy,castle | château,France
http://www.wikidata.org/entity/Q98167319,Cultural heritage D-6-5628-0107 in Bad Königshofen im Grabfeld,castle | château | feature | Bodendenkmal,Germany
http://www.wikidata.org/entity/Q7879164,Ullerwood Castle,castle,United Kingdom
http://www.wikidata.org/entity/Q55831443,Castello di Monte Tauro,castle,Italy
http://www.wikidata.org/entity/Q24661592,Shobdon 2,castle,United Kingdom
http://www.wikidata.org/entity/Q83718811,Château fort d'Anjou,castle,France
http://www.wikidata.org/entity/Q83719449,Château fort de Montmorillon,castle,France
http://www.wikidata.org/entity/Q38613881,Emlyn,castle,United Kingdom
http://www.wikidata.org/entity/Q17595978,Castell de Biure d'Empordà,castle,Spain
http://www.wikidata.org/entity/Q2282733,Marienkapelle,castle | archaeological site,Germany
http://www.wikidata.org/entity/Q43120846,Antic Castell de Corbera,castle,Spain
http://www.wikidata.org/entity/Q98278193,Cultural heritage D-3-6436-0087 in Sulzbach-Rosenberg,castle | château | feature | Bodendenkmal,Germany
http://www.wikidata.org/entity/Q2970610,Château de Salles-Curan,castle,France
http://www.wikidata.org/entity/Q65149893,Castello Cupane,castle,Italy
http://www.wikidata.org/entity/Q98274395,Cultural heritage D-3-6236-0007 in Kirchenthumbach,castle | château | feature | Bodendenkmal,Germany
http://www.wikidata.org/entity/Q50200107,Castillo de Huerta de Valdecarábanos,castle,Spain
http://www.wikidata.org/entity/Q106073176,Rocca di Cantagallo,castle | tower,Italy
http://www.wikidata.org/entity/Q1545676,Versfleth,abandoned village | castle,Germany
http://www.wikidata.org/entity/Q21899273,Castell de la Llosa,castle,Spain
http://www.wikidata.org/entity/Q356289,"Hofburg, Innsbruck",museum | castle | tourist attraction | palace,Austria
http://www.wikidata.org/entity/Q101678164,Torre Mocha Castle,castle | archaeological site,Spain
http://www.wikidata.org/entity/Q1094121,Nyon Castle,castle,Switzerland
http://www.wikidata.org/entity/Q5049757,Castle of Beja,castle | cultural heritage,Portugal
http://www.wikidata.org/entity/Q1013127,Medvedgrad,castle,Croatia
http://www.wikidata.org/entity/Q28600166,Marafi,castle | contrada,Italy
http://www.wikidata.org/entity/Q12233379,Arwad Castle,castle,Syria
http://www.wikidata.org/entity/Q28001113,Castello di Bauso,religious museum | castle | palazzo museum,Italy
http://www.wikidata.org/entity/Q15944248,Manoir du Tronchet,castle | château,France
http://www.wikidata.org/entity/Q2137176,Château de Grammont,castle,France
http://www.wikidata.org/entity/Q3662360,Piccolomini Castle,castle,Italy
http://www.wikidata.org/entity/Q5757478,Castle of Mota del Marqués,castle,Spain
http://www.wikidata.org/entity/Q3662524,Castello di Calepio,architectural ensemble | castle,Italy
http://www.wikidata.org/entity/Q8342539,Castell de Sant Ferran,monument | castle,Spain
http://www.wikidata.org/entity/Q22696296,Castillo de Gómara,castle,Spain
http://www.wikidata.org/entity/Q30246992,Donadea Castle,castle,Ireland
http://www.wikidata.org/entity/Q83719054,Château fort de Chaumont,castle,France
http://www.wikidata.org/entity/Q29973650,Casa fuerte de los Rojas,castle,Spain
http://www.wikidata.org/entity/Q13361782,Château de romécourt,castle,France
http://www.wikidata.org/entity/Q21693812,Castell de Torregrossa,castle,Spain
http://www.wikidata.org/entity/Q23926988,Castle of Gesualdo,castle,Italy
http://www.wikidata.org/entity/Q106103238,Bezanjerd Castle,castle,Iran
http://www.wikidata.org/entity/Q1013877,Burg Scheventorf,castle,Germany
http://www.wikidata.org/entity/Q22893351,Castell de Fulleda,castle,Spain
http://www.wikidata.org/entity/Q2969860,Château d'Amaiur,destroyed building or structure | castle,Spain
http://www.wikidata.org/entity/Q67915484,Castellaccio,castle,Italy
http://www.wikidata.org/entity/Q6966307,Narrow Water Castle,castle,United Kingdom
http://www.wikidata.org/entity/Q2159678,Newark Castle,castle,United Kingdom
http://www.wikidata.org/entity/Q67772124,"Hôtel de la Monnaie, Aosta",castle,Italy
http://www.wikidata.org/entity/Q1013472,Palanok Castle,castle,Ukraine
http://www.wikidata.org/entity/Q70860541,Castello di Petrelle,castle,Italy
http://www.wikidata.org/entity/Q15108207,Burg Erlhof,castle | archaeological site,Germany
http://www.wikidata.org/entity/Q52851990,Castillo de Santa Cruz,castle,Spain
http://www.wikidata.org/entity/Q45673,Château de Wittschloessel,rock castle | castle | summit,France
http://www.wikidata.org/entity/Q66056651,Castello di Solonghello,castle,Italy
http://www.wikidata.org/entity/Q24659389,Alexanderstone Motte,motte-and-bailey castle | castle,United Kingdom
http://www.wikidata.org/entity/Q14944020,Eišiškių piliavietė,castle,Lithuania
http://www.wikidata.org/entity/Q109380816,el Castell,castle | historic building,Spain
http://www.wikidata.org/entity/Q2881838,Castle of Caldaloba,monument | castle,Spain
http://www.wikidata.org/entity/Q4736873,Alton Castle,castle,United Kingdom
http://www.wikidata.org/entity/Q47096202,Castle in Šaľa,castle,Slovakia
http://www.wikidata.org/entity/Q17840104,Knockdolian Castle,castle,United Kingdom
http://www.wikidata.org/entity/Q9386724,Radłówka Castle,castle,Poland
http://www.wikidata.org/entity/Q3078468,Fortress of Gourdon,castle,France
http://www.wikidata.org/entity/Q20577122,Allt y Ferin,castle | promontory fort,United Kingdom
http://www.wikidata.org/entity/Q107695619,Burg Bodenhausen,castle,Germany
http://www.wikidata.org/entity/Q112143091,Castello dei Capitani d'Arzago,castle,Italy
http://www.wikidata.org/entity/Q1011593,Burg Ellrichshausen,castle,Germany
http://www.wikidata.org/entity/Q2971771,Château du Petit-Ringelstein,castle,France
http://www.wikidata.org/entity/Q11913090,Castell de Saldes,castle,Spain
http://www.wikidata.org/entity/Q20901118,Castell de les Pujades,monument | castle,Spain
http://www.wikidata.org/entity/Q113459588,Castello di Sarna,castle,Italy
http://www.wikidata.org/entity/Q108612594,Castle of Oktonia,castle,Greece
http://www.wikidata.org/entity/Q24661772,Week St Mary Castle,castle,United Kingdom
http://www.wikidata.org/entity/Q1769109,Qvidja,castle,Finland
http://www.wikidata.org/entity/Q1014385,Villacher Burg,chapel | castle,Austria
http://www.wikidata.org/entity/Q8342276,Castell de Claramunt,castle,Spain
http://www.wikidata.org/entity/Q106073333,Castello di Bombiana,castle,Italy
http://www.wikidata.org/entity/Q1014368,Castle Velhartice,castle | castle ruin,Czech Republic
http://www.wikidata.org/entity/Q1012636,Burg Kempenich,castle,Germany
http://www.wikidata.org/entity/Q1431097,Tiebenburg,castle,Germany
http://www.wikidata.org/entity/Q3662703,Castello di Moncrivello,castle | historical park museum | military museum building,Italy
http://www.wikidata.org/entity/Q680943,Schloss Ruegers,museum | castle | château,Austria
http://www.wikidata.org/entity/Q67772254,Burgruine Erlenbach,castle,Switzerland
http://www.wikidata.org/entity/Q24659329,Cae Domen Mound,castle,United Kingdom
http://www.wikidata.org/entity/Q108777623,Steinbourg Château,castle,France
http://www.wikidata.org/entity/Q1016223,Burgwall Wildberg (Temnitztal),castle,Germany
http://www.wikidata.org/entity/Q11952270,Torre de Burgo,castle,Spain
http://www.wikidata.org/entity/Q39011269,"Twmpath, Gwenddwr",castle,United Kingdom
http://www.wikidata.org/entity/Q78660883,Château de la Salle,castle,France
http://www.wikidata.org/entity/Q8342295,Castillo de Encinas de Esgueva,castle | silo,Spain
http://www.wikidata.org/entity/Q569893,Neumelans,castle | Ansitz,Italy
http://www.wikidata.org/entity/Q15944348,Château de Rametz,castle,France
http://www.wikidata.org/entity/Q38181170,"Rosenburg, Linz",castle,Austria
http://www.wikidata.org/entity/Q15940609,Château de Poyanne,castle,France
http://www.wikidata.org/entity/Q20876280,Castell de Malagastre,castle,Spain
http://www.wikidata.org/entity/Q24023710,Castle of Santa Catalina,castle | fort | fortress,Spain
http://www.wikidata.org/entity/Q83718804,Château fort d'Agos Vidalos,castle,France
http://www.wikidata.org/entity/Q116167443,Palazzo Marelli,castle | palace,Italy
http://www.wikidata.org/entity/Q2969377,Château de Gye,castle,France
http://www.wikidata.org/entity/Q39006327,Erwr Castell,castle,United Kingdom
http://www.wikidata.org/entity/Q18543207,Castle of San Pio delle Camere,castle,Italy
http://www.wikidata.org/entity/Q1011197,Burg Brome,castle,Germany
http://www.wikidata.org/entity/Q19401686,Neobschütz Castle,castle | manor house,Poland
http://www.wikidata.org/entity/Q1011447,Burg Dielheim,castle,Germany
http://www.wikidata.org/entity/Q113584052,Castello Caracciolo Carafa,castle,Italy
http://www.wikidata.org/entity/Q12118093,Lysianka Castle,castle,Ukraine
http://www.wikidata.org/entity/Q5705297,Arrajan Castle,castle,Iran
http://www.wikidata.org/entity/Q23002001,Castillos de Valderas y Museo de Arte en Vidrio de Alcorcón,castle | architectural ensemble | art museum,Spain
http://www.wikidata.org/entity/Q2969756,Château de Lugny,castle,France
http://www.wikidata.org/entity/Q24568065,Castillo (Baena),castle,Spain
http://www.wikidata.org/entity/Q1964681,Methven Castle,castle,United Kingdom
http://www.wikidata.org/entity/Q3395380,Salvaterra Castle,monument | castle,Spain
http://www.wikidata.org/entity/Q20400204,"Sheikh Sultan Bin Zayed Fort, Al-Ain",castle,United Arab Emirates
http://www.wikidata.org/entity/Q1015646,Burgstadel Rimbach,castle,Germany
http://www.wikidata.org/entity/Q4819386,Auchenbreck Castle,castle,United Kingdom
http://www.wikidata.org/entity/Q5118803,Château de Masclat,castle,France
http://www.wikidata.org/entity/Q2968378,Château d'Échéry,castle,France
http://www.wikidata.org/entity/Q43132736,Castillo de San Andrés,monument | castle,Spain
http://www.wikidata.org/entity/Q18530063,Bizeljsko Castle,castle,Slovenia
http://www.wikidata.org/entity/Q5049842,Castle of Vila Flor,castle | cultural heritage,Portugal
http://www.wikidata.org/entity/Q56361285,Dromagh Castle,castle,Ireland
http://www.wikidata.org/entity/Q633018,Trutzbingen,castle,Germany
http://www.wikidata.org/entity/Q28001105,South tower castle,castle,Italy
http://www.wikidata.org/entity/Q1049184,Castell de Forna,monument | castle,Spain
http://www.wikidata.org/entity/Q113383577,Castle,castle,Italy
http://www.wikidata.org/entity/Q147009,Tre Kronor Castle,castle,Sweden
http://www.wikidata.org/entity/Q17793426,Corsehill Castle,castle,United Kingdom
http://www.wikidata.org/entity/Q24660200,Ryton Castle Hillfield,castle | motte,United Kingdom
http://www.wikidata.org/entity/Q24659565,Picton Motte,castle | motte | mound,United Kingdom
http://www.wikidata.org/entity/Q113377045,Castello Frascaroli,castle,Italy
http://www.wikidata.org/entity/Q70331750,Castello di Vische,castle,Italy
http://www.wikidata.org/entity/Q39011729,Berry Wood Earthwork,castle,United Kingdom
http://www.wikidata.org/entity/Q83719776,Château fort la Roche des Aubiers,castle,France
http://www.wikidata.org/entity/Q107742920,Burg Pfalzel,castle,Germany
http://www.wikidata.org/entity/Q108553259,Castle of  Kimolos,castle,Greece
http://www.wikidata.org/entity/Q697472,Burg Arnshaugk,castle,Germany
http://www.wikidata.org/entity/Q1012799,Laach Castle,castle,Germany
http://www.wikidata.org/entity/Q113438414,Castello della Gherla,castle,Italy
http://www.wikidata.org/entity/Q5757009,Castle of Aguilar de Campoo,castle,Spain
http://www.wikidata.org/entity/Q55192015,Castle of Spilimbergo,castle,Italy
http://www.wikidata.org/entity/Q2969869,Château de Merville,castle,France
http://www.wikidata.org/entity/Q5222457,Dardistown Castle,castle,Ireland
http://www.wikidata.org/entity/Q83719497,Château fort de Pesmes,castle,France
http://www.wikidata.org/entity/Q102527498,Črnomelj Castle,castle,Slovenia
http://www.wikidata.org/entity/Q5951789,Kuhij Castle,castle,Iran
http://www.wikidata.org/entity/Q5639526,Castell del Brull,castle,Spain
http://www.wikidata.org/entity/Q8342243,Castellnovo Castle,monument | castle,Spain
http://www.wikidata.org/entity/Q1016236,Burgwall von Linum,castle,Germany
http://www.wikidata.org/entity/Q113290256,Castello Spinola,castle,Italy
http://www.wikidata.org/entity/Q24660874,High Wycombe Castle,castle,United Kingdom
http://www.wikidata.org/entity/Q78660918,Château de Lauroux,castle,France
http://www.wikidata.org/entity/Q124749939,Castle,castle,Italy
http://www.wikidata.org/entity/Q102395836,Šenkov turn Castle,castle,Slovenia
http://www.wikidata.org/entity/Q28793054,Castillo Anzur,castle,Spain
http://www.wikidata.org/entity/Q2745671,Château de Lumagne,castle,France
http://www.wikidata.org/entity/Q1010926,Burg Beetzendorf,castle,Germany
http://www.wikidata.org/entity/Q110583599,Castle of Taggia,castle,Italy
http://www.wikidata.org/entity/Q24661332,Castle Hill,castle | earthworks | mound | vacation home,United Kingdom
http://www.wikidata.org/entity/Q6111771,Ludza Castle,castle,Latvia
http://www.wikidata.org/entity/Q111154162,Château d'Arguel,castle,France
http://www.wikidata.org/entity/Q91019736,Castello di Pietragavina,castle,Italy
http://www.wikidata.org/entity/Q17596773,Castell de Vilarnadal,castle,Spain
http://www.wikidata.org/entity/Q75260392,Ploštanj Castle,castle,Slovenia
http://www.wikidata.org/entity/Q60650039,Castello di Castelrosi,castle,Italy
http://www.wikidata.org/entity/Q15108268,Burg Polzing,castle,Austria
http://www.wikidata.org/entity/Q1013411,Burg Odenkirchen,castle,Germany
http://www.wikidata.org/entity/Q3497343,Falak-ol-Aflak,prison | castle,Iran
http://www.wikidata.org/entity/Q24933950,Castello di Baratuli,castle,Italy
http://www.wikidata.org/entity/Q9386771,Zamek w Złotym Stoku,castle,Poland
http://www.wikidata.org/entity/Q13081405,Borač Castle,castle,Bosnia and Herzegovina
http://www.wikidata.org/entity/Q43126205,Castell de Benifallet,castle,Spain
http://www.wikidata.org/entity/Q1013834,Burg Schallmauer,castle,Germany
http://www.wikidata.org/entity/Q1011821,Burg Freilingen,castle,Germany
http://www.wikidata.org/entity/Q4889618,Castell Vell,monument | castle,Spain
http://www.wikidata.org/entity/Q2970535,Château de Saint-Lambert,castle,France
http://www.wikidata.org/entity/Q99455298,Werdegg,castle | lordship,Switzerland
http://www.wikidata.org/entity/Q113440425,Preta Re Lo Piesco,castle,Italy
http://www.wikidata.org/entity/Q16619158,Castle Włodzimierzu Wołyńskim,destroyed building or structure | castle,Ukraine
http://www.wikidata.org/entity/Q9386738,Sobowidz Castle,castle,Poland
http://www.wikidata.org/entity/Q98297784,Cultural heritage D-7-8423-0022 in Wasserburg (Bodensee),castle | château | Bodendenkmal | feature | water castle | preceding structure,Germany
http://www.wikidata.org/entity/Q2968981,Château de Chéry,castle,France
http://www.wikidata.org/entity/Q5893555,Old Saravan Castle,castle,Iran
http://www.wikidata.org/entity/Q1708247,Ringwall in Eurasburger Forst,castle | archaeological site,Germany
http://www.wikidata.org/entity/Q21081908,Castell de Torres,castle,Spain
http://www.wikidata.org/entity/Q9386755,Uniejów Castle,castle | geographical feature,Poland
http://www.wikidata.org/entity/Q6881497,Mitchelstown Castle,castle,Ireland
http://www.wikidata.org/entity/Q1011088,Burg Bocholt,castle,Germany
http://www.wikidata.org/entity/Q106980567,Hempriggs Castle,castle,United Kingdom
http://www.wikidata.org/entity/Q19594019,Castell i vilatge de Montclús,castle,Spain
http://www.wikidata.org/entity/Q6705876,Luton Castle,castle | archaeological site,United Kingdom
http://www.wikidata.org/entity/Q16538128,Castello di Ostiglia,castle,Italy
http://www.wikidata.org/entity/Q41280221,Burghauser Tor,castle,Germany
http://www.wikidata.org/entity/Q586514,Claig Castle,castle,United Kingdom
http://www.wikidata.org/entity/Q5917996,Shusef's Daughter Castle,castle,Iran
http://www.wikidata.org/entity/Q625533,Brodie Castle,castle,United Kingdom
http://www.wikidata.org/entity/Q55185550,Bonifaci Castle,castle,Italy
http://www.wikidata.org/entity/Q97279594,Château de Gavray,castle,France
http://www.wikidata.org/entity/Q15108281,Burg Roßwangen,castle,Germany
http://www.wikidata.org/entity/Q1013811,Burg Salzbühl,castle,Germany
http://www.wikidata.org/entity/Q1676657,Château de Chaban,castle | château,France
http://www.wikidata.org/entity/Q3662116,Reinegg Castle,castle,Italy
http://www.wikidata.org/entity/Q15940474,Château de La Salveterra,castle,France
http://www.wikidata.org/entity/Q24660759,Breckenbrough Castle,castle | earthworks | fortified manor house,United Kingdom
http://www.wikidata.org/entity/Q2650807,Castle of Miremont,castle,France
http://www.wikidata.org/entity/Q38283951,Castle of Ypati,castle,Greece
http://www.wikidata.org/entity/Q3662782,Castelvecchio,castle,Italy
http://www.wikidata.org/entity/Q98059443,Castillo de Santa Eufemia,castle | fortification | archaeological site,Spain
http://www.wikidata.org/entity/Q1014512,Burg Weiler (Bechingen),castle,Germany
http://www.wikidata.org/entity/Q25572485,Duboc Fortress,castle | historic site | archaeological site,Kosovo
http://www.wikidata.org/entity/Q11680596,Fuensaldaña Castle,castle,Spain
http://www.wikidata.org/entity/Q12790244,Murska Sobota Castle,castle,Slovenia
http://www.wikidata.org/entity/Q29367925,castle of Falces,castle,Spain
http://www.wikidata.org/entity/Q1012008,Burg Graben,castle,Austria
http://www.wikidata.org/entity/Q1012925,Burg Lichtenberg,castle,Germany
http://www.wikidata.org/entity/Q1012785,Burg Kühnring,castle,Austria
http://www.wikidata.org/entity/Q56661783,"Loch Dochart, castle",castle,United Kingdom
http://www.wikidata.org/entity/Q2075590,Château de Gœulzin,castle,France
http://www.wikidata.org/entity/Q11913112,Vila Vella (Tossa de Mar),castle | city walls,Spain
http://www.wikidata.org/entity/Q78661030,Château de Montrond,castle,France
http://www.wikidata.org/entity/Q1738764,Kenilworth Castle,castle | historic house museum,United Kingdom
http://www.wikidata.org/entity/Q3572201,Castillo de Sibirana,castle | Monument (Spain),Spain
http://www.wikidata.org/entity/Q21196191,Castello di Luzzara,castle,Italy
http://www.wikidata.org/entity/Q2968164,Château d'Aulnois-sous-Laon,castle,France
http://www.wikidata.org/entity/Q26620322,Rose Castle,castle,United Kingdom
http://www.wikidata.org/entity/Q2970285,Château de Pornic,castle,France
http://www.wikidata.org/entity/Q1013750,Burg Roßlau,castle,Germany
http://www.wikidata.org/entity/Q2744194,Château d'Aulteribe,castle,France
http://www.wikidata.org/entity/Q1013865,Burg Schell-Pyrmont,castle,Germany
http://www.wikidata.org/entity/Q209643,Mir Castle Complex,castle,Belarus
http://www.wikidata.org/entity/Q12163113,"Prison Castle, Hlukhiv",castle,Ukraine
http://www.wikidata.org/entity/Q1015983,Burgstall Schenkensee,castle,Germany
http://www.wikidata.org/entity/Q1011139,Burg Boxberg,castle,Germany
http://www.wikidata.org/entity/Q5726247,Khanik Castle,castle,Iran
http://www.wikidata.org/entity/Q3695846,Castle of Abrantes,castle | cultural heritage,Portugal
http://www.wikidata.org/entity/Q7313158,Renfrew Castle,castle,United Kingdom
http://www.wikidata.org/entity/Q12050513,Rytířská jeskyně,castle | cave,Czech Republic
http://www.wikidata.org/entity/Q24659467,Castle Tump,castle | archaeological site,United Kingdom
http://www.wikidata.org/entity/Q1014256,Burg Torstein,castle,Germany
http://www.wikidata.org/entity/Q65155655,Orgeix Castle,castle,France
http://www.wikidata.org/entity/Q18416876,Castel Barco,castle,Italy
http://www.wikidata.org/entity/Q97620787,Fuerte de San Luis,monument | castle,Spain
http://www.wikidata.org/entity/Q98279331,Cultural heritage D-3-6038-0020 in Waldershof,castle | château | feature | Bodendenkmal,Germany
http://www.wikidata.org/entity/Q25554982,Fortress of Ključ,fortress | castle,Bosnia and Herzegovina
http://www.wikidata.org/entity/Q3662744,Castle of Montessoro,castle,Italy
http://www.wikidata.org/entity/Q5757373,Castillo de Inesque,castle,Spain
http://www.wikidata.org/entity/Q106317100,Castell d'Aguilar,castle,Spain
http://www.wikidata.org/entity/Q2968916,Château de Chenavel,castle,France
http://www.wikidata.org/entity/Q11775208,Ivančice Castle,castle,Czech Republic
http://www.wikidata.org/entity/Q113381056,Castle of Spessa,castle,Italy
http://www.wikidata.org/entity/Q49581352,Burg Mildenstein,castle,Germany
http://www.wikidata.org/entity/Q18004956,Château de Montferrer,castle,France
http://www.wikidata.org/entity/Q27704769,Valovista Fortress,castle,Greece
http://www.wikidata.org/entity/Q83719367,Château fort de Mauléon Barousse,castle,France
http://www.wikidata.org/entity/Q67772511,Castello di Villa,castle,Italy
http://www.wikidata.org/entity/Q34599174,Casalgrande Castle,castle,Italy
http://www.wikidata.org/entity/Q109064522,Haus Groß-Schonebeck,architectural structure | castle,Germany
http://www.wikidata.org/entity/Q1385938,Ruine Ehestetten,castle,Germany
http://www.wikidata.org/entity/Q2968933,Château de Chissey-en-Morvan,castle,France
http://www.wikidata.org/entity/Q113553690,- Valentini Castle,castle,Italy
http://www.wikidata.org/entity/Q38281765,Castle of Sikinos,castle,Greece
http://www.wikidata.org/entity/Q2242655,Burg Neuhaus,castle | château,Austria
http://www.wikidata.org/entity/Q1011520,Burg Ebingen,castle,Germany
http://www.wikidata.org/entity/Q2968222,Château d'Esnon,castle,France
http://www.wikidata.org/entity/Q8342137,Castell Formós,castle,Spain
http://www.wikidata.org/entity/Q2970533,Château de Saint-Izaire,castle,France
http://www.wikidata.org/entity/Q1940070,Mittelburg,castle,Germany
http://www.wikidata.org/entity/Q2969580,"Château de la Roche, Doubs",castle,France
http://www.wikidata.org/entity/Q55743611,Castle of Hita,castle,Spain
http://www.wikidata.org/entity/Q1013374,Castle Obermontani,castle,Italy
http://www.wikidata.org/entity/Q2968899,Château de Chaumont,castle,France
http://www.wikidata.org/entity/Q1013143,Montguerlhe,castle,France
http://www.wikidata.org/entity/Q5118773,Château de Frôlois,castle,France
http://www.wikidata.org/entity/Q118434008,Rocca di Rivoli,castle | promontory | ruins | archaeological site,Italy
http://www.wikidata.org/entity/Q3533430,Tour de Ratières,castle,France
http://www.wikidata.org/entity/Q2970064,Château de Morlet,castle,France
http://www.wikidata.org/entity/Q140998,Ostroh Castle,castle,Ukraine
http://www.wikidata.org/entity/Q113563435,Castello Peralta,castle,Italy
http://www.wikidata.org/entity/Q14545052,Dornsberg Castle,castle,Italy
http://www.wikidata.org/entity/Q98257835,Cultural heritage D-5-6930-0274 in Theilenhofen,castle | cemetery | grave | Bodendenkmal | parish church,Germany
http://www.wikidata.org/entity/Q12049780,Ronov,castle,Czech Republic
http://www.wikidata.org/entity/Q113375587,castello di Casanova Elvo,castle,Italy
http://www.wikidata.org/entity/Q435452,Alte Burg,castle,Germany
http://www.wikidata.org/entity/Q98635930,Castle of Leguín,destroyed building or structure | castle,Spain
http://www.wikidata.org/entity/Q22341857,Castello di Illasi,castle,Italy
http://www.wikidata.org/entity/Q2794879,Château de Saint-Geniès,castle | château,France
http://www.wikidata.org/entity/Q17596807,Castell del Montmell,castle,Spain
http://www.wikidata.org/entity/Q3662370,Scaligero Castle,castle | history museum | military museum building | Italian national museum | Museum of the Italian Ministry of Culture | historical park museum | art museum,Italy
http://www.wikidata.org/entity/Q2971812,Château du Ramstein,castle,France
http://www.wikidata.org/entity/Q16538149,Castle,castle,Italy
http://www.wikidata.org/entity/Q1013278,Burg Neuhaus (Eltville),castle | archaeological site,Germany
http://www.wikidata.org/entity/Q1011776,Frankenstein Castle,castle | cultural heritage monument in Germany,Germany
http://www.wikidata.org/entity/Q4185827,Dundrum Castle,castle | destroyed building or structure | State Care Monument,United Kingdom
http://www.wikidata.org/entity/Q21523421,Schloss Hanfelden,castle | château,Austria
http://www.wikidata.org/entity/Q5757101,Castillo de Arrés,castle,Spain
http://www.wikidata.org/entity/Q30893720,Ferns Castle,castle,Ireland
http://www.wikidata.org/entity/Q5757217,Castle of Castillo de Garcimuñoz,castle,Spain
http://www.wikidata.org/entity/Q5884626,Ashpaz Khaneh Zahhak Castle,castle,Iran
http://www.wikidata.org/entity/Q48753006,Château de la Ducherie,castle,France
http://www.wikidata.org/entity/Q108873383,lo Castellet,castle,Spain
http://www.wikidata.org/entity/Q5118685,Château Lagorce,castle | château,France
http://www.wikidata.org/entity/Q29522035,Götzental Castle,castle | chapel | building complex,Switzerland
http://www.wikidata.org/entity/Q60421311,Château de Souvray,castle,France
http://www.wikidata.org/entity/Q1015959,Burgstall Welden,castle | archaeological site,Germany
http://www.wikidata.org/entity/Q17792252,East Saltoun Old Castle,castle,United Kingdom
http://www.wikidata.org/entity/Q1462460,Kolvenburg,castle,Germany
http://www.wikidata.org/entity/Q131429038,Huis Herlaar,castle | buitenplaats,Netherlands
http://www.wikidata.org/entity/Q113042815,Castello di Tarbiga,castle,Italy
http://www.wikidata.org/entity/Q43162786,Castillo de Darro,monument | castle,Spain
http://www.wikidata.org/entity/Q2969952,Parc Buffon,museum | castle,France
http://www.wikidata.org/entity/Q98332732,Cultural heritage D-1-7742-0008 in Marktl,castle | human settlement | hilltop settlement | Bodendenkmal,Germany
http://www.wikidata.org/entity/Q65146267,Fort Pépin,castle,France
http://www.wikidata.org/entity/Q1590221,Haus Horst,castle,Germany
http://www.wikidata.org/entity/Q11215014,Bludovský Hrad,castle,Czech Republic
http://www.wikidata.org/entity/Q1013825,Burg Sayda,castle,Germany
http://www.wikidata.org/entity/Q5757734,"Castillo de la Villa, Martos",castle,Spain
http://www.wikidata.org/entity/Q108664828,Vasilikata castle,castle,Greece
http://www.wikidata.org/entity/Q2968451,Saint-Cheron,castle | château,France
http://www.wikidata.org/entity/Q67680901,Biggar Castle,castle,United Kingdom
http://www.wikidata.org/entity/Q1011682,Falkenstein Castle,castle,Germany
http://www.wikidata.org/entity/Q22329669,Château du Bec-Crespin,castle,France
http://www.wikidata.org/entity/Q1012048,Burg Grimburg,castle | cultural heritage monument in Germany,Germany
http://www.wikidata.org/entity/Q83719534,Château fort de Razens,castle,France
http://www.wikidata.org/entity/Q1630607,Hostin Hradec,destroyed building or structure | castle,Czech Republic
http://www.wikidata.org/entity/Q22936069,Château de Naucase,castle | château,France
http://www.wikidata.org/entity/Q683552,Wildenstein Castle,castle,Switzerland
http://www.wikidata.org/entity/Q95483848,Galliera Castle,castle,Italy
http://www.wikidata.org/entity/Q113172388,Castle of Castelvecchio,castle,Italy
http://www.wikidata.org/entity/Q2968062,Château d'Ambérieux-en-Dombes,castle,France
http://www.wikidata.org/entity/Q1723316,Wartenstein Castle,castle | castle ruin,Switzerland
http://www.wikidata.org/entity/Q1266322,Dunyvaig Castle,castle,United Kingdom
http://www.wikidata.org/entity/Q2968084,Château d'Anserville,castle,France
http://www.wikidata.org/entity/Q1428593,Fliehburg (Ittelsburg),castle | archaeological site,Germany
http://www.wikidata.org/entity/Q3533460,Château de Thibault de Termes,castle,France
http://www.wikidata.org/entity/Q111480586,Torre de la Quintana,castle,Spain
http://www.wikidata.org/entity/Q15106208,Abschnittsbefestigung Kirchberg,castle | archaeological site,Germany
http://www.wikidata.org/entity/Q741807,Burg Gutach,castle,Germany
http://www.wikidata.org/entity/Q7162548,Castle of Penela,castle | cultural heritage,Portugal
http://www.wikidata.org/entity/Q14333106,Burg Stubenberg,castle,Germany
http://www.wikidata.org/entity/Q24659343,Coed Caeau Castle,ringwork castle | castle,United Kingdom
http://www.wikidata.org/entity/Q24659334,Llandelio Graben Motte,castle,United Kingdom
http://www.wikidata.org/entity/Q2970226,Château de Pignerolle,castle,France
http://www.wikidata.org/entity/Q113366749,Lower castle,castle,Italy
http://www.wikidata.org/entity/Q14971223,Castle Nižbor,castle | château,Czech Republic
http://www.wikidata.org/entity/Q1013350,Castle Normannstein,castle | castle ruin,Germany
http://www.wikidata.org/entity/Q21037201,Baldoon Castle,castle,United Kingdom
http://www.wikidata.org/entity/Q30049573,Leśna castle in Szczytna,castle | palace,Poland
http://www.wikidata.org/entity/Q29359856,Castle-Palace of Ador,castle,Spain
http://www.wikidata.org/entity/Q2969104,Dale Castle,castle | fortified manor house,United Kingdom
http://www.wikidata.org/entity/Q3794162,Polnoon Castle,castle,United Kingdom
http://www.wikidata.org/entity/Q3662721,Castello di Monte Cucco,castle,Italy
http://www.wikidata.org/entity/Q22998938,Château Gallifort,castle,Belgium
http://www.wikidata.org/entity/Q106074893,Castello Marcosanti,castle,Italy
http://www.wikidata.org/entity/Q1425465,Hildagsburg,castle,Germany
http://www.wikidata.org/entity/Q38106978,Wasserburg Grafenwörth,castle,Austria
http://www.wikidata.org/entity/Q2970318,Château du Puy Vidal,castle,France
http://www.wikidata.org/entity/Q125627901,château de la Commanderie,castle,France
http://www.wikidata.org/entity/Q5049770,Castle of Chaves,castle | cultural heritage,Portugal
http://www.wikidata.org/entity/Q1013893,Burg Schlossberg (Uttenweiler),castle,Germany
http://www.wikidata.org/entity/Q2656838,Kosava Castle,castle | palace,Belarus
http://www.wikidata.org/entity/Q21155908,Castelo de Monforte de Lemos,castle,Spain
http://www.wikidata.org/entity/Q108471382,Castello di Scribla,castle,Italy
http://www.wikidata.org/entity/Q5757603,Castle of Fuentes de Valdepero,castle,Spain
http://www.wikidata.org/entity/Q2971201,Château de la Cosse,castle,France
http://www.wikidata.org/entity/Q28407838,Mar's Castle,castle,United Kingdom
http://www.wikidata.org/entity/Q1014462,Burg Waldhausen,castle,Germany
http://www.wikidata.org/entity/Q2968656,Château de Bressey-sur-Tille,castle,France
http://www.wikidata.org/entity/Q22969952,Castillo de La Iglesia,castle | tower | aljibe,Spain
http://www.wikidata.org/entity/Q112657432,castillo-palacio de Riolago,castle | palace,Spain
http://www.wikidata.org/entity/Q2971238,Château de la Fleunie,castle | château,France
http://www.wikidata.org/entity/Q6558835,Lisheen Castle,castle,Ireland
http://www.wikidata.org/entity/Q2970262,Château de Poncé-sur-le-Loir,castle,France
http://www.wikidata.org/entity/Q4981241,"Castle of Alcalá la Vieja, Alcalá de Henares",castle | archaeological site,Spain
http://www.wikidata.org/entity/Q83719165,Château fort de Foulioles,castle,France
http://www.wikidata.org/entity/Q1013926,Burg Schwabsburg,castle,Germany
http://www.wikidata.org/entity/Q542693,Château de Tiregand,castle | château,France
http://www.wikidata.org/entity/Q5049829,Castelo de Sines,castle | cultural heritage,Portugal
http://www.wikidata.org/entity/Q1015833,Burgstall Liebenstein,castle | archaeological site,Germany
http://www.wikidata.org/entity/Q908033,Domahidy-hegy,castle,Hungary
http://www.wikidata.org/entity/Q6531610,"Qal'eh Dokhtar, Qez Qaleh",castle,Iran
http://www.wikidata.org/entity/Q43121048,Castell de Malla,castle,Spain
http://www.wikidata.org/entity/Q78660646,Château de Blaisy-Haut,castle,France
http://www.wikidata.org/entity/Q5757193,Castle of Caracena,castle,Spain
http://www.wikidata.org/entity/Q35517181,Castle of Ibdes,castle,Spain
http://www.wikidata.org/entity/Q5872939,Surin Castle,castle,Iran
http://www.wikidata.org/entity/Q2967965,Château Raoul,castle,France
http://www.wikidata.org/entity/Q17615514,Castell de Santa Coloma de Queralt,castle,Spain
http://www.wikidata.org/entity/Q131443388,Castello Massimo,castle,Italy
http://www.wikidata.org/entity/Q3662777,Castello di Ozegna,castle,Italy
http://www.wikidata.org/entity/Q1785178,Neues Schloss,castle,Germany
http://www.wikidata.org/entity/Q8342455,Castell de Mogoda,castle,Spain
http://www.wikidata.org/entity/Q241225,Nowy Dwór Castle in Wałbrzych,castle,Poland
http://www.wikidata.org/entity/Q1320427,Alnwick Castle,castle | historic house museum,United Kingdom
http://www.wikidata.org/entity/Q1011188,Burg Brobeck,castle,Germany
http://www.wikidata.org/entity/Q30042588,Ål Castle,castle,Sweden
http://www.wikidata.org/entity/Q17793091,Naughton Castle,castle,United Kingdom
http://www.wikidata.org/entity/Q5928848,Firuzabad Castle,castle,Iran
http://www.wikidata.org/entity/Q1011276,Burg Bömene,castle,Germany
http://www.wikidata.org/entity/Q1011813,Burg Freienstein,castle,Germany
http://www.wikidata.org/entity/Q115473063,Château de Sommerau,castle,France
http://www.wikidata.org/entity/Q15138922,Castle Goyen,castle,Italy
http://www.wikidata.org/entity/Q2242073,Château de Villiers-le-Mahieu,castle | château,France
http://www.wikidata.org/entity/Q113375092,Castello di Passerano,castle,Italy
http://www.wikidata.org/entity/Q107538709,Burg Rotenburg,castle,Germany
http://www.wikidata.org/entity/Q15940222,Château de Reichenberg,castle,France
http://www.wikidata.org/entity/Q1011454,Burg Dietenberg,castle,Germany
http://www.wikidata.org/entity/Q1048699,Castellaccio di Monreale,castle,Italy
http://www.wikidata.org/entity/Q114008994,Castello di Fosini,castle,Italy
http://www.wikidata.org/entity/Q15108312,Burg Wahrenholz,castle,Germany
http://www.wikidata.org/entity/Q1010981,Burg Betzenstein,castle,Germany
http://www.wikidata.org/entity/Q97631148,Ruicerezo,village | castle | foundry | archaeological site,Spain
http://www.wikidata.org/entity/Q48205199,Schloss Am Schloß 7,castle,Germany
http://www.wikidata.org/entity/Q111274322,Castle Lelowie,castle,Poland
http://www.wikidata.org/entity/Q3662417,Castello dei Vicari,museum | castle,Italy
http://www.wikidata.org/entity/Q113341577,Castello Malatestiano,castle,Italy
http://www.wikidata.org/entity/Q1012755,Burg Kräheneck,castle,Germany
http://www.wikidata.org/entity/Q56361357,Ightermurragh Castle,castle,Ireland
http://www.wikidata.org/entity/Q1015940,Burgstall Trohe,architectural structure | castle,Germany
http://www.wikidata.org/entity/Q5049790,Castle of Mogadouro,castle | cultural heritage,Portugal
http://www.wikidata.org/entity/Q11913189,Castellnou de Bassella,castle,Spain
http://www.wikidata.org/entity/Q7597996,Stanage Park,castle | country house,United Kingdom
http://www.wikidata.org/entity/Q29345551,Castillo de Vera de Moncayo,castle,Spain
http://www.wikidata.org/entity/Q17596431,Castell de Montfalcó,castle,Spain
http://www.wikidata.org/entity/Q26905504,Clara Castle,castle,Ireland
http://www.wikidata.org/entity/Q2970381,Château de Rocan,castle,France
http://www.wikidata.org/entity/Q111521196,Castello Normanno di Casaluce,castle,Italy
http://www.wikidata.org/entity/Q13133111,Viciebsk Castle,castle,Belarus
http://www.wikidata.org/entity/Q20985577,Château de Saint-Nazaire,castle,France
http://www.wikidata.org/entity/Q7070164,Nurmuiža Castle,castle,Latvia
http://www.wikidata.org/entity/Q25112757,Castello Aliforni,castle,Italy
http://www.wikidata.org/entity/Q4026037,Rio Castle,fortress | castle,Greece
http://www.wikidata.org/entity/Q2186251,Château de Florac,castle,France
http://www.wikidata.org/entity/Q402419,Saltwood Castle,castle,United Kingdom
http://www.wikidata.org/entity/Q15254596,Moil Castle,castle,United Kingdom
http://www.wikidata.org/entity/Q2441610,Tonenburg,castle,Germany
http://www.wikidata.org/entity/Q19646904,Castillo de Albarracín,castle | Monument (Spain),Spain
http://www.wikidata.org/entity/Q2968007,Castello Tramontano,castle,Italy
http://www.wikidata.org/entity/Q56303651,Château des Blondes,castle,France
http://www.wikidata.org/entity/Q2970179,Château de Parentignat,castle,France
http://www.wikidata.org/entity/Q67144726,Folignano's Castle,castle,Italy
http://www.wikidata.org/entity/Q2468464,Navahrudak Castle,castle | ruins,Belarus
http://www.wikidata.org/entity/Q2970985,Château de Villaines,castle,France
http://www.wikidata.org/entity/Q112657835,Achnacloich Castle,castle,United Kingdom
http://www.wikidata.org/entity/Q17741280,Penhow Castle,castle,United Kingdom
http://www.wikidata.org/entity/Q106077971,Resti del Castello detto I Pilastri,castle,Italy
http://www.wikidata.org/entity/Q108783135,Melnytsia-Podilska castle,castle,Ukraine
http://www.wikidata.org/entity/Q2202660,Château d'Ablon,castle,France
http://www.wikidata.org/entity/Q2175383,Ruine Plixholz,castle | archaeological site,Germany
http://www.wikidata.org/entity/Q2971221,Château de la Faye,castle,France
http://www.wikidata.org/entity/Q73229123,Castell d'Arget,castle,Spain
http://www.wikidata.org/entity/Q38909334,Maindee Camp,castle,United Kingdom
http://www.wikidata.org/entity/Q15665685,Gemmingensches Schloss Widdern,castle,Germany
http://www.wikidata.org/entity/Q113432775,Castello Belvedere,castle,Italy
http://www.wikidata.org/entity/Q20106569,Restes de la fortalesa al Puigterrà,castle,Spain
http://www.wikidata.org/entity/Q1470984,Frundsburg,castle,Germany
http://www.wikidata.org/entity/Q7999733,Wigtown Castle,castle,United Kingdom
http://www.wikidata.org/entity/Q10433136,Iso Linnamäki,hillfort | castle,Finland
http://www.wikidata.org/entity/Q98218640,Cultural heritage D-4-6035-1019 in Eckersdorf,castle | château | feature | Bodendenkmal,Germany
http://www.wikidata.org/entity/Q55049132,Tynte's Castle,castle,Ireland
http://www.wikidata.org/entity/Q126711479,Castlederg Castle,castle,United Kingdom
http://www.wikidata.org/entity/Q25556748,Visuć Fortress,fortress | castle,Bosnia and Herzegovina
http://www.wikidata.org/entity/Q21402381,Castell de Gerb,castle,Spain
http://www.wikidata.org/entity/Q4185860,Alcazaba,village | monument | castle | grave,Spain
http://www.wikidata.org/entity/Q1014362,Burg Vehlefanz,castle,Germany
http://www.wikidata.org/entity/Q113376873,Castello di Piansuola,castle,Italy
http://www.wikidata.org/entity/Q429529,Château de Fallavier,castle,France
http://www.wikidata.org/entity/Q1012866,Laudegg Castle,castle | ruins,Austria
http://www.wikidata.org/entity/Q21622540,Castell de la Cirera,castle,Spain
http://www.wikidata.org/entity/Q1014618,Burg Wilhelmstein,castle,Germany
http://www.wikidata.org/entity/Q83719803,Château fort Saint Michel,castle,France
http://www.wikidata.org/entity/Q2970986,Château de Villar-en-Val,castle,France
http://www.wikidata.org/entity/Q2243272,Schloss Saathain,manor estate | castle | estate,Germany
http://www.wikidata.org/entity/Q17662028,Hapton Castle,castle,United Kingdom
http://www.wikidata.org/entity/Q2550834,Wasserburg Isserstedt,castle,Germany
http://www.wikidata.org/entity/Q55728051,Castle of Alconchel de la Estrella,castle,Spain
http://www.wikidata.org/entity/Q22951875,Château de Lillebonne,castle,France
http://www.wikidata.org/entity/Q29363751,Strzelce Opolskie Castle,castle | château,Poland
http://www.wikidata.org/entity/Q98351449,Cultural heritage D-1-7433-0149 in Schrobenhausen,castle | human settlement | Bodendenkmal,Germany
http://www.wikidata.org/entity/Q65128391,Château de Boissezon,castle,France
http://www.wikidata.org/entity/Q3662468,Andora Castle,castle,Italy
http://www.wikidata.org/entity/Q112018496,Castello di Serragiumenta,hotel | castle,Italy
http://www.wikidata.org/entity/Q97641130,Castillo,monument | castle,Spain
http://www.wikidata.org/entity/Q15127780,Pieszyce Castle,castle,Poland
http://www.wikidata.org/entity/Q2971623,Château du Bosquet,castle,France
http://www.wikidata.org/entity/Q107303229,Castell de la Bastida de Ponts,castle,Spain
http://www.wikidata.org/entity/Q114797131,Castle of El Castellar,castle,Spain
http://www.wikidata.org/entity/Q108664813,Castle of Lambros,castle,Greece
http://www.wikidata.org/entity/Q37963634,"Altenburger Stiftshof, Langenlois",castle,Austria
http://www.wikidata.org/entity/Q1048844,Castello Svevo,castle,Italy
http://www.wikidata.org/entity/Q5049831,Castle of Sortelha,castle | cultural heritage,Portugal
http://www.wikidata.org/entity/Q11706432,Bánov,castle,Czech Republic
http://www.wikidata.org/entity/Q3662718,Castello di Montalto,castle,Italy
http://www.wikidata.org/entity/Q24568089,Castillo del Cachorro,castle,Spain
http://www.wikidata.org/entity/Q2969726,Lindholmen Castle,castle | ruins,Sweden
http://www.wikidata.org/entity/Q22986204,Château de Boulbon,castle,France
http://www.wikidata.org/entity/Q24660208,Morley Castle,castle,United Kingdom
http://www.wikidata.org/entity/Q3662688,Castello di Melendugno,castle,Italy
http://www.wikidata.org/entity/Q98378408,Cultural heritage D-2-7341-0009 in Pilsting,church building | castle | château | Bodendenkmal | chapel | feature | preceding structure,Germany
http://www.wikidata.org/entity/Q98280125,Cultural heritage D-3-6841-0021 in Traitsching,castle | château | Bodendenkmal | chapel | feature,Germany
http://www.wikidata.org/entity/Q119104098,Ilava,prison | castle,Slovakia
http://www.wikidata.org/entity/Q2154144,Ringwallanlage Galapa,castle,Germany
http://www.wikidata.org/entity/Q2968701,Château de Bucy-le-Long,castle,France
http://www.wikidata.org/entity/Q1049198,Castillo de La Calahorra,castle,Spain
http://www.wikidata.org/entity/Q1015774,Burgstall Hattenberg,castle | archaeological site,Germany
http://www.wikidata.org/entity/Q115475285,Rheineck,castle,France
http://www.wikidata.org/entity/Q5757542,Castillo de Rochafrida,castle,Spain
http://www.wikidata.org/entity/Q54555894,St Martins,castle,United Kingdom
http://www.wikidata.org/entity/Q5685543,Hawthornden Castle,creative residency | castle,United Kingdom
http://www.wikidata.org/entity/Q5899992,Ammameh Castle,castle | cultural property,Iran
http://www.wikidata.org/entity/Q38025014,Burgstall Sand,castle,Austria
http://www.wikidata.org/entity/Q56190471,Castillo de la Mota,castle,Spain
http://www.wikidata.org/entity/Q116150584,Castle of Stavros,castle,Greece
http://www.wikidata.org/entity/Q113997163,Castello Mirabello,castle,Italy
http://www.wikidata.org/entity/Q2970256,Château de Pommiers,castle,France
http://www.wikidata.org/entity/Q2969358,Château de Greifenstein,castle,France
http://www.wikidata.org/entity/Q117428449,Le Bon Pasteur,monastery | castle | summer residence | retirement home,France
http://www.wikidata.org/entity/Q41393765,Burgruine,castle,Germany
http://www.wikidata.org/entity/Q6344594,Kacenštajn Castle,castle,Slovenia
http://www.wikidata.org/entity/Q1011200,Gut Bruchmühlen,castle,Germany
http://www.wikidata.org/entity/Q2968480,Château de Beaume,castle,France
http://www.wikidata.org/entity/Q78661123,Château de Roussille,castle,France
http://www.wikidata.org/entity/Q1014536,Burg Wels,museum | castle,Austria
http://www.wikidata.org/entity/Q2971914,Château de Gudanes,castle,France
http://www.wikidata.org/entity/Q1012155,Burg Hagen,castle | building,Germany
http://www.wikidata.org/entity/Q15495345,Castillo de las Escobetas,monument | castle,Spain
http://www.wikidata.org/entity/Q29345490,Castillo de Castejón de las Armas,castle,Spain
http://www.wikidata.org/entity/Q15939985,Château de Beaulieu,castle,Belgium
http://www.wikidata.org/entity/Q1014500,Burg Weckenstein,castle,Germany
http://www.wikidata.org/entity/Q1013889,Burg Schleifenrain,castle | castle ruin,Switzerland
http://www.wikidata.org/entity/Q17848797,Inchmurrin Castle,castle,United Kingdom
http://www.wikidata.org/entity/Q733039,Dautenstein Castle,castle,Germany
http://www.wikidata.org/entity/Q108664817,Castle of Lechries,castle,Greece
http://www.wikidata.org/entity/Q2368947,Lismore Castle,castle | art gallery | art museum,Ireland
http://www.wikidata.org/entity/Q21534318,Castle Ledenice,destroyed building or structure | castle,Czech Republic
http://www.wikidata.org/entity/Q3662461,Castle of Albinea,castle,Italy
http://www.wikidata.org/entity/Q15944509,Château de Genas,castle,France
http://www.wikidata.org/entity/Q113324587,Castello di Denzano,castle,Italy
http://www.wikidata.org/entity/Q20009078,Castello di Cacchiano,castle,Italy
http://www.wikidata.org/entity/Q78660711,Château de Ceyras,castle,France
http://www.wikidata.org/entity/Q5917994,Qaroun Amirieh Castle,castle,Iran
http://www.wikidata.org/entity/Q1477574,Schloss Baldeney,castle,Germany
http://www.wikidata.org/entity/Q98330829,Cultural heritage D-1-7034-0048 in Kipfenberg,castle | Bronze Age settlement | fortification | German promontory fort | Bodendenkmal | human settlement,Germany
http://www.wikidata.org/entity/Q98362092,Cultural heritage D-2-7146-0001 in Grafenau (Niederbayern),castle | château | Bodendenkmal | chapel | feature,Germany
http://www.wikidata.org/entity/Q1010657,Burg Adelebsen,castle,Germany
http://www.wikidata.org/entity/Q1590450,Haus Rauental,castle | timber-framed house | Burgstall,Germany
http://www.wikidata.org/entity/Q15943966,Château Grillot,castle,France
http://www.wikidata.org/entity/Q742767,Dublin Castle,castle,Ireland
http://www.wikidata.org/entity/Q5049732,Castle of Lousã,castle | cultural heritage,Portugal
http://www.wikidata.org/entity/Q1012121,Burg Gutenburg,castle,Switzerland
http://www.wikidata.org/entity/Q18913599,Hradové Střimelice Castle,castle,Czech Republic
http://www.wikidata.org/entity/Q4867508,Basing House,museum | castle | English country house | independent museum,United Kingdom
http://www.wikidata.org/entity/Q114012184,Castello di Giovagallo,castle,Italy
http://www.wikidata.org/entity/Q2969935,Château de Montaiguët-en-Forez,castle,France
http://www.wikidata.org/entity/Q1014706,Burg am Leopoldsberg,castle | cultural property,Austria
http://www.wikidata.org/entity/Q39012081,Tregawnll,castle | ruins,United Kingdom
http://www.wikidata.org/entity/Q55049158,Ballynacarriga House,castle,Ireland
http://www.wikidata.org/entity/Q13220453,Château Saint-Léon,castle,France
http://www.wikidata.org/entity/Q5689410,Castle of Soria,castle,Spain
http://www.wikidata.org/entity/Q37975427,Mittelalterlicher Burgstall,castle,Austria
http://www.wikidata.org/entity/Q9706060,St Fagans Castle,castle | manor house,United Kingdom
http://www.wikidata.org/entity/Q1013522,Pořešín Castle,castle | castle ruin,Czech Republic
http://www.wikidata.org/entity/Q1013446,Osterspai Castle,castle,Germany
http://www.wikidata.org/entity/Q102402322,Castello di Serravalle,castle,Italy
http://www.wikidata.org/entity/Q107339314,Nogueres,castle,Spain
http://www.wikidata.org/entity/Q1012640,Kenzingen Castle,castle,Germany
http://www.wikidata.org/entity/Q113375093,Castello di Marmorito,castle,Italy
http://www.wikidata.org/entity/Q2969062,Château de Courcy,castle,France
http://www.wikidata.org/entity/Q15943987,Château-Dessus,castle,France
http://www.wikidata.org/entity/Q2970419,Château de Roquedols,castle,France
http://www.wikidata.org/entity/Q117774635,Tafaria Castle & Centre for the Arts,creative residency | castle,Kenya
http://www.wikidata.org/entity/Q1012910,Burg Linzenberg,castle,Germany
http://www.wikidata.org/entity/Q30876517,General Mrázek 16 with a garden,villa | castle,Czech Republic
http://www.wikidata.org/entity/Q98360947,Cultural heritage D-2-7246-0025 in Fürsteneck,castle | Bodendenkmal | parish church | feature | preceding structure,Germany
http://www.wikidata.org/entity/Q20679293,Castell de la Torreta de Secardit,castle,Spain
http://www.wikidata.org/entity/Q17743079,Bronllys Castle,castle | archaeological site,United Kingdom
http://www.wikidata.org/entity/Q1014124,Burg Sternberg,castle,Germany
http://www.wikidata.org/entity/Q56361296,Dunmahon Castle,castle,Ireland
http://www.wikidata.org/entity/Q2970999,Château de Villandraut,castle,France
http://www.wikidata.org/entity/Q64518340,Uggiano Castle,castle,Italy
http://www.wikidata.org/entity/Q1010994,Bibiton Castle,castle | castle ruin,Switzerland
http://www.wikidata.org/entity/Q2968823,Château de Challain-la-Potherie,castle,France
http://www.wikidata.org/entity/Q111917563,Château de Montmélian,castle,France
http://www.wikidata.org/entity/Q5757106,Castle of Aulencia,castle,Spain
http://www.wikidata.org/entity/Q98107747,Castello di Cicala,castle,Italy
http://www.wikidata.org/entity/Q5757177,Castillo de Brozas,castle,Spain
http://www.wikidata.org/entity/Q112323182,Castello di Montegualandro,castle,Italy
http://www.wikidata.org/entity/Q113375743,Castello di Lignana,castle,Italy
http://www.wikidata.org/entity/Q115729637,Cattaneo Castle,castle,Switzerland
http://www.wikidata.org/entity/Q258217,Burghausen Castle,castle,Germany
http://www.wikidata.org/entity/Q12105755,Laszki Murowane Castle,castle,Ukraine
http://www.wikidata.org/entity/Q1756534,Ujazdów Castle,castle,Poland
http://www.wikidata.org/entity/Q2969805,Château de Marigny,castle,France
http://www.wikidata.org/entity/Q43164086,Castillo de Espinareda,monument | castle,Spain
http://www.wikidata.org/entity/Q2968131,Château d'Ars,castle,France
http://www.wikidata.org/entity/Q11912989,Castell d'Amposta,castle,Spain
http://www.wikidata.org/entity/Q5249731,Deddington Castle,castle,United Kingdom
http://www.wikidata.org/entity/Q2373236,Edzell Castle,castle | walled garden,United Kingdom
http://www.wikidata.org/entity/Q5888209,Agha Khan Liravi Castle,castle | cultural property,Iran
http://www.wikidata.org/entity/Q113555705,Castello di Bonvicino,castle,Italy
http://www.wikidata.org/entity/Q108328734,Castello di Fratta,castle,Italy
http://www.wikidata.org/entity/Q5951381,Noushijan Tappe,castle,Iran
http://www.wikidata.org/entity/Q13048664,Castillo de Buñol,castle,Spain
http://www.wikidata.org/entity/Q5072569,Chanonry of Ross,castle,United Kingdom
http://www.wikidata.org/entity/Q2971140,Château de la Barre,castle,France
http://www.wikidata.org/entity/Q22962821,Castell de Blancafort,castle,Spain
http://www.wikidata.org/entity/Q2970510,Château de Saint-Ferriol,castle,France
http://www.wikidata.org/entity/Q1012061,Burg Groß-Vernich,castle,Germany
http://www.wikidata.org/entity/Q1014317,Týřov,castle | castle ruin,Czech Republic
http://www.wikidata.org/entity/Q1508342,Manorbier Castle,castle,United Kingdom
http://www.wikidata.org/entity/Q1012638,Burg Kempen,castle,Germany
http://www.wikidata.org/entity/Q83719330,Château fort de Louvagny,castle,France
http://www.wikidata.org/entity/Q1753680,Ranzenburg,castle,Germany
http://www.wikidata.org/entity/Q22348432,Hattert Castle,castle,Netherlands
http://www.wikidata.org/entity/Q1015722,Burgstall Edelburg,castle,Germany
http://www.wikidata.org/entity/Q2971348,Château de la Punta,castle,France
http://www.wikidata.org/entity/Q42887888,Upsettlington Castle,castle,United Kingdom
http://www.wikidata.org/entity/Q4889625,castle of Almenara,monument | castle,Spain
http://www.wikidata.org/entity/Q16538161,Castle Cavour of Santena,castle | museum of a public entity | palazzo museum,Italy
http://www.wikidata.org/entity/Q1013581,Ranis,castle,Germany
http://www.wikidata.org/entity/Q16538122,Castello Medioevale,castle,Italy
http://www.wikidata.org/entity/Q16544603,Castle of Villafranca del Bierzo,monument | castle,Spain
http://www.wikidata.org/entity/Q5118729,Château d'Entrechaux,castle,France
http://www.wikidata.org/entity/Q17775907,Boyne Castle,castle,United Kingdom
http://www.wikidata.org/entity/Q13046961,Trebisht,castle,Albania
http://www.wikidata.org/entity/Q17596265,Castell de l'Estada,castle,Spain
http://www.wikidata.org/entity/Q6042116,Bayburt Castle,castle,Turkey
http://www.wikidata.org/entity/Q2970863,Château de Trévoux,castle,France
http://www.wikidata.org/entity/Q1015688,Burgstall Bachern,castle | archaeological site,Germany
http://www.wikidata.org/entity/Q5049838,Castelo de Torres Vedras,castle | cultural heritage,Portugal
http://www.wikidata.org/entity/Q21479902,Castell de Cubells,castle,Spain
http://www.wikidata.org/entity/Q29367500,Castillo de Alfambra,castle,Spain
http://www.wikidata.org/entity/Q15116841,Burg Blasenstein,castle,Austria
http://www.wikidata.org/entity/Q3078029,Saint Aubin's Fort,castle,Jersey
http://www.wikidata.org/entity/Q107805169,Burg Cramme,castle,Germany
http://www.wikidata.org/entity/Q17567554,Pitfirrane Castle,castle,United Kingdom
http://www.wikidata.org/entity/Q16538015,Castello dell'Abbadia,castle,Italy
http://www.wikidata.org/entity/Q98173874,Cultural heritage D-6-5923-0038 in Rieneck,castle | feature | Bodendenkmal,Germany
http://www.wikidata.org/entity/Q1013776,Rychmberk,castle,Czech Republic
http://www.wikidata.org/entity/Q2175266,Ruine Freienstein,castle | castle ruin,Switzerland
http://www.wikidata.org/entity/Q73244440,el Fortinet,castle,Spain
http://www.wikidata.org/entity/Q7856912,Tutbury Castle,castle,United Kingdom
http://www.wikidata.org/entity/Q1011392,Burg Créhange,castle,France
http://www.wikidata.org/entity/Q2969599,Château de La Varenne,castle,France
http://www.wikidata.org/entity/Q21634685,Preußisch Eylau Castle,castle | architectural landmark,Russia
http://www.wikidata.org/entity/Q15790361,Ehemaliges Kapuzinerkloster Radstadt,monastery | castle,Austria
http://www.wikidata.org/entity/Q17830678,Monk Castle,castle,United Kingdom
http://www.wikidata.org/entity/Q5603788,Greencastle,castle,United Kingdom
http://www.wikidata.org/entity/Q2971356,Château de la Rivière,castle,France
http://www.wikidata.org/entity/Q18696065,Castell de Vilobí d'Onyar,castle,Spain
http://www.wikidata.org/entity/Q5118671,Château fort Saint-Georges,castle,France
http://www.wikidata.org/entity/Q98275848,Cultural heritage D-3-6839-0049 in Nittenau,castle | château | feature | Bodendenkmal,Germany
http://www.wikidata.org/entity/Q2970439,Rouelbeau Castle,castle,Switzerland
http://www.wikidata.org/entity/Q117601220,Castle of Nea Santa in Rhodope,castle,Greece
http://www.wikidata.org/entity/Q2499186,Felsenburg,architectural structure | castle,Switzerland
http://www.wikidata.org/entity/Q1012165,Burg Hainchan,castle,Germany
http://www.wikidata.org/entity/Q187933,Castle of El Barco de Ávila,castle,Spain
http://www.wikidata.org/entity/Q11913055,Castell de Meià,castle,Spain
http://www.wikidata.org/entity/Q832656,Uzhhorod Castle,castle,Ukraine
http://www.wikidata.org/entity/Q5868532,Sardar Castle,castle | cultural property,Iran
http://www.wikidata.org/entity/Q12878525,Kalavryta Castle,castle | archaeological site,Greece
http://www.wikidata.org/entity/Q28001096,Castello di Sant'Andrea di Suasa,castle,Italy
http://www.wikidata.org/entity/Q67772693,Zwingenburg,castle,Italy
http://www.wikidata.org/entity/Q111520635,Castello di Canosa,castle,Italy
http://www.wikidata.org/entity/Q15790795,Caerleon Castle,motte-and-bailey castle | castle | motte | castle ruin,United Kingdom
http://www.wikidata.org/entity/Q55371116,Castle of Castiglione Falletto,castle | historical park museum,Italy
http://www.wikidata.org/entity/Q67772724,Pedenale Castle,castle,Italy
http://www.wikidata.org/entity/Q1682966,Jansburg,castle,Germany
http://www.wikidata.org/entity/Q182382,Nürburg Castle,castle | castle ruin,Germany
http://www.wikidata.org/entity/Q104207688,Sternenberg castle site,castle | Burgstall | castle ruin,Switzerland
http://www.wikidata.org/entity/Q69300528,Castello di Carnaiola,castle,Italy
http://www.wikidata.org/entity/Q895595,Schönburg,castle,Germany
http://www.wikidata.org/entity/Q1013419,Burg Oggelshausen,castle,Germany
http://www.wikidata.org/entity/Q108664821,Paleologean Castle of Loganikos,castle,Greece
http://www.wikidata.org/entity/Q2969837,Château de Matval,castle,France
http://www.wikidata.org/entity/Q1013903,Burgruine,castle | archaeological site,Germany
http://www.wikidata.org/entity/Q113361361,Rencio Castle,castle,Italy
http://www.wikidata.org/entity/Q816295,Belvoir Castle,castle | historic house museum,United Kingdom
http://www.wikidata.org/entity/Q109077187,Haus Ichterloh,architectural structure | castle,Germany
http://www.wikidata.org/entity/Q21057660,Castillo Palacio de los Condes de Oropesa,castle | palace,Spain
http://www.wikidata.org/entity/Q1015863,Burgstall Oberdeusch,castle | Burgstall | Bodendenkmal | archaeological site,Germany
http://www.wikidata.org/entity/Q106083835,Castello Soresi,castle,Italy
http://www.wikidata.org/entity/Q15108461,Burgstall Widdersberg,castle | archaeological site,Germany
http://www.wikidata.org/entity/Q98219002,Cultural heritage D-4-5936-0068 in Gefrees,castle | feature | Bodendenkmal,Germany
http://www.wikidata.org/entity/Q56150327,Castillo de Cañamero,castle,Spain
http://www.wikidata.org/entity/Q131554352,Starrenburg,castle | château,Netherlands
http://www.wikidata.org/entity/Q7566919,South Cowton Castle,castle | tower house | farmhouse,United Kingdom
http://www.wikidata.org/entity/Q29367902,Castillo de Biniés,castle,Spain
http://www.wikidata.org/entity/Q1012217,Bau am Ölberg,castle,Germany
http://www.wikidata.org/entity/Q114853906,Burgruine Gossam,castle | ruins,Austria
http://www.wikidata.org/entity/Q5757075,Castle of Almorchón,castle,Spain
http://www.wikidata.org/entity/Q38622196,Stanlo Tump Mound,castle,United Kingdom
http://www.wikidata.org/entity/Q2175185,Ruine Altbodman,castle,Germany
http://www.wikidata.org/entity/Q1013280,Burg Neuhaus,castle,Germany
http://www.wikidata.org/entity/Q113367320,Castello di Mirasole,castle,Italy
http://www.wikidata.org/entity/Q18558761,Schloss Pretzsch,castle | château,Germany
http://www.wikidata.org/entity/Q67772782,Schloss,castle,Germany
http://www.wikidata.org/entity/Q7416497,Sandown Castle,castle | fort | ruins,United Kingdom
http://www.wikidata.org/entity/Q849898,Šostýn,castle | castle ruin,Czech Republic
http://www.wikidata.org/entity/Q1812387,Claypotts Castle,castle,United Kingdom
http://www.wikidata.org/entity/Q849528,Château d'Andlau,castle,France
http://www.wikidata.org/entity/Q1011649,Burg Ertingen,castle,Germany
http://www.wikidata.org/entity/Q1524366,Blackness Castle,castle,United Kingdom
http://www.wikidata.org/entity/Q106081902,Castello di Frassineto,castle,Italy
http://www.wikidata.org/entity/Q1013251,Burg Neuburg,castle,Germany
http://www.wikidata.org/entity/Q39006500,Maes y Castell,castle,United Kingdom
http://www.wikidata.org/entity/Q3662844,Castello di Romena,castle,Italy
http://www.wikidata.org/entity/Q24659445,Pointz Castle,castle | motte,United Kingdom
http://www.wikidata.org/entity/Q994057,Brunsburg,spur castle | castle,Germany
http://www.wikidata.org/entity/Q1012718,Burg Kranzberg,castle,Germany
http://www.wikidata.org/entity/Q12862357,Losorion Castle,fortress | castle,Georgia
http://www.wikidata.org/entity/Q2969998,Château de Montfort-sur-Risle,castle,France
http://www.wikidata.org/entity/Q1012662,Burg Kirchhain,castle,Germany
http://www.wikidata.org/entity/Q14970453,Staré Castle,castle,Czech Republic
http://www.wikidata.org/entity/Q1015920,Burgstall Schwarzenschwall,castle | archaeological site,Germany
http://www.wikidata.org/entity/Q3662787,Castello di Pavone Canavese,castle,Italy
http://www.wikidata.org/entity/Q1013524,Potštát Castle,castle | castle ruin,Czech Republic
http://www.wikidata.org/entity/Q379009,Drisht Castle,castle | ruins,Albania
http://www.wikidata.org/entity/Q206199,Metz Citadel,castle,France
http://www.wikidata.org/entity/Q107344374,Burg der Kankena,castle,Germany
http://www.wikidata.org/entity/Q13979735,Sokol Castle,castle,Belarus
http://www.wikidata.org/entity/Q2377875,Zbojnícký Castle,castle | castle ruin,Slovakia
http://www.wikidata.org/entity/Q60587538,Burg Liebenau,castle,Germany
http://www.wikidata.org/entity/Q22963895,Château de Fauguernon,castle,France
http://www.wikidata.org/entity/Q2971919,Châteaux de Mello,castle,France
http://www.wikidata.org/entity/Q2550901,Wasserburg Untermünkheim,castle,Germany
http://www.wikidata.org/entity/Q21013562,Castell de Cabrera,castle,Spain
http://www.wikidata.org/entity/Q5757584,San Severino Castle,castle,Cuba
http://www.wikidata.org/entity/Q28710876,Castell de Vall-de-reig,castle,Spain
http://www.wikidata.org/entity/Q2971594,Château du Bartas,castle,France
http://www.wikidata.org/entity/Q2970472,Château de Réveillon,castle,France
http://www.wikidata.org/entity/Q38599511,Castle Hill,castle,United Kingdom
http://www.wikidata.org/entity/Q98271836,Cultural heritage D-3-6939-0066 in Barbing,castle | château | feature | Bodendenkmal,Germany
http://www.wikidata.org/entity/Q1015871,Burgstall Purk (Moorenweis),castle | archaeological site,Germany
http://www.wikidata.org/entity/Q65966555,Castello Lauritano,castle,Italy
http://www.wikidata.org/entity/Q5604838,Greenwich Castle,castle,United Kingdom
http://www.wikidata.org/entity/Q108612709,Castle of Tselevinia,castle | castle ruin,Greece
http://www.wikidata.org/entity/Q636821,Archäologisches Freilichtmuseum Funkenburg,museum | castle,Germany
http://www.wikidata.org/entity/Q5934563,Sardar Afshar Castle,castle,Iran
http://www.wikidata.org/entity/Q15132676,Turmhügel Hechenberg (Tittmoning),castle | archaeological site,Germany
http://www.wikidata.org/entity/Q3302719,Borsh Fortress,castle | ruins,Albania
http://www.wikidata.org/entity/Q74316986,Castelo de Penafiel,castle | cultural heritage,Portugal
http://www.wikidata.org/entity/Q112317771,Castello di Vigalfo,castle,Italy
http://www.wikidata.org/entity/Q6406925,Castillo de León,monument | castle,Spain
http://www.wikidata.org/entity/Q7067219,Nowy Sącz Castle,castle,Poland
http://www.wikidata.org/entity/Q98368865,Cultural heritage D-2-7036-0174 in Painten,castle | château | Bodendenkmal | chapel | feature,Germany
http://www.wikidata.org/entity/Q874547,Castle of Graz,castle | urban castle,Austria
http://www.wikidata.org/entity/Q78661201,Château de Servières,castle,France
http://www.wikidata.org/entity/Q97688626,Torre del Cortijo Grande,castle | archaeological site,Spain
http://www.wikidata.org/entity/Q1548414,Château d'Azay-le-Ferron,castle,France
http://www.wikidata.org/entity/Q97640503,Castillo de la Mota- Palacio Ducal,castle,Spain
http://www.wikidata.org/entity/Q2244831,Château de Saint-Hubert,castle,France
http://www.wikidata.org/entity/Q2967844,Château Bontemps,castle,France
http://www.wikidata.org/entity/Q106078830,Castello di Masana,castle,Italy
http://www.wikidata.org/entity/Q2970408,Château de Rochetaillée-sur-Saône,castle | château,France
http://www.wikidata.org/entity/Q1012394,Burg Hohenburg,castle | castle ruin | Bodendenkmal | archaeological site,Germany
http://www.wikidata.org/entity/Q11913052,Castell de Medinyà,castle,Spain
http://www.wikidata.org/entity/Q1011184,Burg Breuberg,castle | youth hostel,Germany
http://www.wikidata.org/entity/Q1011027,Bilstein Castle (Lennestadt),castle,Germany
http://www.wikidata.org/entity/Q2412975,Château de Portes,castle,France
http://www.wikidata.org/entity/Q2330893,Kasteel van Blekkom,castle | château,Belgium
http://www.wikidata.org/entity/Q2221273,Château de Saissac,castle,France
http://www.wikidata.org/entity/Q6403411,Kangelo Castle,castle | cultural property,Iran
http://www.wikidata.org/entity/Q21871578,Hartenstein,castle,Austria
http://www.wikidata.org/entity/Q89202537,Castelvecchio,castle,Italy
http://www.wikidata.org/entity/Q5925780,"Qal'eh Dokhtar, Kuhsorkh",castle | cultural property,Iran
http://www.wikidata.org/entity/Q12790249,Podsreda Castle,castle,Slovenia
http://www.wikidata.org/entity/Q98270990,Cultural heritage D-5-6433-0069 in Lauf an der Pegnitz,castle | Bodendenkmal,Germany
http://www.wikidata.org/entity/Q9386527,Castle of Warmian Bishops in Olsztyn,castle,Poland
http://www.wikidata.org/entity/Q20575284,Aberllynfi Castle,motte-and-bailey castle | castle | motte,United Kingdom
http://www.wikidata.org/entity/Q98338820,Cultural heritage D-1-8042-0175 in Taching am See,castle | cemetery | Bodendenkmal | filial church | feature | preceding structure,Germany
http://www.wikidata.org/entity/Q78660601,Château d'Origny,castle | château,France
http://www.wikidata.org/entity/Q1756832,Horst Palace,castle,Germany
http://www.wikidata.org/entity/Q18003848,Castell de Guàrdia,castle,Spain
http://www.wikidata.org/entity/Q29784929,Tagstein Castle,architectural structure | castle,Switzerland
http://www.wikidata.org/entity/Q1013653,Burg Rennenberg,castle,Germany
http://www.wikidata.org/entity/Q9386635,Gorzanów Castle,castle,Poland
http://www.wikidata.org/entity/Q9386702,Otyń Monastery,monastery | castle,Poland
http://www.wikidata.org/entity/Q1013744,Burg Rothenfels,castle,Germany
http://www.wikidata.org/entity/Q98174083,Cultural heritage D-6-6425-0134 in Röttingen,castle | feature | Bodendenkmal,Germany
http://www.wikidata.org/entity/Q107314039,Castell de Pera-rua,castle,Spain
http://www.wikidata.org/entity/Q113379118,Castello di La Piè,castle,Italy
http://www.wikidata.org/entity/Q60964402,Château de Bleid,castle,Belgium
http://www.wikidata.org/entity/Q106532088,Castell de Solivella,castle,Spain
http://www.wikidata.org/entity/Q2879245,Castillo de Montehano,monument | castle,Spain
http://www.wikidata.org/entity/Q1014233,Burg Tharandt,castle,Germany
http://www.wikidata.org/entity/Q3278563,Castle of Púbol,museum | castle,Spain
http://www.wikidata.org/entity/Q98274504,Cultural heritage D-3-6138-0073 in Krummennaab,castle | château | feature | Bodendenkmal,Germany
http://www.wikidata.org/entity/Q56237194,Castle of Kallithirou,castle,Greece
http://www.wikidata.org/entity/Q1012659,Burg Kirberg,castle,Germany
http://www.wikidata.org/entity/Q78660691,Château de Cabrespine,castle,France
http://www.wikidata.org/entity/Q1012619,Burg Kastenbühl,castle,Germany
http://www.wikidata.org/entity/Q15940523,Château d'Apremont,castle,France
http://www.wikidata.org/entity/Q98741771,fort du Grand-Goulet,destroyed building or structure | castle,France
http://www.wikidata.org/entity/Q1013900,Burgstall Schlößlesbühl,castle,Germany
http://www.wikidata.org/entity/Q107605352,Burg Mandelsloh,castle,Germany
http://www.wikidata.org/entity/Q13530098,Von Vigier little castle with gatehouse and park,castle | building complex | park | architectural structure | gatehouse,Switzerland
http://www.wikidata.org/entity/Q1470540,Montfichet's Tower,castle,United Kingdom
http://www.wikidata.org/entity/Q17595805,Castell d'Alguaire,castle,Spain
http://www.wikidata.org/entity/Q450145,Castello Aragonese,castle,Italy
http://www.wikidata.org/entity/Q3662512,Buccione Castle,castle,Italy
http://www.wikidata.org/entity/Q806858,Bannborg,castle,Germany
http://www.wikidata.org/entity/Q114012072,Castello Lascaris,castle,Italy
http://www.wikidata.org/entity/Q2967835,Château Beaugey,castle | château,France
http://www.wikidata.org/entity/Q5050408,Castle of Rattray,castle | archaeological site,United Kingdom
http://www.wikidata.org/entity/Q3662404,Altafronte Castle,castle,Italy
http://www.wikidata.org/entity/Q5050320,Castle Upton,castle,United Kingdom
http://www.wikidata.org/entity/Q39011444,"Cae Tump Placename 1, Gladestry",castle,United Kingdom
http://www.wikidata.org/entity/Q289894,Château de Branzac,castle,France
http://www.wikidata.org/entity/Q19116827,Château de Grenade,castle,France
http://www.wikidata.org/entity/Q29345507,Castillo de los Cornel,castle | Monument (Spain),Spain
http://www.wikidata.org/entity/Q67087277,Castello,castle,Italy
http://www.wikidata.org/entity/Q98278962,Cultural heritage D-3-7037-0030 in Sinzing,castle | château | Bodendenkmal | parish church | feature,Germany
http://www.wikidata.org/entity/Q2970357,Château de Ressouches,castle,France
http://www.wikidata.org/entity/Q1014405,Burg Vlotho,castle,Germany
http://www.wikidata.org/entity/Q182102,Bunkenburg,hillfort | castle,Germany
http://www.wikidata.org/entity/Q2154121,Ringwall Staufen,castle | archaeological site,Germany
http://www.wikidata.org/entity/Q22893361,Castell de Pera,castle,Spain
http://www.wikidata.org/entity/Q91019751,Castello di Silvano Pietra,castle,Italy
http://www.wikidata.org/entity/Q8342538,Castell de Sant Esteve de Mar,castle,Spain
http://www.wikidata.org/entity/Q1014005,Sobień Castle,castle,Poland
http://www.wikidata.org/entity/Q21209379,Nieuwerkerken Castle,castle | château,Belgium
http://www.wikidata.org/entity/Q6060140,Inverlochy Castle Hotel,castle | country house | country house hotel,United Kingdom
http://www.wikidata.org/entity/Q2968963,Château de Châteauvieux,castle,France
http://www.wikidata.org/entity/Q24659542,Cae Gaer,castle,United Kingdom
http://www.wikidata.org/entity/Q83719664,Château fort de Vittefleur,castle,France
http://www.wikidata.org/entity/Q12790228,Schloss Gutenhaag,castle,Slovenia
http://www.wikidata.org/entity/Q27956207,Castle of Grimaldo,castle,Spain
http://www.wikidata.org/entity/Q17663160,Stockland Great Castle,castle | partial contour fort,United Kingdom
http://www.wikidata.org/entity/Q111879040,Hotel Castello di Santa Vittoria,hotel | castle,Italy
http://www.wikidata.org/entity/Q15108402,Burgstall Kraiburg,castle | archaeological site,Germany
http://www.wikidata.org/entity/Q28658953,Tammingaborg,castle | borg,Netherlands
http://www.wikidata.org/entity/Q56682782,Castello di Rocca San Felice,castle,Italy
http://www.wikidata.org/entity/Q1015268,Burgruine Drachenfels,castle,Germany
http://www.wikidata.org/entity/Q647301,Château de Chatenet,castle,France
http://www.wikidata.org/entity/Q2085559,Phetine,castle | archaeological site,Germany
http://www.wikidata.org/entity/Q5757694,Castle of Villarejo de Salvanés,castle,Spain
http://www.wikidata.org/entity/Q17830399,Strathallan Castle,castle,United Kingdom
http://www.wikidata.org/entity/Q28671527,Castello San Michele,castle,Italy
http://www.wikidata.org/entity/Q18005357,Château de Bolinne-Harlue,castle,Belgium
http://www.wikidata.org/entity/Q24660973,Great Somerford,castle,United Kingdom
http://www.wikidata.org/entity/Q97652077,Castillo,monument | castle,Spain
http://www.wikidata.org/entity/Q896615,Burg Wetter,castle,Germany
http://www.wikidata.org/entity/Q113452652,Castello di Altojanni,castle,Italy
http://www.wikidata.org/entity/Q1589934,Haus Bamenohl,castle | château | Schloss | water castle,Germany
http://www.wikidata.org/entity/Q2967811,Maison à Bar,castle | house,France
http://www.wikidata.org/entity/Q12951217,Castle of Sillans-la-Cascade,castle,France
http://www.wikidata.org/entity/Q55385788,Castle of Roppolo,castle,Italy
http://www.wikidata.org/entity/Q3662509,Castello di Briona,castle,Italy
http://www.wikidata.org/entity/Q112320502,Castello di Rivera,castle,Italy
http://www.wikidata.org/entity/Q15097770,Carreghofa Castle,ringwork castle | castle | castle ruin,United Kingdom
http://www.wikidata.org/entity/Q30874314,Castle of Alborge,castle | archaeological site,Spain
http://www.wikidata.org/entity/Q39006493,Erw'r Castell Mound,castle,United Kingdom
http://www.wikidata.org/entity/Q13130618,"Pen y Castell, Kenfig Hill",contour fort | castle,United Kingdom
http://www.wikidata.org/entity/Q5493939,Frauenthal Castle,castle | château,Austria
http://www.wikidata.org/entity/Q679009,Albrechtsburg,castle,Germany
http://www.wikidata.org/entity/Q55378845,Castello di Montanaro,castle | palace,Italy
http://www.wikidata.org/entity/Q1011867,castle Friedlingen,castle,Germany
http://www.wikidata.org/entity/Q20104281,Castell de Peguera,castle,Spain
http://www.wikidata.org/entity/Q2968374,Château d'Éclance,castle,France
http://www.wikidata.org/entity/Q1572304,Hinterburg,castle,Germany
http://www.wikidata.org/entity/Q112142443,Castello di Tagliuno,castle,Italy
http://www.wikidata.org/entity/Q25164071,Rimokastro Castle,castle,Greece
http://www.wikidata.org/entity/Q30742667,Marcouville Castle,castle,France
http://www.wikidata.org/entity/Q41304805,Schloss Leonsberg,castle,Germany
http://www.wikidata.org/entity/Q15532475,Castell de Can Jaumar,castle,Spain
http://www.wikidata.org/entity/Q642772,Duke's Chest Castle,castle | tourist attraction | fortification,Germany
http://www.wikidata.org/entity/Q24332373,Castello di Tornano,castle,Italy
http://www.wikidata.org/entity/Q6250882,John O'Gaunt's Castle,castle | hunting lodge,United Kingdom
http://www.wikidata.org/entity/Q19406879,Château de Pierre II,castle | ruins,France
http://www.wikidata.org/entity/Q1015784,Burgstall Hochstein,castle | archaeological site,Germany
http://www.wikidata.org/entity/Q18003840,Castell de Garraf,castle,Spain
http://www.wikidata.org/entity/Q2971015,Villers-Cotterêts Castle,castle,France
http://www.wikidata.org/entity/Q50316270,McGrath Castle,castle,Ireland
http://www.wikidata.org/entity/Q24659814,Boughrood Motte,castle | motte,United Kingdom
http://www.wikidata.org/entity/Q3662159,Castle Auer,castle,Italy
http://www.wikidata.org/entity/Q1011692,Château de Falaise,castle,France
http://www.wikidata.org/entity/Q15126492,Ruine Bachenstein,castle,Germany
http://www.wikidata.org/entity/Q17569162,Ardross Castle,mansion | castle,United Kingdom
http://www.wikidata.org/entity/Q19367857,Castell de Muntanyola,castle | masia,Spain
http://www.wikidata.org/entity/Q13031112,Kopys Castle,castle,Belarus
http://www.wikidata.org/entity/Q108664466,Castle of Casteli,castle,Greece
http://www.wikidata.org/entity/Q2971405,Château de la Souche,castle,France
http://www.wikidata.org/entity/Q22919130,Château de Fontaine-de-Vaucluse,castle | castle ruin,France
http://www.wikidata.org/entity/Q29467380,Vallåkra fornborg,hillfort | castle,Sweden
http://www.wikidata.org/entity/Q29884494,Castello di Santa Maria,castle,Italy
http://www.wikidata.org/entity/Q1010801,Burg Ampleben,castle,Germany
http://www.wikidata.org/entity/Q1012524,Hus,castle | castle ruin,Czech Republic
http://www.wikidata.org/entity/Q12790223,Gornja Radgona Castle,castle,Slovenia
http://www.wikidata.org/entity/Q16379628,Jaki Fortress,castle,Turkey
http://www.wikidata.org/entity/Q2154146,Ringwallanlage Nack,castle | archaeological site,Germany
http://www.wikidata.org/entity/Q13407102,Dobrá Niva Castle,castle | castle ruin,Slovakia
http://www.wikidata.org/entity/Q5757427,castle of Marcuello,castle,Spain
http://www.wikidata.org/entity/Q98273685,Cultural heritage D-3-6539-0179 in Guteneck,castle | château | feature | Bodendenkmal,Germany
http://www.wikidata.org/entity/Q19839102,Kasteel van Mombeek,castle | château,Belgium
http://www.wikidata.org/entity/Q27955011,Jermës Castle,castle | historic site,Albania
http://www.wikidata.org/entity/Q612857,Castle of Atienza,monument | castle,Spain
http://www.wikidata.org/entity/Q2065395,Shahbulag Castle,castle,Azerbaijan
http://www.wikidata.org/entity/Q38283955,Domokos Castle,castle,Greece
http://www.wikidata.org/entity/Q41419164,Burgstall,castle,Germany
http://www.wikidata.org/entity/Q1012608,Burg Kapfenstein,castle | castle ruin,Switzerland
http://www.wikidata.org/entity/Q2456738,Trutzburg Heppenheim,castle,Germany
http://www.wikidata.org/entity/Q108612385,Castle of Aktaion,castle,Greece
http://www.wikidata.org/entity/Q49503439,"Stolpen Castle as a whole, with the following individual monuments: partly only ruined castle complex with all its components, including casemate, stables, main guardhouse, granary, Renaissance portal with coat of arms, Johannisturm (Coselturm), ...",castle,Germany
http://www.wikidata.org/entity/Q24659433,Castell Bach,castle | motte,United Kingdom
http://www.wikidata.org/entity/Q113632009,Hodeburg,castle,Germany
http://www.wikidata.org/entity/Q107101607,Cockpool Castle,castle,United Kingdom
http://www.wikidata.org/entity/Q9386623,Dobczyce Castle,castle,Poland
http://www.wikidata.org/entity/Q97619226,Castillo de Gigonza,castle | chapel | dehesa | cortijo,Spain
http://www.wikidata.org/entity/Q112323131,Rocca di Aries,castle,Italy
http://www.wikidata.org/entity/Q22893366,Castell de Rocamur,castle,Spain
http://www.wikidata.org/entity/Q14004696,Château du Burgstall,castle,France
http://www.wikidata.org/entity/Q112138136,Castello Visconteo,castle,Italy
http://www.wikidata.org/entity/Q3662783,Castle,castle,Italy
http://www.wikidata.org/entity/Q369694,Pardubice Castle,castle | château,Czech Republic
http://www.wikidata.org/entity/Q39011935,Porthkerry Castle,castle,United Kingdom
http://www.wikidata.org/entity/Q2970521,Château de Saint-Germain-Beaupré,castle,France
http://www.wikidata.org/entity/Q43138644,Castillo de Torre del Mar,monument | castle,Spain
http://www.wikidata.org/entity/Q1012055,Burg Groitzsch,castle,Germany
http://www.wikidata.org/entity/Q1012745,"Kronburg, Zams",castle,Austria
http://www.wikidata.org/entity/Q15244323,Malton Castle,castle,United Kingdom
http://www.wikidata.org/entity/Q1496740,Kasteel Ruhrort,castle,Germany
http://www.wikidata.org/entity/Q2968493,Château de Beauregard,castle,France
http://www.wikidata.org/entity/Q1108708,Vufflens Castle,architectural structure | castle,Switzerland
http://www.wikidata.org/entity/Q1013345,Norantola Castle,castle | castle ruin,Switzerland
http://www.wikidata.org/entity/Q106074899,Rocca di Civorio,castle,Italy
http://www.wikidata.org/entity/Q67915494,Castillo de Los Funes,castle,Spain
http://www.wikidata.org/entity/Q1013306,Burg Neuveringen,castle,Germany
http://www.wikidata.org/entity/Q6543641,Lidgate Castle,castle,United Kingdom
http://www.wikidata.org/entity/Q2968669,Château de Breteuil,castle | château,France
http://www.wikidata.org/entity/Q41282328,Ehemalige Burgruine Gensberg,castle,Germany
http://www.wikidata.org/entity/Q15940225,Château de Reichenstein,castle,France
http://www.wikidata.org/entity/Q8342642,Castell de Castellcir,castle,Spain
http://www.wikidata.org/entity/Q2604117,Lublin Castle,castle,Poland
http://www.wikidata.org/entity/Q1011496,Dudeldorf Castle,castle | cultural heritage monument in Germany,Germany
http://www.wikidata.org/entity/Q1109322,Collenburg,castle | castle ruin,Germany
http://www.wikidata.org/entity/Q3662944,Castle Varrich,castle,United Kingdom
http://www.wikidata.org/entity/Q7206812,Podington Castle,castle,United Kingdom
http://www.wikidata.org/entity/Q41365979,Futtermauern des Burgstallgrabens,castle,Germany
http://www.wikidata.org/entity/Q1614020,Herrenburg,castle,Germany
http://www.wikidata.org/entity/Q1011057,Blankenburg Castle,castle,Germany
http://www.wikidata.org/entity/Q1012567,Burg Isikofen,castle,Germany
http://www.wikidata.org/entity/Q1014686,Burg Zolchow,castle,Germany
http://www.wikidata.org/entity/Q26279441,Tickerage Castle,castle,United Kingdom
http://www.wikidata.org/entity/Q371063,Calatrava la Vieja,monument | castle | archaeological site,Spain
http://www.wikidata.org/entity/Q15905755,Burg Frankenberg,castle,Germany
http://www.wikidata.org/entity/Q97623870,Castillo de los Duques de Sessa,castle,Spain
http://www.wikidata.org/entity/Q3662681,Castle of Massafra,castle,Italy
http://www.wikidata.org/entity/Q2588061,Castell de Tavernes,castle,Spain
http://www.wikidata.org/entity/Q2210274,Château du Plessis,castle,France
http://www.wikidata.org/entity/Q9213359,Silesian Bishops Castle in Nysa,castle,Poland
http://www.wikidata.org/entity/Q10410018,Šontál,castle,Czech Republic
http://www.wikidata.org/entity/Q3662440,Castello della Solicchiata,castle,Italy
http://www.wikidata.org/entity/Q7165235,Pentillie,castle | English country house,United Kingdom
http://www.wikidata.org/entity/Q41280735,II. Burgfriedenssäule,castle,Germany
http://www.wikidata.org/entity/Q17615510,Castell de Pontós,castle,Spain
http://www.wikidata.org/entity/Q2971326,Château de la Noë,castle,France
http://www.wikidata.org/entity/Q98272848,Cultural heritage D-3-6037-0033 in Ebnath,castle | château | feature | Bodendenkmal,Germany
http://www.wikidata.org/entity/Q1014721,Kuglvajt,castle,Czech Republic
http://www.wikidata.org/entity/Q15108303,Burg Wilhering,castle,Austria
http://www.wikidata.org/entity/Q18008491,Torre del Riu,castle,Spain
http://www.wikidata.org/entity/Q11935338,Castell i capella de la Mare de Déu de la Pertusa,church building | castle,Spain
http://www.wikidata.org/entity/Q949411,Château de Grézan Art & Culture Centre,castle,France
http://www.wikidata.org/entity/Q60323864,Burg Brunsrode,castle,Germany
http://www.wikidata.org/entity/Q27310321,Castillo de Huelma,monument | castle | aljibe,Spain
http://www.wikidata.org/entity/Q26256353,Castle Kuryłówce,castle,Poland
http://www.wikidata.org/entity/Q8342614,Castell de Vilademàger,castle,Spain
http://www.wikidata.org/entity/Q2968698,Château de Bucey-en-Othe,castle,France
http://www.wikidata.org/entity/Q17615460,Castell de Castelltallat,castle,Spain
http://www.wikidata.org/entity/Q6927751,Moyry Castle,castle,United Kingdom
http://www.wikidata.org/entity/Q20493052,Castillo Santa Isabel,monument | castle | house,Spain
http://www.wikidata.org/entity/Q11838974,Mains Castle,castle,United Kingdom
http://www.wikidata.org/entity/Q5757643,Castle of Santorcaz,castle,Spain
http://www.wikidata.org/entity/Q113332688,Castello di Pietrapiana,castle,Italy
http://www.wikidata.org/entity/Q28001127,Castello di Bellaguardia,castle,Italy
http://www.wikidata.org/entity/Q98275302,Cultural heritage D-3-6239-0125 in Plößberg,castle | château | feature | Bodendenkmal,Germany
http://www.wikidata.org/entity/Q5049823,Castle of Santarém,castle | cultural heritage,Portugal
http://www.wikidata.org/entity/Q3662722,Castello di Monte Cascioli,castle,Italy
http://www.wikidata.org/entity/Q16538082,Castello di Decima (Rome),castle,Italy
http://www.wikidata.org/entity/Q1011654,Burg Eschenbeck,castle,Germany
http://www.wikidata.org/entity/Q5049674,Castell Gwallter,castle,United Kingdom
http://www.wikidata.org/entity/Q2971507,Château des Magnans,castle,France
http://www.wikidata.org/entity/Q97629561,Castillo de Pegalajar,castle,Spain
http://www.wikidata.org/entity/Q108612750,Castle of Riza,castle,Greece
http://www.wikidata.org/entity/Q3920389,Bychaŭ Castle,destroyed building or structure | castle,Belarus
http://www.wikidata.org/entity/Q113005129,Isimbardi Castle,castle,Italy
http://www.wikidata.org/entity/Q1017310,Buschelberg,castle | archaeological site,Germany
http://www.wikidata.org/entity/Q7820912,Tong Castle,castle,United Kingdom
http://www.wikidata.org/entity/Q587965,Newbury Castle,castle,United Kingdom
http://www.wikidata.org/entity/Q779211,New Slains Castle,castle | ruins,United Kingdom
http://www.wikidata.org/entity/Q98278158,Cultural heritage D-3-6138-0154 in Reuth bei Erbendorf,castle | château | feature | Bodendenkmal,Germany
http://www.wikidata.org/entity/Q9386737,Skoczów Castle,castle,Poland
http://www.wikidata.org/entity/Q1425015,Haus Brenschede,castle,Germany
http://www.wikidata.org/entity/Q2270419,Château de Sallenôves,castle,France
http://www.wikidata.org/entity/Q113303911,Castello di Ridracoli,castle,Italy
http://www.wikidata.org/entity/Q3662829,Castello di Rezzanello,castle,Italy
http://www.wikidata.org/entity/Q1012997,Burg,castle | archaeological site,Germany
http://www.wikidata.org/entity/Q21523779,Çandarlı Castle,castle,Turkey
http://www.wikidata.org/entity/Q52923690,Castello di Monte Forte,castle,Italy
http://www.wikidata.org/entity/Q1415727,Krakenburg,castle | former entity,Germany
http://www.wikidata.org/entity/Q1011554,Burg Ehrenfels,castle,Austria
http://www.wikidata.org/entity/Q1011539,Burg Ehrenfels,castle | archaeological site,Germany
http://www.wikidata.org/entity/Q69299714,Castello di Villanova,castle,Italy
http://www.wikidata.org/entity/Q21077268,Castell de la Portella,castle,Spain
http://www.wikidata.org/entity/Q1833830,Aljabowbi Castle,castle,Yemen
http://www.wikidata.org/entity/Q15108216,Burg Grünbach,castle | archaeological site,Germany
http://www.wikidata.org/entity/Q5757036,Castle of Alcalá de los Gazules,monument | castle,Spain
http://www.wikidata.org/entity/Q2805188,Aros Castle,castle | hall house,United Kingdom
http://www.wikidata.org/entity/Q15114204,Heddersdorf’scher Adelshof,castle,Germany
http://www.wikidata.org/entity/Q57172909,castello di Subbiano,castle,Italy
http://www.wikidata.org/entity/Q2970147,Château de Novel,castle | château,France
http://www.wikidata.org/entity/Q1014620,Burg Windeck (Heidesheim),castle,Germany
http://www.wikidata.org/entity/Q9386567,Wołek Castle ruins,castle | ruins,Poland
http://www.wikidata.org/entity/Q24651681,Clare Castle,castle,United Kingdom
http://www.wikidata.org/entity/Q15940617,Château du Lau,castle,France
http://www.wikidata.org/entity/Q1012483,Burg Honrath,castle,Germany
http://www.wikidata.org/entity/Q2941262,Cassero Senese,castle,Italy
http://www.wikidata.org/entity/Q97653311,Castillo de la Armada,monument | castle,Spain
http://www.wikidata.org/entity/Q3662646,castel of Lagopesole,castle | history museum | military museum building | Italian national museum | archaeological museum,Italy
http://www.wikidata.org/entity/Q1012958,Liebenzell Castle,castle | cultural heritage monument in Germany,Germany
http://www.wikidata.org/entity/Q31354904,Psiti Castle,castle | ruins,Georgia
http://www.wikidata.org/entity/Q48809513,Vasto,castle,Italy
http://www.wikidata.org/entity/Q43124565,Castell de Toloriu,castle,Spain
http://www.wikidata.org/entity/Q4863408,Barretstown Castle,castle,Ireland
http://www.wikidata.org/entity/Q436455,Alteburg,castle | archaeological site,Germany
http://www.wikidata.org/entity/Q5023957,Calshot Castle,castle | fort,United Kingdom
http://www.wikidata.org/entity/Q5049751,Restos da torre e muralhas do antigo Castelo de Atouguia da Baleia,castle | cultural heritage,Portugal
http://www.wikidata.org/entity/Q30524027,Torre de Layana,castle | keep | Monument (Spain),Spain
http://www.wikidata.org/entity/Q1011608,Burg Emden,castle,Germany
http://www.wikidata.org/entity/Q11954798,Vilatge de Suert,castle,Spain
http://www.wikidata.org/entity/Q20950496,Château de la Tour,castle | château,France
http://www.wikidata.org/entity/Q691966,Castle of the counts of Gruyères,architectural structure | castle,Switzerland
http://www.wikidata.org/entity/Q1877504,Lunkenburg,castle | Burgstall | lowland castle | archaeological site,Germany
http://www.wikidata.org/entity/Q39011719,"Scurlage Castle, Port Eynon",castle,United Kingdom
http://www.wikidata.org/entity/Q8342467,Castell de Montbui,castle,Spain
http://www.wikidata.org/entity/Q112141910,Castello di San Genesio ed Uniti,castle,Italy
http://www.wikidata.org/entity/Q91019693,Castello Beccaria,castle,Italy
http://www.wikidata.org/entity/Q2970276,Château de Pontécoulant,castle,France
http://www.wikidata.org/entity/Q5757730,Castell de la Tallada,castle,Spain
http://www.wikidata.org/entity/Q107529223,Hugoburg,castle,Germany
http://www.wikidata.org/entity/Q450713,Alzey Castle,castle,Germany
http://www.wikidata.org/entity/Q38282785,Old castle of Pythagoreion,castle | archaeological site,Greece
http://www.wikidata.org/entity/Q83719218,Château fort de l'Etoile,castle,France
http://www.wikidata.org/entity/Q1014508,Burg Weikertschlag,castle | ruins,Austria
http://www.wikidata.org/entity/Q8342245,Castell de Castellterçol,castle | historic building,Spain
http://www.wikidata.org/entity/Q2293886,Slawenburg Lübben,castle,Germany
http://www.wikidata.org/entity/Q1767202,Wogemannsburg,castle,Germany
http://www.wikidata.org/entity/Q97631188,Castillo de Jódar,monument | castle,Spain
http://www.wikidata.org/entity/Q1013020,Burg Lotenberg,castle,Germany
http://www.wikidata.org/entity/Q2154132,Ringwall im Kirchholz (Haberskirch),castle | archaeological site,Germany
http://www.wikidata.org/entity/Q1012022,Burg Grebenhausen,castle,Germany
http://www.wikidata.org/entity/Q14757758,Brenyhaus,castle,Switzerland
http://www.wikidata.org/entity/Q11913047,Castell de Llort,castle,Spain
http://www.wikidata.org/entity/Q5757605,Castle of Somaén,castle,Spain
http://www.wikidata.org/entity/Q2971823,Château du Saulce,castle,France
http://www.wikidata.org/entity/Q15856990,Graben,castle | archaeological site,Germany
http://www.wikidata.org/entity/Q3662869,Castello San Salvatore,castle,Italy
http://www.wikidata.org/entity/Q31074725,Château de Corsavy,castle,France
http://www.wikidata.org/entity/Q1011232,Burg Burgberg,castle,Germany
http://www.wikidata.org/entity/Q56754052,As-Salt Castle,castle,Jordan
http://www.wikidata.org/entity/Q113378582,Castello di Salto,castle,Italy
http://www.wikidata.org/entity/Q22893347,Castell de Roca,castle,Spain
http://www.wikidata.org/entity/Q36698464,Château de Vuillafans,castle,France
http://www.wikidata.org/entity/Q2106007,Posteburg,castle,Germany
http://www.wikidata.org/entity/Q47508282,Château de Sclessin,castle,Belgium
http://www.wikidata.org/entity/Q1011909,Gardelegen Castle,castle,Germany
http://www.wikidata.org/entity/Q836875,Sibetsburg,castle,Germany
http://www.wikidata.org/entity/Q1012261,Heiligenburg Castle,mountain | castle | archaeological site,Germany
http://www.wikidata.org/entity/Q31761082,Castello Oldofredi,castle,Italy
http://www.wikidata.org/entity/Q1012903,Burg Leiterberg,castle,Germany
http://www.wikidata.org/entity/Q2241121,Château de Fénelon,museum | castle | château,France
http://www.wikidata.org/entity/Q14852070,Kasteel Groot Engelenburg,architectural ensemble | castle,Netherlands
http://www.wikidata.org/entity/Q1708152,Wasserburg Huxhohl,castle,Germany
http://www.wikidata.org/entity/Q112142096,Tortorolo Castle,castle,Italy
http://www.wikidata.org/entity/Q107530407,Castell de Sant Miquel,castle | historic building,Spain
http://www.wikidata.org/entity/Q478471,Fort Coenraadsburg,castle | fort,Ghana
http://www.wikidata.org/entity/Q15842512,Ringwall Unterbuch,castle | archaeological site,Germany
http://www.wikidata.org/entity/Q17775078,Cove Castle,castle,United Kingdom
http://www.wikidata.org/entity/Q41361040,Burgmauer und restliche Grabenanlagen,castle,Germany
http://www.wikidata.org/entity/Q5049752,Castle of Avis,castle | cultural heritage,Portugal
http://www.wikidata.org/entity/Q1980216,Neuer Ringelstein,castle,Germany
http://www.wikidata.org/entity/Q2968557,Château de Bisseret,castle,France
http://www.wikidata.org/entity/Q1589886,Haus Altenburg,castle,Germany
http://www.wikidata.org/entity/Q12585162,Gwangju Castle,castle,South Korea
http://www.wikidata.org/entity/Q2969656,Château de Larguiès,castle,France
http://www.wikidata.org/entity/Q1013832,Burg Schafgießen,castle,Germany
http://www.wikidata.org/entity/Q113324585,Castello di Nirano,castle,Italy
http://www.wikidata.org/entity/Q43162530,Castillo del Cortijo del Aire,monument | castle,Spain
http://www.wikidata.org/entity/Q113440430,Castello degli Imperiali,castle,Italy
http://www.wikidata.org/entity/Q33120308,Castell de Perella,castle,France
http://www.wikidata.org/entity/Q1012942,Château de Lichtenberg,castle | château,France
http://www.wikidata.org/entity/Q98062611,Cortijo del Cerco,castle | archaeological site,Spain
http://www.wikidata.org/entity/Q2468497,Kaunas Castle,castle,Lithuania
http://www.wikidata.org/entity/Q1623988,High Castle of Füssen,castle | château,Germany
http://www.wikidata.org/entity/Q1571184,Kasteel Wissekerke,museum | castle | château,Belgium
http://www.wikidata.org/entity/Q63872137,Burg Zipplingen,castle,Germany
http://www.wikidata.org/entity/Q5734420,Tykocin Castle,hotel | castle,Poland
http://www.wikidata.org/entity/Q60361221,Kromberk Castle,castle,Slovenia
http://www.wikidata.org/entity/Q65127712,Château Labistoul,castle,France
http://www.wikidata.org/entity/Q43137841,Castillo de Montemayor,castle,Spain
http://www.wikidata.org/entity/Q43159351,Castillo del Cerro del Castillejo,monument | castle | abandoned village,Spain
http://www.wikidata.org/entity/Q139420,Freiburg Castle,castle | château,Germany
http://www.wikidata.org/entity/Q3662321,Castello Episcopio,castle,Italy
http://www.wikidata.org/entity/Q78661121,Château de Rougiers,castle,France
http://www.wikidata.org/entity/Q67772524,Castello Peverello,castle,Italy
http://www.wikidata.org/entity/Q12370825,Nabe Fortress,castle,Latvia
http://www.wikidata.org/entity/Q1471032,Schloss Hohenbuchau,castle | château,Germany
http://www.wikidata.org/entity/Q29367816,castle of Viacamp,castle,Spain
http://www.wikidata.org/entity/Q3662560,Castello di Ceresara,castle,Italy
http://www.wikidata.org/entity/Q3662201,CastelBrando,castle,Italy
http://www.wikidata.org/entity/Q61450596,Castello di Monteruzzo,castle,Italy
http://www.wikidata.org/entity/Q38172193,Turmburg Alt-Hollenegg,castle,Austria
http://www.wikidata.org/entity/Q30156379,Rugtved Voldsted,castle,Denmark
http://www.wikidata.org/entity/Q67772780,Fort Saint-Antoine,castle,France
http://www.wikidata.org/entity/Q85766193,Helston Castle,castle,United Kingdom
http://www.wikidata.org/entity/Q96582271,Iriaun Castle,castle,Spain
http://www.wikidata.org/entity/Q126698557,Bellaghy Castle,castle,United Kingdom
http://www.wikidata.org/entity/Q2968132,Château d'Ars,castle,France
http://www.wikidata.org/entity/Q78661077,Château de Peyrilles,castle,France
http://www.wikidata.org/entity/Q1011567,Burg Eintürnenberg,castle,Germany
http://www.wikidata.org/entity/Q1012307,Burg Hengstfeld,castle,Germany
http://www.wikidata.org/entity/Q29892197,Château Morestel (city hall),castle | architectural structure | town hall,Switzerland
http://www.wikidata.org/entity/Q1010876,Aueršperk,castle | castle ruin,Czech Republic
http://www.wikidata.org/entity/Q2969827,Château de Masse,castle,France
http://www.wikidata.org/entity/Q60836841,Castello di Pianezza,castle,Italy
http://www.wikidata.org/entity/Q20901125,Castell de Sant Quintí,castle,Spain
http://www.wikidata.org/entity/Q1602834,"Georgenstraße 43-47, Eisenach",castle,Germany
http://www.wikidata.org/entity/Q15242998,Loup House,castle,United Kingdom
http://www.wikidata.org/entity/Q30973502,Roslee Castle,castle,Ireland
http://www.wikidata.org/entity/Q56450433,Castle of Archangelos,castle,Greece
http://www.wikidata.org/entity/Q3430743,Gladsaxehus,castle | building,Sweden
http://www.wikidata.org/entity/Q1013364,Burg Ober-Falkenstein,castle | archaeological site,Germany
http://www.wikidata.org/entity/Q78660864,Château de la Gardelle,castle,France
http://www.wikidata.org/entity/Q13371261,Ľupča Castle,castle | palace,Slovakia
http://www.wikidata.org/entity/Q15944065,Château d'Ouge,castle,France
http://www.wikidata.org/entity/Q28031943,Castello di Miano,castle,Italy
http://www.wikidata.org/entity/Q10717122,Vädersholm,castle,Sweden
http://www.wikidata.org/entity/Q78660543,Château d'Arvieu,castle,France
http://www.wikidata.org/entity/Q3662332,Malaspina Castle,museum | castle | religious museum | military museum building | historic house museum,Italy
http://www.wikidata.org/entity/Q1013783,Burg Röhrda,castle,Germany
http://www.wikidata.org/entity/Q124285030,Castello,castle,Italy
http://www.wikidata.org/entity/Q106080157,Niviano Castle,castle,Italy
http://www.wikidata.org/entity/Q1015897,Burgstall Schartenmauer,castle,Germany
http://www.wikidata.org/entity/Q3662711,Monsummano Castle,castle | fortification,Italy
http://www.wikidata.org/entity/Q12655753,Gotteswerder,castle,Lithuania
http://www.wikidata.org/entity/Q16413267,Dzērbene Castle,castle,Latvia
http://www.wikidata.org/entity/Q9706290,Castelo do Zêzere,castle,Portugal
http://www.wikidata.org/entity/Q1014726,Afyonkarahisar Castle,castle | military base,Turkey
http://www.wikidata.org/entity/Q2971549,Château des Rosiers,castle,France
http://www.wikidata.org/entity/Q1012162,Römerturm,castle,Germany
http://www.wikidata.org/entity/Q1014106,Burg Steinegg (Neuhausen),castle,Germany
http://www.wikidata.org/entity/Q8342466,Castle of Montalbán,castle,Spain
http://www.wikidata.org/entity/Q2970224,Château de Piffonds,castle,France
http://www.wikidata.org/entity/Q1048623,Castel Thun,castle | museum of a public entity | history museum | art museum,Italy
http://www.wikidata.org/entity/Q112322959,Castello di Petriolo,castle,Italy
http://www.wikidata.org/entity/Q2009333,Obere Burg (Obernburg),castle,Germany
http://www.wikidata.org/entity/Q113341583,Castello di Petrella Guidi,castle,Italy
http://www.wikidata.org/entity/Q2456727,Trutzburg Blideneck,castle,Germany
http://www.wikidata.org/entity/Q1013206,Burg Nebra,castle | ruins,Germany
http://www.wikidata.org/entity/Q41419537,Friedhof Burgfarrnbach,castle,Germany
http://www.wikidata.org/entity/Q1377263,Powis Castle,castle,United Kingdom
http://www.wikidata.org/entity/Q420810,Acrocorinth,castle | acropolis | archaeological site,Greece
http://www.wikidata.org/entity/Q43160207,Alcázar viejo,monument | castle,Spain
http://www.wikidata.org/entity/Q21730815,Castell de Pontellà,castle,France
http://www.wikidata.org/entity/Q17596250,Castell de l'Albà,castle,Spain
http://www.wikidata.org/entity/Q1635437,Château de Bannegon,castle | château,France
http://www.wikidata.org/entity/Q73406714,lo Castell,castle,Spain
http://www.wikidata.org/entity/Q5882011,Domab Castle,castle | cultural property,Iran
http://www.wikidata.org/entity/Q660001,Hermann Castle,castle,Estonia
http://www.wikidata.org/entity/Q5049741,Castle of Algoso,castle | cultural heritage,Portugal
http://www.wikidata.org/entity/Q18008442,Torre de Peracamps,castle,Spain
http://www.wikidata.org/entity/Q5025375,Cambridge Castle,castle,United Kingdom
http://www.wikidata.org/entity/Q98372572,Cultural heritage D-2-7246-0064 in Tittling,castle | château | feature | Bodendenkmal,Germany
http://www.wikidata.org/entity/Q2970961,Château de Versols,castle,France
http://www.wikidata.org/entity/Q107349991,Burg Altgödens,castle,Germany
http://www.wikidata.org/entity/Q106077871,Castello di Viustino,castle,Italy
http://www.wikidata.org/entity/Q43144410,Castillo del Príncipe,monument | castle,Spain
http://www.wikidata.org/entity/Q24659543,Towy Castle,castle,United Kingdom
http://www.wikidata.org/entity/Q16693005,Borysohlibska Fortress,castle,Ukraine
http://www.wikidata.org/entity/Q1012566,Burg Irnich,castle,Germany
http://www.wikidata.org/entity/Q565345,Falkland Palace,castle | country house,United Kingdom
http://www.wikidata.org/entity/Q1319750,Heidenhäuschen,mountain | castle | archaeological site,Germany
http://www.wikidata.org/entity/Q321844,Castellvell de la Marca,castle,Spain
http://www.wikidata.org/entity/Q934155,Krasnystaw Castle,castle,Poland
http://www.wikidata.org/entity/Q111902939,Röwenburg,castle,Germany
http://www.wikidata.org/entity/Q2045053,Paaschburg,castle,Germany
http://www.wikidata.org/entity/Q28001102,Castello di Bentivoglio,castle,Italy
http://www.wikidata.org/entity/Q65934915,Castello Orsini,castle,Italy
http://www.wikidata.org/entity/Q28406689,Nairn Castle,castle,United Kingdom
http://www.wikidata.org/entity/Q14435168,Kamenná věž,castle,Czech Republic
http://www.wikidata.org/entity/Q2970194,Château de Pennesuyt,castle,France
http://www.wikidata.org/entity/Q1722352,Kalkburg,castle,Germany
http://www.wikidata.org/entity/Q1107288,Coity Castle,castle,United Kingdom
http://www.wikidata.org/entity/Q3662387,Castello Vagnone,castle,Italy
http://www.wikidata.org/entity/Q43135490,Castillo de Colomera,castle,Spain
http://www.wikidata.org/entity/Q1011049,Blankenberg Castle,castle,Germany
http://www.wikidata.org/entity/Q83719259,Château fort de la Louvière,castle,France
http://www.wikidata.org/entity/Q29884485,Castelletto Cervo Castle,castle,Italy
http://www.wikidata.org/entity/Q113172739,Castello Maraldi,castle,Italy
http://www.wikidata.org/entity/Q5050416,Castle of Santa Catalina,village | castle | defensive wall | monument | human settlement,Spain
http://www.wikidata.org/entity/Q12031349,Košťálov Castle,castle,Czech Republic
http://www.wikidata.org/entity/Q1015748,Burgstall Gabelstein,castle,Germany
http://www.wikidata.org/entity/Q2968154,Château d'Aubonne (Doubs),castle,France
http://www.wikidata.org/entity/Q2190858,Château de Bazoches,castle,France
http://www.wikidata.org/entity/Q2971596,Château du Bas-Plessis,castle,France
http://www.wikidata.org/entity/Q3752910,Desmond Castle,castle,Ireland
http://www.wikidata.org/entity/Q55171951,Resti del castello,castle,Italy
http://www.wikidata.org/entity/Q9705138,Brechin Castle,castle,United Kingdom
http://www.wikidata.org/entity/Q316178,Schwanenburg,castle | château,Germany
http://www.wikidata.org/entity/Q83719575,Château fort de Saint Clair,castle,France
http://www.wikidata.org/entity/Q5678774,Hasegg Castle,museum | castle | mint,Austria
http://www.wikidata.org/entity/Q38284723,Castle of Zarafonas,castle,Greece
http://www.wikidata.org/entity/Q878280,Burg Frauenstein,castle,Germany
http://www.wikidata.org/entity/Q1760652,Sandal Castle,motte-and-bailey castle | castle,United Kingdom
http://www.wikidata.org/entity/Q104880229,Dardana Fortress,castle | historic site | archaeological site,Kosovo
http://www.wikidata.org/entity/Q1013043,Burg Löwenberg,castle | castle ruin,Switzerland
http://www.wikidata.org/entity/Q5907750,Maymun-Diz,castle | destroyed building or structure | official residence | cave castle,Iran
http://www.wikidata.org/entity/Q5878094,Ostanavand Castle,castle | cultural property,Iran
http://www.wikidata.org/entity/Q2970302,Château de Promery,castle,France
http://www.wikidata.org/entity/Q112169842,Castello Beccaria,castle,Italy
http://www.wikidata.org/entity/Q2970041,Château de Montricoux,castle,France
http://www.wikidata.org/entity/Q15790427,Burgstall Inzell I,castle | archaeological site,Germany
http://www.wikidata.org/entity/Q30893730,Ferrycarrig Castle,castle,Ireland
http://www.wikidata.org/entity/Q2969356,Château de la Tour de Grilly,castle,France
http://www.wikidata.org/entity/Q1011923,Burg Geinegge,castle,Germany
http://www.wikidata.org/entity/Q2328537,Château de la Fontaine,castle,France
http://www.wikidata.org/entity/Q3662160,Eschenlohe Castle,castle,Italy
http://www.wikidata.org/entity/Q50297279,Castle of Fernán Gonzalez,castle,Spain
http://www.wikidata.org/entity/Q112323124,Castello di Sant'Apollinare,castle,Italy
http://www.wikidata.org/entity/Q112322946,castle of Sterpeto,castle,Italy
http://www.wikidata.org/entity/Q131687013,Hospices de Gigondas,castle,France
http://www.wikidata.org/entity/Q5049750,Castle of Arronches,castle | cultural heritage,Portugal
http://www.wikidata.org/entity/Q778904,Stein Castle,castle | château | brewery | archaeological site,Germany
http://www.wikidata.org/entity/Q131820501,Beldevere castle,castle,
http://www.wikidata.org/entity/Q1014245,Château de Termes,castle,France
http://www.wikidata.org/entity/Q1522914,Rodenstatt,castle | archaeological site,Germany
http://www.wikidata.org/entity/Q5050289,Castle Semple,castle,United Kingdom
http://www.wikidata.org/entity/Q2968167,Château d'Aumelas,castle,France
http://www.wikidata.org/entity/Q1014199,Burg Tailfingen,castle,Germany
http://www.wikidata.org/entity/Q48749652,Château de Condé-sur-Moselle,castle,France
http://www.wikidata.org/entity/Q1010660,Burg Adenbach,castle | cultural heritage monument in Germany,Germany
http://www.wikidata.org/entity/Q43135222,Castillo de La Rábita,castle | fortification,Spain
http://www.wikidata.org/entity/Q17596072,Castelldefels Castle,castle,Spain
http://www.wikidata.org/entity/Q61465798,Castello Monaci,castle,Italy
http://www.wikidata.org/entity/Q1015872,Burgstall Queckborn,castle,Germany
http://www.wikidata.org/entity/Q1023846,Panemunė Castle,castle,Lithuania
http://www.wikidata.org/entity/Q41271794,Burgruine Kemnat mit ehemaligem Amtshaus,castle,Germany
http://www.wikidata.org/entity/Q113366473,Cartignano Castle,castle,Italy
http://www.wikidata.org/entity/Q1011865,Burg Friedland,castle,Germany
http://www.wikidata.org/entity/Q97604415,Castillo,castle,Spain
http://www.wikidata.org/entity/Q28153432,Oria Castle,castle,Greece
http://www.wikidata.org/entity/Q5757485,Castle of Nogales,castle,Spain
http://www.wikidata.org/entity/Q67772321,Château Froid,castle,France
http://www.wikidata.org/entity/Q22249431,Château de Varennes,castle,France
http://www.wikidata.org/entity/Q1015888,Burgstall Rohrbach,castle | archaeological site,Germany
http://www.wikidata.org/entity/Q15108407,Burgstall Lebenau,castle | archaeological site,Germany
http://www.wikidata.org/entity/Q1010976,Berum Castle,castle,Germany
http://www.wikidata.org/entity/Q2244362,Pułtusk Castle,castle,Poland
http://www.wikidata.org/entity/Q3662763,Castello di Nisida,castle,Italy
http://www.wikidata.org/entity/Q17668906,Beacon Hill Castle,motte-and-bailey castle | castle | motte,United Kingdom
http://www.wikidata.org/entity/Q2593302,Château du Repas,castle,France
http://www.wikidata.org/entity/Q2179322,Rödelsburg,castle,Germany
http://www.wikidata.org/entity/Q944049,Castillo de Guardias Viejas,monument | castle | museum,Spain
http://www.wikidata.org/entity/Q67772470,Castello di Montevaccino,castle,Italy
http://www.wikidata.org/entity/Q24661621,Woonton Castle,castle,United Kingdom
http://www.wikidata.org/entity/Q2968061,Castle of Almonacid,castle,Spain
http://www.wikidata.org/entity/Q43119687,Castell de Freixenet,castle,Spain
http://www.wikidata.org/entity/Q631328,"Sion, Czech Republic",castle | castle ruin,Czech Republic
http://www.wikidata.org/entity/Q601887,Sayn Castle,castle,Germany
http://www.wikidata.org/entity/Q73229007,castellet de Montsor,castle,Spain
http://www.wikidata.org/entity/Q3395365,Tebra Castle,castle,Spain
http://www.wikidata.org/entity/Q2243991,Schloss Wehen,castle,Germany
http://www.wikidata.org/entity/Q22689262,Zat ul Hajj Fort,castle | archaeological site,Saudi Arabia
http://www.wikidata.org/entity/Q24660746,Beoley,castle,United Kingdom
http://www.wikidata.org/entity/Q113439586,Castello di Quaglietta,castle,Italy
http://www.wikidata.org/entity/Q6422858,Knockgraffon Castle,tower house | castle,Ireland
http://www.wikidata.org/entity/Q97630753,City walls of Jaén,defensive wall | castle,Spain
http://www.wikidata.org/entity/Q22919186,Château de Borie-Petit,castle | château,France
http://www.wikidata.org/entity/Q16893264,Kenmure Castle,castle,United Kingdom
http://www.wikidata.org/entity/Q1527890,Biberstein Castle,castle | barn | architectural structure,Switzerland
http://www.wikidata.org/entity/Q1590277,Haus Knipp,castle,Germany
http://www.wikidata.org/entity/Q18003838,Castell de Finestres,castle,Spain
http://www.wikidata.org/entity/Q113164530,Castello di monte Frascon,castle,Italy
http://www.wikidata.org/entity/Q38621524,"White Grit Enclosure, Priest Weston",castle,United Kingdom
http://www.wikidata.org/entity/Q24659809,Llowes Castle Tump,castle | motte,United Kingdom
http://www.wikidata.org/entity/Q19721141,Turmhügel Altes Schloss,castle | archaeological site,Germany
http://www.wikidata.org/entity/Q18632021,Turmhügel Fellerer Berg,castle,Germany
http://www.wikidata.org/entity/Q78660967,Château de Mennetou sur Cher,castle,France
http://www.wikidata.org/entity/Q19367848,Castell de Corçà,castle,Spain
http://www.wikidata.org/entity/Q83721030,castle of Verneuil-sur-Avre,castle,France
http://www.wikidata.org/entity/Q3662862,Saint George Castle,castle,Italy
http://www.wikidata.org/entity/Q15940257,Château de Wahlenbourg,castle,France
http://www.wikidata.org/entity/Q1642500,Häuser Schloss,abandoned village | castle,Germany
http://www.wikidata.org/entity/Q28001104,Torre portaia Nord,castle,Italy
http://www.wikidata.org/entity/Q28921008,castello di Casarasco,castle,Italy
http://www.wikidata.org/entity/Q2744204,Château de Ventadour,castle,France
http://www.wikidata.org/entity/Q1013816,Burg Salzwedel,castle,Germany
http://www.wikidata.org/entity/Q41423991,Burggut,castle,Germany
http://www.wikidata.org/entity/Q1802191,Landesfürstliche Burg,castle | museum of a public entity | history museum | military museum building,Italy
http://www.wikidata.org/entity/Q1011431,Burg Denstedt,castle | cultural heritage monument in Germany,Germany
http://www.wikidata.org/entity/Q83718987,Château fort de Cambremont,castle,France
http://www.wikidata.org/entity/Q49582001,Pavillon Schloßberg,castle,Germany
http://www.wikidata.org/entity/Q4819389,Auchenbathie Tower,castle,United Kingdom
http://www.wikidata.org/entity/Q25535602,Castle of Rocca Angitola,castle | building,Italy
http://www.wikidata.org/entity/Q21192831,Château de Sainte-Marie,castle,France
http://www.wikidata.org/entity/Q1801711,Lamprechtsburg,spur castle | castle,Italy
http://www.wikidata.org/entity/Q2969695,Château de Lesquiffiou,castle,France
http://www.wikidata.org/entity/Q98266217,Cultural heritage D-5-7031-0008 in Pappenheim,castle | human settlement | Bodendenkmal,Germany
http://www.wikidata.org/entity/Q4852226,Ballymoon Castle,castle,Ireland
http://www.wikidata.org/entity/Q38284842,Castle of Plaka Milou,castle,Greece
http://www.wikidata.org/entity/Q18003849,Castell de la Móra,castle,Spain
http://www.wikidata.org/entity/Q1011713,Burg First,castle,Germany
http://www.wikidata.org/entity/Q24660885,Great Kimble Dial Hill,castle,United Kingdom
http://www.wikidata.org/entity/Q67772794,Château du Mont Rivel,castle,France
http://www.wikidata.org/entity/Q109686833,Castle of Damouchari,castle,Greece
http://www.wikidata.org/entity/Q633237,Iłża Castle,castle,Poland
http://www.wikidata.org/entity/Q3662647,Castello di Lanciano,castle,Italy
http://www.wikidata.org/entity/Q97623879,Alcazaba,castle,Spain
http://www.wikidata.org/entity/Q1979319,medieval castle ruin Neuburg,castle | architectural structure | castle ruin,Switzerland
http://www.wikidata.org/entity/Q108127630,castle,castle,Italy
http://www.wikidata.org/entity/Q1013566,Burg Rambach,castle | archaeological site,Germany
http://www.wikidata.org/entity/Q43162708,Castillo de los Moros,castle,Spain
http://www.wikidata.org/entity/Q111474530,Castello Alacorn,castle,Italy
http://www.wikidata.org/entity/Q2968410,Château de Balazuc,castle,France
http://www.wikidata.org/entity/Q37119210,Castillo de Novallas,castle,Spain
http://www.wikidata.org/entity/Q15943869,Château de Kercadio,castle,France
http://www.wikidata.org/entity/Q1014252,Burg Torn,castle,Germany
http://www.wikidata.org/entity/Q5907024,Tang Lorun Castle,castle,Iran
http://www.wikidata.org/entity/Q7799305,Thurland Castle,castle | English country house,United Kingdom
http://www.wikidata.org/entity/Q106051241,Castle of San Valentino,castle,Italy
http://www.wikidata.org/entity/Q38227416,Castle Zborovy,castle,Czech Republic
http://www.wikidata.org/entity/Q113163609,Castrum of Varigotti,castle | archaeological site,Italy
http://www.wikidata.org/entity/Q4850272,Balcraig Castle,castle,United Kingdom
http://www.wikidata.org/entity/Q106797893,Castello del Rivellino,castle,Italy
http://www.wikidata.org/entity/Q15853981,Wendenburg,castle,Germany
http://www.wikidata.org/entity/Q1012501,Burg Hugenberg,castle,Germany
http://www.wikidata.org/entity/Q3662960,Castello Villanova,castle,Italy
http://www.wikidata.org/entity/Q107077318,Schloss in Pfatten,architectural structure | castle,Italy
http://www.wikidata.org/entity/Q113083617,Castello di Petosino,castle,Italy
http://www.wikidata.org/entity/Q30232169,Plancke Castle,castle | historic site,Albania
http://www.wikidata.org/entity/Q2968299,Château d'Ognon,castle,France
http://www.wikidata.org/entity/Q38603072,Cae Domen,castle,United Kingdom
http://www.wikidata.org/entity/Q43165871,Castillo de Huéneja,monument | castle,Spain
http://www.wikidata.org/entity/Q4857340,Banwell Castle,castle,United Kingdom
http://www.wikidata.org/entity/Q20875663,castell de Bossòst,castle,Spain
http://www.wikidata.org/entity/Q1012696,Schloss,castle | archaeological site,Germany
http://www.wikidata.org/entity/Q5757708,Castillo de la Aragonesa,castle,Spain
http://www.wikidata.org/entity/Q11680595,Castell de Finestres (Ultramort),castle,Spain
http://www.wikidata.org/entity/Q3281979,Mali Petrič,castle,Serbia
http://www.wikidata.org/entity/Q24940693,Castello di Puegnago del Garda,castle,Italy
http://www.wikidata.org/entity/Q15219935,Pirkeles pils,castle,Latvia
http://www.wikidata.org/entity/Q11913028,Castell de Cornil,castle,Spain
http://www.wikidata.org/entity/Q16918446,Tus citadel,castle,Iran
http://www.wikidata.org/entity/Q20902260,Burg Neuhausen (Valtaiķu pils),castle,Latvia
http://www.wikidata.org/entity/Q2971583,Château des Ducs de Joyeuse,castle,France
http://www.wikidata.org/entity/Q117601277,Castle Of Ezevai,castle,Greece
http://www.wikidata.org/entity/Q4848470,Corbières Castle,architectural structure | castle,Switzerland
http://www.wikidata.org/entity/Q22992328,Château fort de la Faye,castle,France
http://www.wikidata.org/entity/Q97632827,Castillo de Alozaina,monument | castle | human settlement | archaeological site,Spain
http://www.wikidata.org/entity/Q2970003,Château de Monthelon,castle,France
http://www.wikidata.org/entity/Q2969690,Leignon Castle,castle | château,Belgium
http://www.wikidata.org/entity/Q28001131,Savuto Castle,castle,Italy
http://www.wikidata.org/entity/Q30970554,Shanganagh Castle,castle,Ireland
http://www.wikidata.org/entity/Q1174435,Arechi Castle,castle | museum of a public entity | military museum building,Italy
http://www.wikidata.org/entity/Q24659271,Old Radnor Castle,castle | moated site,United Kingdom
http://www.wikidata.org/entity/Q1010771,Burg Altneuneck,castle,Germany
http://www.wikidata.org/entity/Q19367845,Les Torres de Cas,castle,Spain
http://www.wikidata.org/entity/Q5641920,Castle of Vállaga,castle,Spain
http://www.wikidata.org/entity/Q12764903,Dračí hrádok,castle | castle ruin,Slovakia
http://www.wikidata.org/entity/Q1988698,Niederungsburg Unseburg,castle,Germany
http://www.wikidata.org/entity/Q5757664,Castillo de Tiscar,village | castle,Spain
http://www.wikidata.org/entity/Q14506290,Burg Graß,castle,Germany
http://www.wikidata.org/entity/Q1404205,Felsenburg,castle | castle ruin | archaeological site,Switzerland
http://www.wikidata.org/entity/Q3078404,Fortress of Amman,castle,Jordan
http://www.wikidata.org/entity/Q2969045,Château de Couffoulens,castle,France
http://www.wikidata.org/entity/Q5874856,Barvish Kani Castle,castle,Iran
http://www.wikidata.org/entity/Q2971385,Château de Fayet,castle,France
http://www.wikidata.org/entity/Q26305922,Wootton Castle,castle,United Kingdom
http://www.wikidata.org/entity/Q3748724,Verrucole Castle,fortress | castle,Italy
http://www.wikidata.org/entity/Q151689,Burg Schwartzenburg,castle,Germany
http://www.wikidata.org/entity/Q1014611,Burg Wildshausen,castle,Germany
http://www.wikidata.org/entity/Q97688682,Castillo de las Huelgas I,village | castle | defensive wall | human settlement | archaeological site,Spain
http://www.wikidata.org/entity/Q5757627,Castillo de Titaguas,castle,Spain
http://www.wikidata.org/entity/Q1014542,Burg Wendelsheim,castle,Germany
http://www.wikidata.org/entity/Q5050436,Castle of Ucero,castle,Spain
http://www.wikidata.org/entity/Q18199867,Castle of Manzaneque,castle | Bien de Interés Cultural,Spain
http://www.wikidata.org/entity/Q13360318,Grange Fort Castle,castle | château,France
http://www.wikidata.org/entity/Q17778160,Galgorm Castle,castle,United Kingdom
http://www.wikidata.org/entity/Q2970404,Rochemaure castle,castle,France
http://www.wikidata.org/entity/Q5806360,Segart Castle,castle,Spain
http://www.wikidata.org/entity/Q611427,Fortezza of Rethymno,fortress | castle,Greece
http://www.wikidata.org/entity/Q3662365,Castello Ruffo di Scilla,castle,Italy
http://www.wikidata.org/entity/Q52851601,Castillo de Majuela,castle | fortified tower,Spain
http://www.wikidata.org/entity/Q113584429,Castello di Macchia Timone,castle,Italy
http://www.wikidata.org/entity/Q4185816,Ballycarbery Castle,destroyed building or structure | castle,Ireland
http://www.wikidata.org/entity/Q1015815,Burgstall Kirchberg,castle,Germany
http://www.wikidata.org/entity/Q2524183,Framlingham Castle,castle | historic house museum,United Kingdom
http://www.wikidata.org/entity/Q24661660,Tomen Bryn Dadlau Mound,castle,United Kingdom
http://www.wikidata.org/entity/Q21779516,Sevoto Kalesi,castle,Bulgaria
http://www.wikidata.org/entity/Q3752952,Castro da Cola,hillfort | castle | cultural heritage | archaeological site,Portugal
http://www.wikidata.org/entity/Q2970981,Château de Vignory,castle,France
http://www.wikidata.org/entity/Q1011617,Burg Endenich,castle,Germany
http://www.wikidata.org/entity/Q5904555,"Kohneh Castle, Jafarabad",castle,Iran
http://www.wikidata.org/entity/Q1014756,Šumburk,castle | castle ruin,Czech Republic
http://www.wikidata.org/entity/Q16619104,Castle Torczynie,castle,Ukraine
http://www.wikidata.org/entity/Q22227278,Castell de Pena,castle,Spain
http://www.wikidata.org/entity/Q43132424,Castillo El Castillico (Albox),monument | castle,Spain
http://www.wikidata.org/entity/Q2970773,Château de Ternay,castle,France
http://www.wikidata.org/entity/Q103829579,Iški turn Castle,castle,Slovenia
http://www.wikidata.org/entity/Q665769,Burg Perchtoldsdorf,castle,Austria
http://www.wikidata.org/entity/Q3662500,Borgo Fornari Castle,castle,Italy
http://www.wikidata.org/entity/Q2241506,Schloss Heiligenberg,castle,Germany
http://www.wikidata.org/entity/Q29348462,Västergarn 25:1,castle,Sweden
http://www.wikidata.org/entity/Q3662590,Castello di Cré,castle,Italy
http://www.wikidata.org/entity/Q24660426,Manafon Motte,castle,United Kingdom
http://www.wikidata.org/entity/Q78660662,Château de Bone,castle,France
http://www.wikidata.org/entity/Q20083551,Jaroszyński Palace in Dzvonykha,castle,Ukraine
http://www.wikidata.org/entity/Q78660678,Château de Brinay,castle,France
http://www.wikidata.org/entity/Q1747134,Château d'Oedenbourg,castle,France
http://www.wikidata.org/entity/Q56338458,Nowy Jasiniec Castle,castle | castle ruin,Poland
http://www.wikidata.org/entity/Q30889758,Bellagio's Castle,castle,Italy
http://www.wikidata.org/entity/Q5598696,Great Barford Castle,castle,United Kingdom
http://www.wikidata.org/entity/Q109686861,Fortress of Gavrias,castle,Greece
http://www.wikidata.org/entity/Q15111971,Gut Sondermühlen,estate | castle,Germany
http://www.wikidata.org/entity/Q1013340,Burg Nivagl,castle | castle ruin,Switzerland
http://www.wikidata.org/entity/Q61064119,Dokhtar Castle (Kerman County),castle,Iran
http://www.wikidata.org/entity/Q128682416,Pfungen castle,castle,Switzerland
http://www.wikidata.org/entity/Q56240205,Agios Nikolaos Fort,castle,Greece
http://www.wikidata.org/entity/Q21866027,Meiselberg,castle,Austria
http://www.wikidata.org/entity/Q1016228,Burgwall Wust,castle,Germany
http://www.wikidata.org/entity/Q26431144,Castlehill of Strachan,castle | archaeological site,United Kingdom
http://www.wikidata.org/entity/Q1015278,Burgruine Falkenberg,castle,Germany
http://www.wikidata.org/entity/Q112143235,Castello di Breme,castle,Italy
http://www.wikidata.org/entity/Q896291,Blankenstein Castle,castle,Germany
http://www.wikidata.org/entity/Q98498375,Villa Sommi Picenardi,castle,Italy
http://www.wikidata.org/entity/Q26414323,Tankerton Castle,castle | English country house | tourist attraction | nonprofit organization | local business | country house,United Kingdom
http://www.wikidata.org/entity/Q67772452,Castello di Lozzolo,castle,Italy
http://www.wikidata.org/entity/Q2968700,Brougham Castle,castle | castle ruin,United Kingdom
http://www.wikidata.org/entity/Q1014495,Burg Wassenberg,castle,Germany
http://www.wikidata.org/entity/Q15108313,Burg Wartenberg,castle | archaeological site,Germany
http://www.wikidata.org/entity/Q78661736,Château de Sanvigne,castle,France
http://www.wikidata.org/entity/Q1013837,Burg Scharben,castle,Germany
http://www.wikidata.org/entity/Q2537947,Castle of Wannegem,castle | château,Belgium
http://www.wikidata.org/entity/Q3662497,Castle of Bonassola,castle,Italy
http://www.wikidata.org/entity/Q1013177,Schloss Mühltroff,castle,Germany
http://www.wikidata.org/entity/Q113432772,Castello di Velo,war memorial | castle,Italy
http://www.wikidata.org/entity/Q22969961,Castillo de Valencia de Alcántara,castle,Spain
http://www.wikidata.org/entity/Q835740,Château de Pierre-Percée,castle,France
http://www.wikidata.org/entity/Q38621513,Llandaff Archdeacons Castle,castle,United Kingdom
http://www.wikidata.org/entity/Q1015793,Burgstall Hohenstatt,castle,Germany
http://www.wikidata.org/entity/Q2060046,Château de Roquetaillade,castle,France
http://www.wikidata.org/entity/Q28871657,Vargač,castle,Czech Republic
http://www.wikidata.org/entity/Q6743045,Castle of Agres,monument | castle,Spain
http://www.wikidata.org/entity/Q111254281,Castello di Cropalati,castle,Italy
http://www.wikidata.org/entity/Q29367915,Castillo de la Corona,castle,Spain
http://www.wikidata.org/entity/Q1012702,Burg Konradsheim,castle,Germany
http://www.wikidata.org/entity/Q2969240,Château de Fontenelle,castle,France
http://www.wikidata.org/entity/Q1265223,Dun Ringill,castle | archaeological site,United Kingdom
http://www.wikidata.org/entity/Q57803,Tantallon Castle,castle,United Kingdom
http://www.wikidata.org/entity/Q1048676,Capdepera Castle,monument | castle,Spain
http://www.wikidata.org/entity/Q9386570,Castle of Bishops in Siewierz,castle,Poland
http://www.wikidata.org/entity/Q97626328,Castle of Montilla,castle | Pósito,Spain
http://www.wikidata.org/entity/Q3662320,Castello ducale di Crecchio,castle,Italy
http://www.wikidata.org/entity/Q113571379,Castello di Castiglioni,castle,Italy
http://www.wikidata.org/entity/Q436903,Altenburg (Reutlingen-Altenburg),castle,Germany
http://www.wikidata.org/entity/Q56306744,Château de Meilbourg,castle,France
http://www.wikidata.org/entity/Q2969434,Château de Jouaignes,castle,France
http://www.wikidata.org/entity/Q39011402,Waun y Caerau Placename,castle,United Kingdom
http://www.wikidata.org/entity/Q33224233,Schloß Gessenberg,castle,Germany
http://www.wikidata.org/entity/Q5882521,Ganjali Khan Castle,castle | cultural property,Iran
http://www.wikidata.org/entity/Q28704194,Probizhna castle,castle,Ukraine
http://www.wikidata.org/entity/Q56359226,Castle Barrett,castle,Ireland
http://www.wikidata.org/entity/Q104713209,Kasteel Maxburg,castle,Belgium
http://www.wikidata.org/entity/Q30232098,Kroti Castle,castle | historic site,Albania
http://www.wikidata.org/entity/Q98336233,Cultural heritage D-1-8243-0130 in Piding,castle | feature | Bodendenkmal,Germany
http://www.wikidata.org/entity/Q107634652,Alte Burg Holte,castle,Germany
http://www.wikidata.org/entity/Q1012114,Castle of Guadamur,castle,Spain
http://www.wikidata.org/entity/Q2969793,Château de Marconnay,castle,France
http://www.wikidata.org/entity/Q21479904,Castell d'Argentera,castle,Spain
http://www.wikidata.org/entity/Q3662684,Mazzè Castle,castle,Italy
http://www.wikidata.org/entity/Q24659298,Huntington Mound,castle,United Kingdom
http://www.wikidata.org/entity/Q1013225,Burg Neipperg,castle,Germany
http://www.wikidata.org/entity/Q78660713,Château de Chadenac,castle,France
http://www.wikidata.org/entity/Q60356479,Frauenstein Castle,castle | ruins | archaeological site,Slovenia
http://www.wikidata.org/entity/Q55188459,Sartirana Castle,castle,Italy
http://www.wikidata.org/entity/Q66970674,Cerro del Castillo del Cohete,castle | defensive wall | monument | human settlement | archaeological site,Spain
http://www.wikidata.org/entity/Q98276386,Cultural heritage D-3-7038-0430 in Pentling,castle | Bodendenkmal,Germany
http://www.wikidata.org/entity/Q126823303,Fort C,castle,Germany
http://www.wikidata.org/entity/Q108612601,Ovriokastro,castle,Greece
http://www.wikidata.org/entity/Q124498868,Oianburu,hillfort | castle | archaeological site,Spain
http://www.wikidata.org/entity/Q2968038,Aberdeen Castle,castle,United Kingdom
http://www.wikidata.org/entity/Q2968567,Château de Blosset,castle,France
http://www.wikidata.org/entity/Q1048842,Castello della Pietra,castle,Italy
http://www.wikidata.org/entity/Q2967805,Château d'Allinges-Vieux,castle,France
http://www.wikidata.org/entity/Q1012827,Doppelkapelle Sanctae Crucis,castle,Germany
http://www.wikidata.org/entity/Q4978583,Brucklay Castle,castle | ruins,United Kingdom
http://www.wikidata.org/entity/Q1540393,Humburg,castle,Germany
http://www.wikidata.org/entity/Q112195868,Castle of Gerga,castle,Spain
http://www.wikidata.org/entity/Q125393193,Castello di Moncestino,castle | palace,Italy
http://www.wikidata.org/entity/Q7416441,Sandomierz Castle,castle,Poland
http://www.wikidata.org/entity/Q1013495,Peñafiel Castle,monument | castle,Spain
http://www.wikidata.org/entity/Q56661749,Duke Murdoch's Castle,castle,United Kingdom
http://www.wikidata.org/entity/Q98501261,Silla del Moro,castle | mosque,Spain
http://www.wikidata.org/entity/Q1012527,Burg Häringstein,castle,Germany
http://www.wikidata.org/entity/Q2608510,Château de l'Oisellerie,castle,France
http://www.wikidata.org/entity/Q436887,Altenburg (Nazza),castle,Germany
http://www.wikidata.org/entity/Q98290833,Cultural heritage D-7-8129-0096 in Kaufbeuren,castle | Bodendenkmal,Germany
http://www.wikidata.org/entity/Q5049737,Castle of Alcobaça,castle | cultural heritage,Portugal
http://www.wikidata.org/entity/Q1451798,Josselin Castle,castle,France
http://www.wikidata.org/entity/Q111525598,Castello di Piedimonte San Germano,castle,Italy
http://www.wikidata.org/entity/Q7313973,Repentance Tower,tower house | castle,United Kingdom
http://www.wikidata.org/entity/Q2970000,Château de Monthelie,castle,France
http://www.wikidata.org/entity/Q2968170,Château d'Aurouze,castle,France
http://www.wikidata.org/entity/Q4938975,Bolbec Castle,motte-and-bailey castle | castle,United Kingdom
http://www.wikidata.org/entity/Q5949453,Leshtan Castle,castle,Iran
http://www.wikidata.org/entity/Q648064,Ćmielów Castle,castle,Poland
http://www.wikidata.org/entity/Q5912630,Abhar Castle,castle,Iran
http://www.wikidata.org/entity/Q18003869,Castell de Vilopriu,castle,Spain
http://www.wikidata.org/entity/Q56357531,Glencastle,castle,Ireland
http://www.wikidata.org/entity/Q108210835,Burg Wittmund,castle | château,Germany
http://www.wikidata.org/entity/Q113334466,Castello di Gottano,castle,Italy
http://www.wikidata.org/entity/Q15108311,Burg Wahlwies,castle,Germany
http://www.wikidata.org/entity/Q15108289,Schloss Spielberg,castle | château | archaeological site,Germany
http://www.wikidata.org/entity/Q35864529,Kolim Castle,castle,Iran
http://www.wikidata.org/entity/Q5757455,Castillo de Monroy,castle,Spain
http://www.wikidata.org/entity/Q15790334,Burg Eisenberg,castle,Germany
http://www.wikidata.org/entity/Q1404606,Ringwall Dreibornskopf,castle | archaeological site,Germany
http://www.wikidata.org/entity/Q4713450,Aldbar Castle,castle,United Kingdom
http://www.wikidata.org/entity/Q2968158,Château d'Auflance,castle,France
http://www.wikidata.org/entity/Q2868485,Taktsé Castle,castle,People's Republic of China
http://www.wikidata.org/entity/Q78660667,Château de Bouquet,castle,France
http://www.wikidata.org/entity/Q5456517,Flaach Castle,architectural structure | castle,Switzerland
http://www.wikidata.org/entity/Q5394033,Castle of Arnedo,castle,Spain
http://www.wikidata.org/entity/Q1304369,Wallburg Ambrock,castle,Germany
http://www.wikidata.org/entity/Q79763053,castello di Gattico,castle,Italy
http://www.wikidata.org/entity/Q1398979,Faxeholm,castle,Sweden
http://www.wikidata.org/entity/Q1010804,Burg Amoltern,castle,Germany
http://www.wikidata.org/entity/Q4946860,Borve Castle,castle,United Kingdom
http://www.wikidata.org/entity/Q2969972,Château de Montbéliard,castle | art museum,France
http://www.wikidata.org/entity/Q4937040,Bodzentyn Castle,castle | palace complex,Poland
http://www.wikidata.org/entity/Q2971052,Château de Vézins,castle,France
http://www.wikidata.org/entity/Q17571082,Aldourie Castle,mansion | castle,United Kingdom
http://www.wikidata.org/entity/Q1012096,Schloss Gröbzig,castle,Germany
http://www.wikidata.org/entity/Q3662123,Castle Salern,castle,Italy
http://www.wikidata.org/entity/Q16618881,Castle Bohusławiu,castle,Ukraine
http://www.wikidata.org/entity/Q16054768,Burg Schönbrunn,castle | archaeological site,Germany
http://www.wikidata.org/entity/Q2969117,Château de Dieulouard,castle,France
http://www.wikidata.org/entity/Q1011830,Burg Freudenberg,castle,Germany
http://www.wikidata.org/entity/Q2989057,Kruševac Fortress,castle,Serbia
http://www.wikidata.org/entity/Q1256985,Les Trois Châteaux,castle,France
http://www.wikidata.org/entity/Q2971174,Château de la Calade,castle,France
http://www.wikidata.org/entity/Q2542634,Wallburg bei Müngsten,castle,Germany
http://www.wikidata.org/entity/Q30247258,Ballybunion Castle,castle,Ireland
http://www.wikidata.org/entity/Q107477293,Castell de Milves,castle,Spain
http://www.wikidata.org/entity/Q63495558,Castello Oldofredi,castle,Italy
http://www.wikidata.org/entity/Q4242006,Round Tower (Mardakan),castle,Azerbaijan
http://www.wikidata.org/entity/Q17596424,Castell de Montesquiu,castle,Spain
http://www.wikidata.org/entity/Q15108417,Befestigung,castle | fortification | archaeological site,Germany
http://www.wikidata.org/entity/Q22969948,Castillo de Galisteo,castle,Spain
http://www.wikidata.org/entity/Q841527,Château de Tiffauges,castle,France
http://www.wikidata.org/entity/Q131331777,Altidore Castle,castle,Ireland
http://www.wikidata.org/entity/Q118395626,Chateau de Mielmont,castle,Belgium
http://www.wikidata.org/entity/Q3748568,Fort Carnale,castle | coastal tower,Italy
http://www.wikidata.org/entity/Q1014152,Burg Straßfried,castle,Austria
http://www.wikidata.org/entity/Q106077275,Ex Castello e Chiesa dell'Assunzione di Maria Vergine,castle,Italy
http://www.wikidata.org/entity/Q2240085,Château d'Argy,castle,France
http://www.wikidata.org/entity/Q19367842,Castell de Brunyola,castle | semaphore tower,Spain
http://www.wikidata.org/entity/Q1735335,Kastelholm Castle,museum | castle | tourist attraction,Finland
http://www.wikidata.org/entity/Q2971463,Château des Bourines,castle,France
http://www.wikidata.org/entity/Q35972722,Rocca di Bertinoro,castle | museum building,Italy
http://www.wikidata.org/entity/Q24660897,Coldbridge Castle,castle,United Kingdom
http://www.wikidata.org/entity/Q4896478,Cox Castle,castle,Spain
http://www.wikidata.org/entity/Q1614451,"Altwartenburg, Timelkam",castle,Austria
http://www.wikidata.org/entity/Q1012313,Burg Hermannstein,castle,Germany
http://www.wikidata.org/entity/Q5757423,Castle of Malamoneda,castle,Spain
http://www.wikidata.org/entity/Q115472955,Château de bl’Isenbourg,castle,France
http://www.wikidata.org/entity/Q15790414,Burgstall Altdorf,castle | archaeological site,Germany
http://www.wikidata.org/entity/Q2971554,Château des Rudel,castle | château,France
http://www.wikidata.org/entity/Q109285622,Château de Montredon,castle,France
http://www.wikidata.org/entity/Q5757495,Castillo de Olvera,monument | castle,Spain
http://www.wikidata.org/entity/Q2550787,Wasserburg Brand,castle | archaeological site,Germany
http://www.wikidata.org/entity/Q11849670,Aborch,castle,Finland
http://www.wikidata.org/entity/Q5049802,Castle of Mourão,castle | cultural heritage,Portugal
http://www.wikidata.org/entity/Q113383571,Castle of the Barda mount,castle,Italy
http://www.wikidata.org/entity/Q2970864,Château de Turenne,castle,France
http://www.wikidata.org/entity/Q2971719,Château du Karreveld,castle,Belgium
http://www.wikidata.org/entity/Q10975752,Castell del Far,castle,Spain
http://www.wikidata.org/entity/Q2968844,Château de Champiré,castle,France
http://www.wikidata.org/entity/Q2969937,Château de Montagu,castle,France
http://www.wikidata.org/entity/Q1143381,Culcreuch Castle,castle,United Kingdom
http://www.wikidata.org/entity/Q111602200,Castello Ruffo - Ventimiglia,castle,Italy
http://www.wikidata.org/entity/Q2971676,Château du Fayet,castle,France
http://www.wikidata.org/entity/Q5560293,Gight,village | castle,United Kingdom
http://www.wikidata.org/entity/Q5757403,Castillo de Lerés,castle | locality,Spain
http://www.wikidata.org/entity/Q1011117,Burg Bonames,castle | archaeological site,Germany
http://www.wikidata.org/entity/Q2969792,Château de Marcilly-sur-Maulne,castle,France
http://www.wikidata.org/entity/Q17595794,Castell d'Aitona,castle,Spain
http://www.wikidata.org/entity/Q29345613,Castle of Peña Felizana,castle,Spain
http://www.wikidata.org/entity/Q3662725,Castello di Monte Sant'Angelo,castle,Italy
http://www.wikidata.org/entity/Q83719391,Château fort de Mille,castle,France
http://www.wikidata.org/entity/Q114008787,Castello di Rezzago,castle,Italy
http://www.wikidata.org/entity/Q264599,Sümeg Castle,castle,Hungary
http://www.wikidata.org/entity/Q113564229,Castello di Calatabarbaro,castle,Italy
http://www.wikidata.org/entity/Q1013955,Burg Schöneberg,castle | archaeological site,Germany
http://www.wikidata.org/entity/Q3488750,Tematín,castle | tourist attraction,Slovakia
http://www.wikidata.org/entity/Q2968663,Château de Briançon,castle,France
http://www.wikidata.org/entity/Q1013631,Burg Reichenberg,castle,Germany
http://www.wikidata.org/entity/Q2640864,Château de l'Anglais,castle,France
http://www.wikidata.org/entity/Q685343,Altenklingen Castle,architectural structure | castle,Switzerland
http://www.wikidata.org/entity/Q837875,Gliwice Castle,castle,Poland
http://www.wikidata.org/entity/Q2969632,Château de Laly,castle | château,France
http://www.wikidata.org/entity/Q979709,Château du Grand Perron,castle,France
http://www.wikidata.org/entity/Q3662925,Castello di Torre In Pietra,castle,Italy
http://www.wikidata.org/entity/Q106078106,Castello di Stadera,castle,Italy
http://www.wikidata.org/entity/Q1014614,Burg Wincheringen,castle,Germany
http://www.wikidata.org/entity/Q6546663,Molk Kioumars Castle,castle,Iran
http://www.wikidata.org/entity/Q29367830,Castillo de Sen,castle,Spain
http://www.wikidata.org/entity/Q8342280,Castell de Canyelles,castle,Spain
http://www.wikidata.org/entity/Q1590567,Haus Steinhausen,castle,Germany
http://www.wikidata.org/entity/Q43127864,Castell de Vinebre,castle,Spain
http://www.wikidata.org/entity/Q98330835,Cultural heritage D-1-7034-0046 in Kipfenberg,castle | feature | Bodendenkmal,Germany
http://www.wikidata.org/entity/Q1014713,Burg im Dannsee,castle,Germany
http://www.wikidata.org/entity/Q2971384,Château de la Rongère,castle | château,France
http://www.wikidata.org/entity/Q17567350,Muckrach Castle,castle,United Kingdom
http://www.wikidata.org/entity/Q2971270,Château de la Guignardière,castle,France
http://www.wikidata.org/entity/Q39009827,Castle Ring,castle,United Kingdom
http://www.wikidata.org/entity/Q8049393,Yarmouth Castle,castle | fort | military museum,United Kingdom
http://www.wikidata.org/entity/Q108340832,Haus Aul,architectural structure | castle,Germany
http://www.wikidata.org/entity/Q4926360,Bletchingley Castle,castle | archaeological site,United Kingdom
http://www.wikidata.org/entity/Q198287,Colchester Castle,castle | local authority museum,United Kingdom
http://www.wikidata.org/entity/Q108765503,Château de Valff,castle,France
http://www.wikidata.org/entity/Q3662890,Santa Maria della Neve,castle,Italy
http://www.wikidata.org/entity/Q38621299,Gnoll House,mansion | castle,United Kingdom
http://www.wikidata.org/entity/Q97629471,Plaza del Castillo,village | castle | cist | grave,Spain
http://www.wikidata.org/entity/Q24659254,Knucklas Castle,castle,United Kingdom
http://www.wikidata.org/entity/Q30108382,New Palace in Lubniewice,castle,Poland
http://www.wikidata.org/entity/Q992009,Burg Baldenau,castle,Germany
http://www.wikidata.org/entity/Q5908233,"Kohneh Castle, Ardein",castle,Iran
http://www.wikidata.org/entity/Q42649451,Shahdiz Castle,castle | cultural property,Iran
http://www.wikidata.org/entity/Q2970769,Château de Tayac,castle,France
http://www.wikidata.org/entity/Q3662822,Castello di Punta Ala,castle,Italy
http://www.wikidata.org/entity/Q10723586,Ymseborg,castle,Sweden
http://www.wikidata.org/entity/Q1014759,Žampach Castle,castle | castle ruin,Czech Republic
http://www.wikidata.org/entity/Q6421946,Melsztyn Castle,castle,Poland
http://www.wikidata.org/entity/Q98274502,Cultural heritage D-3-6138-0071 in Krummennaab,castle | château | feature | Bodendenkmal,Germany
http://www.wikidata.org/entity/Q28705561,Borshchiv castle,castle,Ukraine
http://www.wikidata.org/entity/Q699839,Burgruine Schwarzenbach,castle | ruins,Austria
http://www.wikidata.org/entity/Q3274242,Chortkiv Castle,castle,Ukraine
http://www.wikidata.org/entity/Q1012084,Burg Gruibingen,castle,Germany
http://www.wikidata.org/entity/Q103487481,Türcke Castle,villa | castle,Italy
http://www.wikidata.org/entity/Q111550737,Castello Gallego,castle,Italy
http://www.wikidata.org/entity/Q4185857,Porciano Castle,castle,Italy
http://www.wikidata.org/entity/Q2550818,Wasserburg Grünau,castle,Germany
http://www.wikidata.org/entity/Q15727171,Castell de Rocafort de Queralt,castle,Spain
http://www.wikidata.org/entity/Q1004725,Bulverket,castle,Sweden
http://www.wikidata.org/entity/Q2970113,Château de Nassigny,castle,France
http://www.wikidata.org/entity/Q1011129,Burg Botzlar,castle,Germany
http://www.wikidata.org/entity/Q3395294,Cardigan Castle,castle | archaeological site,United Kingdom
http://www.wikidata.org/entity/Q55831904,Castello Maggiorasco,castle,Italy
http://www.wikidata.org/entity/Q1493071,Llandovery Castle,motte-and-bailey castle | castle,United Kingdom
http://www.wikidata.org/entity/Q39012029,Bauzans Castle,castle,United Kingdom
http://www.wikidata.org/entity/Q41215121,Kampenwandstraße 94,castle,Germany
http://www.wikidata.org/entity/Q5144615,Coleraine Castle,castle,United Kingdom
http://www.wikidata.org/entity/Q22691385,Castillo de Cihuela,castle,Spain
http://www.wikidata.org/entity/Q5118762,Château de Condat,castle,France
http://www.wikidata.org/entity/Q56376871,Roman Theatre of Jableh,castle | Roman theatre,Syria
http://www.wikidata.org/entity/Q1012083,Burg Grumbach,castle | cultural heritage monument in Germany,Germany
http://www.wikidata.org/entity/Q39006464,"Twmpath Chwrall Fieldname, Tremeirchion",castle,United Kingdom
http://www.wikidata.org/entity/Q106077546,Castello di San Polo,castle,Italy
http://www.wikidata.org/entity/Q2970309,Château de Puy-Guillon,castle,France
http://www.wikidata.org/entity/Q83719416,Château fort de Montaigu,castle,France
http://www.wikidata.org/entity/Q2969897,Château de Miramont,castle,France
http://www.wikidata.org/entity/Q830289,Frauenstein Castle,castle | cultural heritage monument in Germany | ruins,Germany
http://www.wikidata.org/entity/Q2971856,Château d'Aubigny,castle,France
http://www.wikidata.org/entity/Q1012322,Burg Herzberg,castle,Germany
http://www.wikidata.org/entity/Q1015729,Burgstall Eselsburg (Michelbach am Wald),castle,Germany
http://www.wikidata.org/entity/Q10678513,Toftaholm,castle | manor house,Sweden
http://www.wikidata.org/entity/Q24661594,Kings Lynn The Red Mount,castle,United Kingdom
http://www.wikidata.org/entity/Q2971610,Château du Birkenfels,castle,France
http://www.wikidata.org/entity/Q30970315,Monkstown Castle,castle,Ireland
http://www.wikidata.org/entity/Q30246652,Desmond Castle,castle,Ireland
http://www.wikidata.org/entity/Q28721350,Mystras Castle,castle,Greece
http://www.wikidata.org/entity/Q4848471,Surpierre Castle,architectural structure | castle,Switzerland
http://www.wikidata.org/entity/Q15273452,Roxborough Castle,castle,United Kingdom
http://www.wikidata.org/entity/Q38614064,Castell Bach,castle,United Kingdom
http://www.wikidata.org/entity/Q13359035,Obřany (Castle),castle | castle ruin,Czech Republic
http://www.wikidata.org/entity/Q650474,Hohenstaufen Castle,castle,Germany
http://www.wikidata.org/entity/Q6422763,"Knock Castle, Largs",castle,United Kingdom
http://www.wikidata.org/entity/Q2749741,Château de Nérac,castle,France
http://www.wikidata.org/entity/Q1011563,Burg Eichholz,castle,Germany
http://www.wikidata.org/entity/Q24661637,Mound South West of Walterstone,castle,United Kingdom
http://www.wikidata.org/entity/Q3437435,Rocca di Pierle,castle,Italy
http://www.wikidata.org/entity/Q2968173,Château d'Authon,castle | château,France
http://www.wikidata.org/entity/Q1012623,Burg Katharinafels,castle,Germany
http://www.wikidata.org/entity/Q113171086,Castle of Bajardo,castle,Italy
http://www.wikidata.org/entity/Q91388527,Castello Farnese,castle,Italy
http://www.wikidata.org/entity/Q2969166,Château de Duras (France),castle,France
http://www.wikidata.org/entity/Q2969264,Château de Francs,castle | château,France
http://www.wikidata.org/entity/Q30973766,Lynches Castle  in Summerhill,castle,Ireland
http://www.wikidata.org/entity/Q44246982,Castillo de Serranos de la Torre,castle,Spain
http://www.wikidata.org/entity/Q67014410,Castello di Colorio,castle,Italy
http://www.wikidata.org/entity/Q17596217,Castell de Gimenells,castle,Spain
http://www.wikidata.org/entity/Q1013041,Löcknitz Castle,castle,Germany
http://www.wikidata.org/entity/Q58404988,Kirchhof (Burg),castle,Germany
http://www.wikidata.org/entity/Q5049797,Castle of Monção,castle | cultural heritage,Portugal
http://www.wikidata.org/entity/Q1013040,Burg Lövenich,castle,Germany
http://www.wikidata.org/entity/Q1499896,Uffoburg,castle | archaeological site,Germany
http://www.wikidata.org/entity/Q6744362,Malmesbury Castle,castle,United Kingdom
http://www.wikidata.org/entity/Q1741395,Kilmahew Castle,castle,United Kingdom
http://www.wikidata.org/entity/Q48757434,Manoir de Beaunay,castle,France
http://www.wikidata.org/entity/Q2970726,Castle of Soure,castle | cultural heritage,Portugal
http://www.wikidata.org/entity/Q43132980,Castillo de Urcal,village | monument | castle,Spain
http://www.wikidata.org/entity/Q112323027,Castello di Castiglione Aldobrando,castle,Italy
http://www.wikidata.org/entity/Q15790328,Burg Blumpenbach,castle,Germany
http://www.wikidata.org/entity/Q56237152,Servia Castle,castle | fortress | archaeological site,Greece
http://www.wikidata.org/entity/Q1014596,Burg Wildenberg,castle | castle ruin,Switzerland
http://www.wikidata.org/entity/Q2971533,Château des Perrays,castle,France
http://www.wikidata.org/entity/Q38298046,Castello di Santa Croce,castle,Italy
http://www.wikidata.org/entity/Q106073218,Cassero,cassero | castle,Italy
http://www.wikidata.org/entity/Q12252984,Castillo de Aitzorrotz,castle | castle of the Kingdom of Navarre | architectural structure | archaeological site,Spain | Kingdom of Navarre
http://www.wikidata.org/entity/Q110205886,Castello di Turrivalignani,castle,Italy
http://www.wikidata.org/entity/Q2969129,Château de Dobert,castle,France
http://www.wikidata.org/entity/Q1013607,Burg Ravensberg,castle,Germany
http://www.wikidata.org/entity/Q107127367,Castell de Tudela,castle,Spain
http://www.wikidata.org/entity/Q18418261,Castillo de Santiago de la Torre,castle,Spain
http://www.wikidata.org/entity/Q15196765,Barjarg Tower,castle,United Kingdom
http://www.wikidata.org/entity/Q1014281,Burg Treuchtlingen,castle | castle ruin,Germany
http://www.wikidata.org/entity/Q17571711,Dunninald Castle,castle | country house,United Kingdom
http://www.wikidata.org/entity/Q1011490,Dreckburg,castle | manor house,Germany
http://www.wikidata.org/entity/Q21809701,Rusov,castle,Czech Republic
http://www.wikidata.org/entity/Q107000887,Castell de Sant Jaume,castle,Spain
http://www.wikidata.org/entity/Q24659568,St Ishmaels Tump,castle,United Kingdom
http://www.wikidata.org/entity/Q2969441,Château de Joviac,castle,France
http://www.wikidata.org/entity/Q1272393,Düsseldorfer Schloss,castle | residence,Germany
http://www.wikidata.org/entity/Q16544806,Castillo de Zambra,monument | castle,Spain
http://www.wikidata.org/entity/Q109828117,Castello Merola,castle,Italy
http://www.wikidata.org/entity/Q113050290,Castello di Cardana,castle,Italy
http://www.wikidata.org/entity/Q55370395,Castello,castle | historical park museum | town hall,Italy
http://www.wikidata.org/entity/Q8342146,Castellnou de Llinars,castle,Spain
http://www.wikidata.org/entity/Q64764991,"Hochmittelalterliche Motte, Mittlere, Untere-Burg Ortenburg",castle,Austria
http://www.wikidata.org/entity/Q1020561,Hlusk Castle,castle,Belarus
http://www.wikidata.org/entity/Q99529160,Castello Sforza Cesarini,castle,Italy
http://www.wikidata.org/entity/Q5757685,Castillo de Villagómez la Nueva,castle,Spain
http://www.wikidata.org/entity/Q15856991,Burgstall Windeck,castle | archaeological site,Germany
http://www.wikidata.org/entity/Q43121222,Castell de Riquer,castle,Spain
http://www.wikidata.org/entity/Q2970583,St Thomé Castle,castle,France
http://www.wikidata.org/entity/Q12630306,Poznanovec Castle,castle,Croatia
http://www.wikidata.org/entity/Q78660675,Château de Bréthencourt,castle,France
http://www.wikidata.org/entity/Q18176418,Castillo de la Encomienda,castle | casa consistorial,Spain
http://www.wikidata.org/entity/Q113383513,Fagagna Castle,castle,Italy
http://www.wikidata.org/entity/Q108612723,Castle of Velika,castle,Greece
http://www.wikidata.org/entity/Q1013716,Rokštejn Castle,castle | castle ruin,Czech Republic
http://www.wikidata.org/entity/Q19305590,Všeruby Castle,castle,Czech Republic
http://www.wikidata.org/entity/Q52073900,Castello di Ardara,castle,Italy
http://www.wikidata.org/entity/Q15943881,Château du Bouchet (Indre),castle,France
http://www.wikidata.org/entity/Q5757394,Castillo de Lanjarón,castle,Spain
http://www.wikidata.org/entity/Q114565339,Chiktan Khar,castle,India
http://www.wikidata.org/entity/Q2969927,Château de Monsec,castle,France
http://www.wikidata.org/entity/Q1012536,Burg Hörnle,castle,Germany
http://www.wikidata.org/entity/Q691356,Hohenklingen Castle,castle,Switzerland
http://www.wikidata.org/entity/Q20985575,Castell de Sant Guim de la Rabassa,castle,Spain
http://www.wikidata.org/entity/Q1987631,Kasteel Hilligersberg,castle,Netherlands
http://www.wikidata.org/entity/Q98493938,Burg,castle,Germany
http://www.wikidata.org/entity/Q78660976,Château de Mirambel,castle,France
http://www.wikidata.org/entity/Q2933633,Calatrava la Nueva,monument | castle | convent,Spain
http://www.wikidata.org/entity/Q17595817,Castell de l'Aranyó,castle,Spain
http://www.wikidata.org/entity/Q25379725,Castillo de Madroñiz,castle,Spain
http://www.wikidata.org/entity/Q109686839,Castle of Apokoronas,castle,Greece
http://www.wikidata.org/entity/Q99512020,Kasteln,castle,Switzerland
http://www.wikidata.org/entity/Q60348608,Rače Castle,castle,Slovenia
http://www.wikidata.org/entity/Q3662313,Caetani Castle,fortress | castle,Italy
http://www.wikidata.org/entity/Q1015355,Burgruine,castle | castle ruin | archaeological site,Germany
http://www.wikidata.org/entity/Q826377,Burg Kutin,castle,Germany
http://www.wikidata.org/entity/Q1014177,Střílky Castle,castle | castle ruin,Czech Republic
http://www.wikidata.org/entity/Q1011516,Ebersburg Castle,castle,Germany
http://www.wikidata.org/entity/Q108612381,Castle of Agrelia,castle,Greece
http://www.wikidata.org/entity/Q5842762,Jamshidi Castle,castle,Iran
http://www.wikidata.org/entity/Q1010678,Burg Ahldorf,castle,Germany
http://www.wikidata.org/entity/Q24661609,Acton Bank,castle,United Kingdom
http://www.wikidata.org/entity/Q113432770,Castello di Belvicino,castle,Italy
http://www.wikidata.org/entity/Q2969934,Château de Mongenan,castle | château | botanical garden,France
http://www.wikidata.org/entity/Q1013461,Castle Payrsberg,castle,Italy
http://www.wikidata.org/entity/Q5049799,Castle of Moura,castle | cultural heritage,Portugal
http://www.wikidata.org/entity/Q17624195,Castello di San Fili,castle,Italy
http://www.wikidata.org/entity/Q56217589,Castel di Mura,castle,Italy
http://www.wikidata.org/entity/Q25089772,Schloss Ehrenfels,castle,Germany
http://www.wikidata.org/entity/Q15940372,Château de Bertichères,castle,France
http://www.wikidata.org/entity/Q24660030,Little Camp Hill,castle | archaeological site,United Kingdom
http://www.wikidata.org/entity/Q2970121,Château de Nemours,castle | art museum,France
http://www.wikidata.org/entity/Q24661852,Cublington Castle Farm,castle,United Kingdom
http://www.wikidata.org/entity/Q1011604,Burg Eltville,castle,Germany
http://www.wikidata.org/entity/Q28209047,Castle of Montegiove,castle,Italy
http://www.wikidata.org/entity/Q1262003,Schlössel,castle,Germany
http://www.wikidata.org/entity/Q24058718,Castell de Tatzó d'Avall,castle | château,France
http://www.wikidata.org/entity/Q2969510,Château de La Berlière,castle,France
http://www.wikidata.org/entity/Q60849182,Grand-Halleux Castle,castle,Belgium
http://www.wikidata.org/entity/Q24934093,Castle of Tabiano,castle,Italy
http://www.wikidata.org/entity/Q41342372,Burgstall,castle,Germany
http://www.wikidata.org/entity/Q113303909,Castello di Chianatro,castle,Italy
http://www.wikidata.org/entity/Q18530034,Rekštanj Castle,castle,Slovenia
http://www.wikidata.org/entity/Q78661004,Château de Montesquieu,castle,France
http://www.wikidata.org/entity/Q435479,Alte Burg Penzlin,castle,Germany
http://www.wikidata.org/entity/Q2968029,"Castle of the bishops of Lausanne, then baillivale residence and prefecture",castle | administrative building | architectural structure | official residence,Switzerland
http://www.wikidata.org/entity/Q30185138,Ventroku Castle,castle,Albania
http://www.wikidata.org/entity/Q17624599,Castle of Medellín,monument | castle,Spain
http://www.wikidata.org/entity/Q98222217,Cultural heritage D-4-6234-0213 in Pottenstein (Oberfranken),castle | Bodendenkmal | parish church | feature | preceding structure,Germany
http://www.wikidata.org/entity/Q33113122,Kanturk Castle,castle,Ireland
http://www.wikidata.org/entity/Q17596286,Castell de la Granada,castle,Spain
http://www.wikidata.org/entity/Q979375,Montgrí Castle,castle,Spain
http://www.wikidata.org/entity/Q17611248,Danków Castle,castle,Poland
http://www.wikidata.org/entity/Q48749241,Château de Ferrant,castle,France
http://www.wikidata.org/entity/Q83719674,Château fort des Angles,castle,France
http://www.wikidata.org/entity/Q94737996,Castillo de Sorihuela,monument | castle,Spain
http://www.wikidata.org/entity/Q15790351,Burg Neuaist,castle,Austria
http://www.wikidata.org/entity/Q1255971,Ortenburg,castle,Germany
http://www.wikidata.org/entity/Q1014163,Burg Strenger Felsen,castle,Germany
http://www.wikidata.org/entity/Q1014173,Schloss Störmede,castle,Germany
http://www.wikidata.org/entity/Q111787642,Khariba Castle,castle,Syria
http://www.wikidata.org/entity/Q8342258,Castillo de Caudete,castle,Spain
http://www.wikidata.org/entity/Q39011041,Nantmel Castle Hill,castle,United Kingdom
http://www.wikidata.org/entity/Q113375831,Castello,castle,Italy
http://www.wikidata.org/entity/Q1011577,Burg Ekberg,castle,Germany
http://www.wikidata.org/entity/Q83719668,Château fort de Vivonne,castle,France
http://www.wikidata.org/entity/Q43139045,Castillo del Cerro del Almendro,monument | castle,Spain
http://www.wikidata.org/entity/Q31190400,Harruckern–Wenckheim–Almásy mansion in Gyula,castle | château,Hungary
http://www.wikidata.org/entity/Q26614695,Kithill Castle,castle,United Kingdom
http://www.wikidata.org/entity/Q5907953,Qadimi Castle,castle,Iran
http://www.wikidata.org/entity/Q22083891,Burt Castle,castle,Ireland
http://www.wikidata.org/entity/Q38621405,Close Bank Enclosure,castle,United Kingdom
http://www.wikidata.org/entity/Q110303460,Palaiokastro of Antikythera,castle | archaeological site,Greece
http://www.wikidata.org/entity/Q1590263,Haus Keuschenburg,castle,Germany
http://www.wikidata.org/entity/Q24661683,Pont Estyll Ringwork,ringwork castle | castle,United Kingdom
http://www.wikidata.org/entity/Q5757463,Castle of Montemar,castle,Spain
http://www.wikidata.org/entity/Q598240,Castell de Viuet,castle,Spain
http://www.wikidata.org/entity/Q1014422,Burg Vondern,castle,Germany
http://www.wikidata.org/entity/Q17390064,Castle of Faro,castle,Portugal
http://www.wikidata.org/entity/Q5757390,Castillo de Kropow,castle,Croatia
http://www.wikidata.org/entity/Q113376074,Castello di Camino,castle,Italy
http://www.wikidata.org/entity/Q3662657,Castle of Levanto,castle,Italy
http://www.wikidata.org/entity/Q2969165,Dunbar Castle,castle,United Kingdom
http://www.wikidata.org/entity/Q124741917,Jabal Nassar Al-Qazizi,castle,Sudan
http://www.wikidata.org/entity/Q20595667,Tir-y-Dail Motte and Bailey Castle,motte-and-bailey castle | castle,United Kingdom
http://www.wikidata.org/entity/Q41394572,Fränkische-Schweiz Museum,castle,Germany
http://www.wikidata.org/entity/Q113375882,Castello di Marengo,castle,Italy
http://www.wikidata.org/entity/Q52851102,Castle of Cerralbo,castle,Spain
http://www.wikidata.org/entity/Q2968331,Château d'Oyez,castle,France
http://www.wikidata.org/entity/Q58403415,Burgtheater: Kasematten,castle,Germany
http://www.wikidata.org/entity/Q17137556,Culla Castle and Walls,monument | castle,Spain
http://www.wikidata.org/entity/Q16359254,Mbolani Castle,castle,Albania
http://www.wikidata.org/entity/Q9705656,Castle of Penha Garcia,castle | cultural heritage,Portugal
http://www.wikidata.org/entity/Q10383698,Coxton Tower,castle,United Kingdom
http://www.wikidata.org/entity/Q39011804,"Llangewydd Castle, Laleston",castle,United Kingdom
http://www.wikidata.org/entity/Q1014064,Stauf Castle,castle | castle ruin,Germany
http://www.wikidata.org/entity/Q15940476,Château de Beaucens,castle,France
http://www.wikidata.org/entity/Q5928043,"Kohneh Castle, Agdash",castle,Iran
http://www.wikidata.org/entity/Q93451539,Castello di Castana,castle,Italy
http://www.wikidata.org/entity/Q41330831,Kemenate,castle,Germany
http://www.wikidata.org/entity/Q923441,Brochel Castle,castle,United Kingdom
http://www.wikidata.org/entity/Q3662378,Castello Spinola-Caracciolo,castle,Italy
http://www.wikidata.org/entity/Q1011217,Burg Buchbühl,castle,Germany
http://www.wikidata.org/entity/Q15940355,Château de Recologne,castle,France
http://www.wikidata.org/entity/Q3938333,Balvaird Castle,castle,United Kingdom
http://www.wikidata.org/entity/Q108612374,Castle of Agios Ioannis,castle,Greece
http://www.wikidata.org/entity/Q16537984,Castello Bissari Sforza Colleoni,castle,Italy
http://www.wikidata.org/entity/Q2971630,"Château du Bousquet, Laguiole",castle,France
http://www.wikidata.org/entity/Q19367866,Castell de Tàrrega,castle,Spain
http://www.wikidata.org/entity/Q2971303,Château de la Morinière,castle | château,France
http://www.wikidata.org/entity/Q5893878,Abtar Castle,castle,Iran
http://www.wikidata.org/entity/Q28001112,Castello De Falconibus,castle,Italy
http://www.wikidata.org/entity/Q15944488,Château de Châteaurenard,castle,France
http://www.wikidata.org/entity/Q8342618,Castell de Vila-sacra,castle,Spain
http://www.wikidata.org/entity/Q15108237,Burg Krugsburg,castle | archaeological site,Germany
http://www.wikidata.org/entity/Q113452121,Castello Palamolla,castle,Italy
http://www.wikidata.org/entity/Q1013634,Burg Reichenstein (Württemberg),castle,Germany
http://www.wikidata.org/entity/Q1012966,Burg Limburg,castle,Germany
http://www.wikidata.org/entity/Q3662526,Castello di Caltignaga,castle,Italy
http://www.wikidata.org/entity/Q4956323,Brancepeth Castle,castle,United Kingdom
http://www.wikidata.org/entity/Q20522283,Kunčen Castle,castle,Slovenia
http://www.wikidata.org/entity/Q2970545,Château de Saint-Marceau,castle,France
http://www.wikidata.org/entity/Q79805172,Cushnie Castle,castle,United Kingdom
http://www.wikidata.org/entity/Q56258854,Saquidic Castle,castle | archaeological site,Italy
http://www.wikidata.org/entity/Q67772209,Torre di Bolzano Novarese,castle | tower,Italy
http://www.wikidata.org/entity/Q1643347,Höfe,castle | spur castle | archaeological site,Germany
http://www.wikidata.org/entity/Q2971170,Château de la Bâtie,castle,France
http://www.wikidata.org/entity/Q1014045,Château Vicomtal Saint-Pierre de Fenouillet,castle | castle ruin,France
http://www.wikidata.org/entity/Q29345502,Castillo del Compromiso,castle,Spain
http://www.wikidata.org/entity/Q1014396,Château de Villerouge-Termenès,castle,France
http://www.wikidata.org/entity/Q29784350,Schlössli mit Rebberg,architectural structure | castle,Switzerland
http://www.wikidata.org/entity/Q16538138,Castello di Rodigo,castle,Italy
http://www.wikidata.org/entity/Q42681375,Kuh-e Zardan Castle,castle | cultural property,Iran
http://www.wikidata.org/entity/Q616102,Åhus Castle,castle | ruins,Sweden
http://www.wikidata.org/entity/Q1012867,Burg Lauenstein,museum | castle | archaeological site,Germany
http://www.wikidata.org/entity/Q2969325,Château de Gironville,castle | château,France
http://www.wikidata.org/entity/Q1526659,Roman Theatre of Cádiz,castle | city | ancient Roman structure | theatre building | Roman theatre | archaeological site,Spain
http://www.wikidata.org/entity/Q979043,Castle of Mussomeli,castle,Italy
http://www.wikidata.org/entity/Q15108195,Burg Brunstein,castle,Germany
http://www.wikidata.org/entity/Q2555348,Weiherberg,castle,Germany
http://www.wikidata.org/entity/Q3662863,Castello di San Giorgio,castle,Italy
http://www.wikidata.org/entity/Q67772712,Paradiso,castle,Italy
http://www.wikidata.org/entity/Q23826431,Castello ducale di Casoli,castle,Italy
http://www.wikidata.org/entity/Q116565455,Castello Spagnolo,castle,Italy
http://www.wikidata.org/entity/Q1012329,Burg Hewenegg,castle | cultural heritage monument in Germany,Germany
http://www.wikidata.org/entity/Q100157406,Castle Bedheim,castle,Germany
http://www.wikidata.org/entity/Q2240403,Bremervörde Castle,castle,Germany
http://www.wikidata.org/entity/Q8342139,Kawanoe Castle,castle,Japan
http://www.wikidata.org/entity/Q5003066,Buttisholz Castle,architectural structure | castle,Switzerland
http://www.wikidata.org/entity/Q25711612,Castillo de Cambil,monument | castle,Spain
http://www.wikidata.org/entity/Q2970950,Château de Verneuil-sur-Indre,castle,France
http://www.wikidata.org/entity/Q3662933,Castello di Triana,castle,Italy
http://www.wikidata.org/entity/Q55162282,Castello della Porta,castle,Italy
http://www.wikidata.org/entity/Q24660184,Killerby Castle,castle | fortified manor house,United Kingdom
http://www.wikidata.org/entity/Q98279703,Cultural heritage D-3-6636-0013 in Ursensollen,castle | château | feature | Bodendenkmal,Germany
http://www.wikidata.org/entity/Q2970885,Château de Valdonne,castle,France
http://www.wikidata.org/entity/Q30161300,Castello degli Schiavi,castle,Italy
http://www.wikidata.org/entity/Q2971086,Château de l'Audardière,castle,France
http://www.wikidata.org/entity/Q1011136,Burg Boulich,castle,Germany
http://www.wikidata.org/entity/Q80161884,Castello di Casalbeltrame,castle,Italy
http://www.wikidata.org/entity/Q20102997,Castell de Puigarbessós,castle,Spain
http://www.wikidata.org/entity/Q1652355,Hünenburg,castle,Germany
http://www.wikidata.org/entity/Q5757396,castle of Ocio,castle,Spain
http://www.wikidata.org/entity/Q24942484,Castello di Fragagnano,castle,Italy
http://www.wikidata.org/entity/Q6406785,Kildonan Castle,castle,United Kingdom
http://www.wikidata.org/entity/Q41279929,IX. Burgfriedensstein,castle,Germany
http://www.wikidata.org/entity/Q38281550,Castle of Salona,castle,Greece
http://www.wikidata.org/entity/Q111602930,Castelo di Sinopoli,castle,Italy
http://www.wikidata.org/entity/Q1013869,Burg Schenkenberg,castle,Germany
http://www.wikidata.org/entity/Q501080,Kimbolton Castle,castle | historic house museum,United Kingdom
http://www.wikidata.org/entity/Q7979637,Weeting Castle,castle,United Kingdom
http://www.wikidata.org/entity/Q8342334,Castell de Freixe,castle,Spain
http://www.wikidata.org/entity/Q17624102,Castle of Beduzzo,castle,Italy
http://www.wikidata.org/entity/Q106078270,Castello di Gambaro,castle,Italy
http://www.wikidata.org/entity/Q30674307,Menlo Castle,castle,Ireland
http://www.wikidata.org/entity/Q41279986,XVI. Burgfriedenssäule Landshut,castle,Germany
http://www.wikidata.org/entity/Q1815574,Château de Biron,castle,France
http://www.wikidata.org/entity/Q2737994,Carra Castle,castle,United Kingdom
http://www.wikidata.org/entity/Q30339114,Château de Rochegude (Saint-Privat-d'Allier),castle,France
http://www.wikidata.org/entity/Q2968552,Bienassis Castle,castle,France
http://www.wikidata.org/entity/Q17596077,Castell de Castellfollit de la Roca,castle,Spain
http://www.wikidata.org/entity/Q21809717,Kager,hillfort | castle,Czech Republic
http://www.wikidata.org/entity/Q56598676,Castillo de Calatalifa,castle,Spain
http://www.wikidata.org/entity/Q130354139,castle in Kościan,destroyed building or structure | castle,Polish–Lithuanian Commonwealth
http://www.wikidata.org/entity/Q2971691,Château du Grand-Riou,castle,France
http://www.wikidata.org/entity/Q126897444,Bas Fort Saint Nicolas,castle,
http://www.wikidata.org/entity/Q30227794,Palace in Dąbrowa,castle,Poland
http://www.wikidata.org/entity/Q111465765,Castello di Mottafollone,castle,Italy
http://www.wikidata.org/entity/Q17569902,Kinnaird Castle,tower house | castle,United Kingdom
http://www.wikidata.org/entity/Q83718972,Château fort de Budos,castle,France
http://www.wikidata.org/entity/Q3662713,Castello di Montalera,castle,Italy
http://www.wikidata.org/entity/Q5050367,Castle of Belver,castle | cultural heritage,Portugal
http://www.wikidata.org/entity/Q97625506,Castillo,castle | fortress | grave | fortified tower | human settlement | archaeological site,Spain
http://www.wikidata.org/entity/Q56661817,"Loch Doon Castle, original site & remains of, 570m NE of Craigmalloch",castle,United Kingdom
http://www.wikidata.org/entity/Q1015673,Burgstall Altheim,castle,Germany
http://www.wikidata.org/entity/Q24661498,Hentland Chapel Tump,castle,United Kingdom
http://www.wikidata.org/entity/Q2253846,Schwarzenburg (Lockweiler),castle,Germany
http://www.wikidata.org/entity/Q65154165,Château d'Astros,castle,France
http://www.wikidata.org/entity/Q19818469,Pazin Castle,castle,Croatia
http://www.wikidata.org/entity/Q24660603,Fowlmere Castle,castle,United Kingdom
http://www.wikidata.org/entity/Q9386685,Muszyna Castle,castle,Poland
http://www.wikidata.org/entity/Q83719505,Château fort de Pinet,castle,France
http://www.wikidata.org/entity/Q2154129,Ringwall Walleshausen,castle | archaeological site,Germany
http://www.wikidata.org/entity/Q2968077,Château d'Angles-sur-l'Anglin,castle,France
http://www.wikidata.org/entity/Q1154263,Castle of Bianello,castle,Italy
http://www.wikidata.org/entity/Q5507217,Fuerte de Isla Verde,castle,Spain
http://www.wikidata.org/entity/Q1016198,Burgwall Neu Nieköhr,gord | castle,Germany
http://www.wikidata.org/entity/Q2967988,Château Sainte-Anne,castle,Belgium
http://www.wikidata.org/entity/Q39011956,Sully Castle,castle | archaeological site,United Kingdom
http://www.wikidata.org/entity/Q71827224,Cremolino Castle,castle,Italy
http://www.wikidata.org/entity/Q2970123,Château de Neuville en Condroz,castle,Belgium
http://www.wikidata.org/entity/Q12000832,Skanderborg Slot,castle,Denmark
http://www.wikidata.org/entity/Q2550895,Wasserburg Tagmersheim,castle | archaeological site,Germany
http://www.wikidata.org/entity/Q2513057,Wachsenburg Castle,castle,Germany
http://www.wikidata.org/entity/Q27070663,Kasteel Osen,castle,Netherlands
http://www.wikidata.org/entity/Q2482525,Huis ter Kleef,castle | house,Netherlands
http://www.wikidata.org/entity/Q293934,Ödenburg,castle,Germany
http://www.wikidata.org/entity/Q98372418,Cultural heritage D-2-7145-0002 in Thurmansbang,castle | chapel | feature | Bodendenkmal,Germany
http://www.wikidata.org/entity/Q2970568,Château de Saint-Ouen de Chemazé,castle,France
http://www.wikidata.org/entity/Q112660237,Castello Macchiaroli,castle,Italy
http://www.wikidata.org/entity/Q15944457,Château de Ferrières (Montbron),castle,France
http://www.wikidata.org/entity/Q1011101,Burg Bodman,castle,Germany
http://www.wikidata.org/entity/Q11930960,La Volella,castle,France
http://www.wikidata.org/entity/Q24659549,Cil Ifor Top,ringwork castle | castle,United Kingdom
http://www.wikidata.org/entity/Q3662105,Castel Lusa,castle,Italy
http://www.wikidata.org/entity/Q15940297,Château du Lude,castle,France
http://www.wikidata.org/entity/Q1011840,Burg Friberg (Siat),castle | castle ruin,Switzerland
http://www.wikidata.org/entity/Q95479872,Galliera Castle,castle,Italy
http://www.wikidata.org/entity/Q7018618,Newmore Castle,castle,United Kingdom
http://www.wikidata.org/entity/Q17570966,Cluny Castle,castle,United Kingdom
http://www.wikidata.org/entity/Q16619053,Pidhaitsi Castle,castle,Ukraine
http://www.wikidata.org/entity/Q2242189,Liebenfels Castle,castle,Switzerland
http://www.wikidata.org/entity/Q1014316,Uerdinger Burg,castle,Germany
http://www.wikidata.org/entity/Q20679311,Domus de Sala-d'Heures,castle,Spain
http://www.wikidata.org/entity/Q24661419,Pen Sarn Earthwork,castle,United Kingdom
http://www.wikidata.org/entity/Q15108423,Burgstall Obereichstätt,castle | archaeological site,Germany
http://www.wikidata.org/entity/Q15261447,Necarne Castle,castle,United Kingdom
http://www.wikidata.org/entity/Q19827885,Vilavella Castle,castle,Spain
http://www.wikidata.org/entity/Q43162289,Castillo de Canales,monument | castle,Spain
http://www.wikidata.org/entity/Q284234,Château de la Chétardie,castle,France
http://www.wikidata.org/entity/Q39011967,Llandough juxta Penarth,castle,United Kingdom
http://www.wikidata.org/entity/Q1012776,Burg Königsegg,castle,Germany
http://www.wikidata.org/entity/Q15108256,Burg Mühlhausen/Thüringen,castle,Germany
http://www.wikidata.org/entity/Q113577920,Castello Sa Paulazza,castle,Italy
http://www.wikidata.org/entity/Q536865,Angelokastro,castle,Greece
http://www.wikidata.org/entity/Q1010835,Burg Argenschwang,castle | cultural heritage monument in Germany,Germany
http://www.wikidata.org/entity/Q56379885,Castello Candriano,castle,Italy
http://www.wikidata.org/entity/Q55169010,Castello di San Benedetto detto Castellaccio,castle,Italy
http://www.wikidata.org/entity/Q3662403,Albertis Castle,urban park | castle,Italy
http://www.wikidata.org/entity/Q3662088,Castel Corno,castle,Italy
http://www.wikidata.org/entity/Q5698823,Semoran Castle,castle,Iran
http://www.wikidata.org/entity/Q24660906,Caldwall Castle,castle,United Kingdom
http://www.wikidata.org/entity/Q56361719,Carrignacurra Castle,castle,Ireland
http://www.wikidata.org/entity/Q41417196,Burg Adlmannstein,castle,Germany
http://www.wikidata.org/entity/Q9088961,Torre de Vallferosa,castle,Spain
http://www.wikidata.org/entity/Q15108358,Burgstall Achatzberg,castle | archaeological site,Germany
http://www.wikidata.org/entity/Q34314790,Castle of Villanueva de Jalon,castle,Spain
http://www.wikidata.org/entity/Q29345622,Castle of Monreal de Ariza,castle | Monument (Spain),Spain
http://www.wikidata.org/entity/Q15790343,Burg Klammenstein,castle,Germany
http://www.wikidata.org/entity/Q3662881,Castello di Sarmato,castle,Italy
http://www.wikidata.org/entity/Q2971702,Château du Grand Jardin,castle,France
http://www.wikidata.org/entity/Q2968543,Château de Berzème,castle,France
http://www.wikidata.org/entity/Q12366268,Kalvi Castle,castle,Estonia
http://www.wikidata.org/entity/Q43134814,Castillo Venceire,castle,Spain
http://www.wikidata.org/entity/Q98216025,Cultural heritage D-4-6134-0126 in Ahorntal,castle | feature | Bodendenkmal | preceding structure,Germany
http://www.wikidata.org/entity/Q2970663,Château de Selves,castle,France
http://www.wikidata.org/entity/Q5894223,Deh Kord Castle,castle,Iran
http://www.wikidata.org/entity/Q1014569,Burg Westwich,castle,Germany
http://www.wikidata.org/entity/Q31064626,Pen-y-Castell,contour fort | castle,United Kingdom
http://www.wikidata.org/entity/Q21196193,Castello di Quirra,castle,Italy
http://www.wikidata.org/entity/Q12045348,Pirkštejn,castle,Czech Republic
http://www.wikidata.org/entity/Q66686334,Eğirdir Castle,castle,Turkey
http://www.wikidata.org/entity/Q24659339,Cefnllys Old Castle,castle | motte,United Kingdom
http://www.wikidata.org/entity/Q19853537,Château de Chapeau cornu,castle,France
http://www.wikidata.org/entity/Q2970808,Château de Tilloloy,castle | château,France
http://www.wikidata.org/entity/Q7170830,Perth Castle,castle,United Kingdom
http://www.wikidata.org/entity/Q6407937,Killymoon Castle,castle,United Kingdom
http://www.wikidata.org/entity/Q1013158,Burg Möhringen,castle,Germany
http://www.wikidata.org/entity/Q7371768,Rowallan Castle,castle,United Kingdom
http://www.wikidata.org/entity/Q29052252,Portrane Castle,castle,Ireland
http://www.wikidata.org/entity/Q2971148,Château de La Besse,castle | château,France
http://www.wikidata.org/entity/Q2969472,Château de Kergrist,castle,France
http://www.wikidata.org/entity/Q56661902,Ranfurly Castle,castle,United Kingdom
http://www.wikidata.org/entity/Q1615018,Wallburg auf dem Bollberg,castle,Germany
http://www.wikidata.org/entity/Q54556599,Marmande Castle,castle | château,France
http://www.wikidata.org/entity/Q98279565,Cultural heritage D-3-6439-0013 in Wernberg-Köblitz,castle | feature | Bodendenkmal,Germany
http://www.wikidata.org/entity/Q1012796,Chateau de la Hunaudaye,castle,France
http://www.wikidata.org/entity/Q2970649,Château de Sauvigny-le-Bois,castle,France
http://www.wikidata.org/entity/Q436875,Altenburg,castle | archaeological site,Germany
http://www.wikidata.org/entity/Q16618890,Butsniv castle,castle,Ukraine
http://www.wikidata.org/entity/Q2968432,Château de Barberey-Saint-Sulpice,castle,France
http://www.wikidata.org/entity/Q1012833,Burg Landshut,castle,Germany
http://www.wikidata.org/entity/Q5890756,Asgarabad Castle,castle,Iran
http://www.wikidata.org/entity/Q113451553,Castello Pandone,castle,Italy
http://www.wikidata.org/entity/Q3662589,Castello di Cotone,castle,Italy
http://www.wikidata.org/entity/Q628375,Château de Puivert,castle,France
http://www.wikidata.org/entity/Q6674657,Lonmay Castle,castle | motte,United Kingdom
http://www.wikidata.org/entity/Q2971556,Rocca dei Rossi,castle,Italy
http://www.wikidata.org/entity/Q72681992,castello di Trisobbio,castle | historical park museum,Italy
http://www.wikidata.org/entity/Q16537958,Tschenglsburg,castle,Italy
http://www.wikidata.org/entity/Q113376344,Castello di Rosano,castle,Italy
http://www.wikidata.org/entity/Q2970603,Château de Sainte-Mère,castle,France
http://www.wikidata.org/entity/Q5757129,Castillo de Añón,castle | palace,Spain
http://www.wikidata.org/entity/Q2970220,Piel Castle,castle | archaeological site,United Kingdom
http://www.wikidata.org/entity/Q499440,Krásný Buk Castle,destroyed building or structure | castle,Czech Republic
http://www.wikidata.org/entity/Q1143471,Cullykhan,castle | artillery battery | promontory fort | archaeological site,United Kingdom
http://www.wikidata.org/entity/Q2192076,Château de Cropières,castle,France
http://www.wikidata.org/entity/Q6414052,Kinneil House,castle,United Kingdom
http://www.wikidata.org/entity/Q2971252,Château de la Grange,castle,France
http://www.wikidata.org/entity/Q1013381,Burg Oberrommental,castle,Germany
http://www.wikidata.org/entity/Q5086292,Charlton Castle,castle,United Kingdom
http://www.wikidata.org/entity/Q70878300,Castello San Leonardo di Balaiana,castle,Italy
http://www.wikidata.org/entity/Q1013746,Burg Rottum,castle,Germany
http://www.wikidata.org/entity/Q4590136,Turnberry Castle,castle,United Kingdom
http://www.wikidata.org/entity/Q13965882,Burg Ilbesheim,castle,Germany
http://www.wikidata.org/entity/Q2322346,Den Burch,castle | building,Netherlands
http://www.wikidata.org/entity/Q2175219,Burgruine Stein,destroyed building or structure | castle,Germany
http://www.wikidata.org/entity/Q1015885,Burgstall Reinsburg,castle,Germany
http://www.wikidata.org/entity/Q15260127,Moynes Court,castle,United Kingdom
http://www.wikidata.org/entity/Q435425,Alte Burg,castle | archaeological site,Germany
http://www.wikidata.org/entity/Q1283769,Schöneburg,castle,Germany
http://www.wikidata.org/entity/Q106078946,Castello di Castano,castle,Italy
http://www.wikidata.org/entity/Q39011380,Castle Placename,castle,United Kingdom
http://www.wikidata.org/entity/Q2969903,Château de Miremont,castle,France
http://www.wikidata.org/entity/Q1015778,Burgstall Herrenstein,castle | archaeological site,Germany
http://www.wikidata.org/entity/Q24661659,Ford Motte,castle,United Kingdom
http://www.wikidata.org/entity/Q2885694,Fuerte de San Diego,castle,Spain
http://www.wikidata.org/entity/Q1844193,Cortachy Castle,castle,United Kingdom
http://www.wikidata.org/entity/Q14566164,Gross Wohnsdorf Castle,castle | architectural landmark,Russia
http://www.wikidata.org/entity/Q2154139,Ringwall Dünsberg,castle | archaeological site,Germany
http://www.wikidata.org/entity/Q83719262,Château fort de la Motte,castle,France
http://www.wikidata.org/entity/Q67772404,Torre Di Bonot,castle,Italy
http://www.wikidata.org/entity/Q2567982,Pischalauski Castle,castle,Belarus
http://www.wikidata.org/entity/Q11913103,Castillo de Serrella,castle,Spain
http://www.wikidata.org/entity/Q1016017,Burgstelle Schlösschen (Unterrohn),castle,Germany
http://www.wikidata.org/entity/Q5923157,Posht Qaleh Castle,castle | cultural property,Iran
http://www.wikidata.org/entity/Q5314093,Dunasead Castle,castle,Ireland
http://www.wikidata.org/entity/Q1013878,Burg Schiltau,castle | castle ruin,Germany
http://www.wikidata.org/entity/Q3662097,Castel Ivano,castle,Italy
http://www.wikidata.org/entity/Q17596375,Castell de Meranges,castle,Spain
http://www.wikidata.org/entity/Q2969826,Château de Mas Rougier,castle,France
http://www.wikidata.org/entity/Q2968695,Château de Bruzac,castle | château,France
http://www.wikidata.org/entity/Q4957731,Branxholme Castle,castle,United Kingdom
http://www.wikidata.org/entity/Q1013033,Lukov Castle,castle | castle ruin,Czech Republic
http://www.wikidata.org/entity/Q43133378,Castillo de Tahal,monument | castle | fortification,Spain
http://www.wikidata.org/entity/Q11913127,Castell de Viu de Llevata,castle,Spain
http://www.wikidata.org/entity/Q4735891,Alsunga Castle,castle | manor,Latvia
http://www.wikidata.org/entity/Q39011405,Pen y Gaer,castle,United Kingdom
http://www.wikidata.org/entity/Q15965083,Turmhügel Stobersreuth,castle | archaeological site,Germany
http://www.wikidata.org/entity/Q33035959,Castillo de Castiliscar,castle,Spain
http://www.wikidata.org/entity/Q2175272,Freudenau castle ruin,castle | castle ruin,Switzerland
http://www.wikidata.org/entity/Q3662389,Castello Vecchio,castle | castle ruin,Italy
http://www.wikidata.org/entity/Q19367861,Castell de Rialb,castle,Spain
http://www.wikidata.org/entity/Q98272189,Cultural heritage D-3-6839-0012 in Bernhardswald,castle | château | feature | Bodendenkmal,Germany
http://www.wikidata.org/entity/Q21645420,Castell de Claret dels Cavallers,castle,Spain
http://www.wikidata.org/entity/Q15255100,Mongavlin Castle,castle,Ireland
http://www.wikidata.org/entity/Q18003845,Castell de l'Oluja Baixa,castle,Spain
http://www.wikidata.org/entity/Q1015717,Burgstall Dornberg,castle | archaeological site,Germany
http://www.wikidata.org/entity/Q1014122,Burg Stenderberg,castle,Germany
http://www.wikidata.org/entity/Q28001109,Conti Veggi Castle,castle,Italy
http://www.wikidata.org/entity/Q1012737,Burg Kreuzberg,castle,Germany
http://www.wikidata.org/entity/Q129764715,Kasteel van Valkenisse,castle,Netherlands
http://www.wikidata.org/entity/Q18629193,"Castle of Alburquerque, Badajoz",castle,Spain
http://www.wikidata.org/entity/Q1015357,Burgruine Hopfach,castle,Germany
http://www.wikidata.org/entity/Q2970732,Strome Castle,castle,United Kingdom
http://www.wikidata.org/entity/Q1012451,Burg Hohentrüdingen,observation tower | castle,Germany
http://www.wikidata.org/entity/Q47519742,castillo de Polán,castle,Spain
http://www.wikidata.org/entity/Q2968521,Château de Bellenaves,castle,France
http://www.wikidata.org/entity/Q5874529,Mansur Kuh Castle,castle | cultural property,Iran
http://www.wikidata.org/entity/Q111224151,Castello di Calanna,castle,Italy
http://www.wikidata.org/entity/Q106245797,Barduk Castle,castle,Iran
http://www.wikidata.org/entity/Q48756423,Château de Blany,castle,France
http://www.wikidata.org/entity/Q78660624,Château de Beauvoir,castle,France
http://www.wikidata.org/entity/Q1011432,Denklingen Castle,castle,Germany
http://www.wikidata.org/entity/Q21523967,Akçakoca Castle,castle | historic site,Turkey
http://www.wikidata.org/entity/Q21584615,Osvračín,castle | castle ruin,Czech Republic
http://www.wikidata.org/entity/Q115624583,Kronenburg Castle,castle,Netherlands
http://www.wikidata.org/entity/Q22227283,Castell de Vallfogona,castle,Spain
http://www.wikidata.org/entity/Q108919886,Ključ Castle,fortress | castle,Bosnia and Herzegovina
http://www.wikidata.org/entity/Q83719196,Château fort de Grantmesnil,castle,France
http://www.wikidata.org/entity/Q20599692,Blaenporth Castle,motte-and-bailey castle | castle,United Kingdom
http://www.wikidata.org/entity/Q108612737,Castle of Vourlia,castle,Greece
http://www.wikidata.org/entity/Q2968095,Château d'Arc,castle,France
http://www.wikidata.org/entity/Q2970084,Monzón Castle,commandry | castle,Spain
http://www.wikidata.org/entity/Q24660444,Raveningham Motte,post mill | castle | motte,United Kingdom
http://www.wikidata.org/entity/Q1011988,Gnandstein Castle,museum | castle,Germany
http://www.wikidata.org/entity/Q57791837,Castello di Calestano,castle,Italy
http://www.wikidata.org/entity/Q15108185,Burg Arpshagen,castle,Germany
http://www.wikidata.org/entity/Q19367658,Castillo del Boi,castle,Spain
http://www.wikidata.org/entity/Q15617767,Castle of Palenzuela,castle,Spain
http://www.wikidata.org/entity/Q16641810,Torreón de la Tercia,castle | tower,Spain
http://www.wikidata.org/entity/Q13129031,Glan Mynys Mount,castle | motte,United Kingdom
http://www.wikidata.org/entity/Q2379846,Golub-Dobrzyń Castle,castle,Poland
http://www.wikidata.org/entity/Q4852024,Ballycastle Castle,castle,United Kingdom
http://www.wikidata.org/entity/Q12039095,Burgstall Myslejovice,castle,Czech Republic
http://www.wikidata.org/entity/Q166900,Goldburg,castle | castle ruin,Austria
http://www.wikidata.org/entity/Q15108342,Burg Natternberg,castle | ruins | archaeological site,Germany
http://www.wikidata.org/entity/Q17845371,Edmonston Castle,castle,United Kingdom
http://www.wikidata.org/entity/Q78820364,Castle of Entença,castle | destroyed building or structure | ruins,Spain
http://www.wikidata.org/entity/Q41236306,Burgstall,castle,Germany
http://www.wikidata.org/entity/Q11913087,Castell de Rosanes del Peiret,castle | historic building,Spain
http://www.wikidata.org/entity/Q2879816,Castle of Puebla de Sanabria,castle,Spain
http://www.wikidata.org/entity/Q3662765,Visconti-Sforza Castle,castle,Italy
http://www.wikidata.org/entity/Q106051577,Castle of Crovara,castle,Italy
http://www.wikidata.org/entity/Q1013063,Burg Maienfels,castle,Germany
http://www.wikidata.org/entity/Q2460889,Turm Schlans,castle | castle ruin,Switzerland
http://www.wikidata.org/entity/Q3662596,castle of Donoratico,castle,Italy
http://www.wikidata.org/entity/Q1016014,Burgstelle Schlösschen,castle,Germany
http://www.wikidata.org/entity/Q2550894,Wasserburg Stedebach,castle,Germany
http://www.wikidata.org/entity/Q1012249,Heidenberg Castle,castle | castle ruin,Switzerland
http://www.wikidata.org/entity/Q1012889,Château de Lavardin,castle,France
http://www.wikidata.org/entity/Q3662540,Castello di Casallia,castle,Italy
http://www.wikidata.org/entity/Q20600749,Tomen Ddreiniog,motte-and-bailey castle | castle | motte,United Kingdom
http://www.wikidata.org/entity/Q1012518,Burg Hunolstein,castle | cultural heritage monument in Germany,Germany
http://www.wikidata.org/entity/Q1011607,Burg Elvenich,castle,Germany
http://www.wikidata.org/entity/Q1013056,Burg Lüssem,castle,Germany
http://www.wikidata.org/entity/Q5757812,Castillo y murallas de Escamilla,castle,Spain
http://www.wikidata.org/entity/Q9386716,Castle in Puck,castle,Poland
http://www.wikidata.org/entity/Q1012197,Burg Hartenfels,castle | cultural heritage monument in Germany,Germany
http://www.wikidata.org/entity/Q5003067,Buttington,village | castle,United Kingdom
http://www.wikidata.org/entity/Q111481626,Castillo de La Jineta,castle,Spain
http://www.wikidata.org/entity/Q9386546,Piast Castle in Chojnów,castle,Poland
http://www.wikidata.org/entity/Q2969042,Château de Cornillon,castle,France
http://www.wikidata.org/entity/Q1011825,Burg Frenz,castle,Germany
http://www.wikidata.org/entity/Q787451,Runder Berg,castle | mountain,Germany
http://www.wikidata.org/entity/Q24661273,Tweedmouth Castle,castle,United Kingdom
http://www.wikidata.org/entity/Q78660700,Château de Cantecor,castle,France
http://www.wikidata.org/entity/Q97630752,Castillo de Santa Catalina,castle,Spain
http://www.wikidata.org/entity/Q1674603,Neue Burg,castle | château,Austria
http://www.wikidata.org/entity/Q15790455,Burgstall Stetten,castle,Germany
http://www.wikidata.org/entity/Q2969750,Château du Grand-Lucé,castle,France
http://www.wikidata.org/entity/Q664605,Castle Bruneck,castle,Italy
http://www.wikidata.org/entity/Q1016015,Burgstelle Schlösschen,castle,Germany
http://www.wikidata.org/entity/Q1012698,Burg Kommern,castle,Germany
http://www.wikidata.org/entity/Q97288481,Cerro del Castillo,village | castle | archaeological site,Spain
http://www.wikidata.org/entity/Q33224875,Zinn,castle,Germany
http://www.wikidata.org/entity/Q19969738,Peine Castle,castle | château,Germany
http://www.wikidata.org/entity/Q98271477,Cultural heritage D-3-7039-0658 in Alteglofsheim,castle | château | Bodendenkmal | chapel | feature,Germany
http://www.wikidata.org/entity/Q8342504,Castillo de Peña Manil,castle,Spain
http://www.wikidata.org/entity/Q113163624,Castle of Zuccarello,castle,Italy
http://www.wikidata.org/entity/Q24661778,Bodrugan,castle,United Kingdom
http://www.wikidata.org/entity/Q15946085,Château de Brûlon,castle,France
http://www.wikidata.org/entity/Q17676871,Stapleton Motte,castle | motte,United Kingdom
http://www.wikidata.org/entity/Q8342470,Castillo de Montclar,castle,Spain
http://www.wikidata.org/entity/Q2967787,Château-Couvert,castle,France
http://www.wikidata.org/entity/Q107683745,San Zeno Castle,castle,Italy
http://www.wikidata.org/entity/Q17645455,Ravensburgh Castle,castle | partial contour fort,United Kingdom
http://www.wikidata.org/entity/Q17827860,Findochty Castle,tower house | castle,United Kingdom
http://www.wikidata.org/entity/Q78660566,Château d'Auriac,castle,France
http://www.wikidata.org/entity/Q97130959,Bavia Castle,castle,Italy
http://www.wikidata.org/entity/Q131449032,Kasteel van de Heren van Arkel,castle,Netherlands
http://www.wikidata.org/entity/Q386009,Château de Morlanne,castle,France
http://www.wikidata.org/entity/Q7535853,Skipton Castle,castle | historic house museum,United Kingdom
http://www.wikidata.org/entity/Q5757568,Castillo de San Lorenzo de Puntales,monument | castle,Spain
http://www.wikidata.org/entity/Q3662488,Castello Suardi,architectural ensemble | castle,Italy
http://www.wikidata.org/entity/Q835641,Waldstein Castle,castle,Germany
http://www.wikidata.org/entity/Q1013107,Burg Mengeringhausen,castle,Germany
http://www.wikidata.org/entity/Q111523352,Castello Caetani,castle,Italy
http://www.wikidata.org/entity/Q2969576,Château de La Petite-Pierre,castle,France
http://www.wikidata.org/entity/Q1010828,Aremberg Castle,castle | cultural heritage monument in Germany,Germany
http://www.wikidata.org/entity/Q9386548,Brzeg Castle,castle | museum building,Poland
http://www.wikidata.org/entity/Q97628634,Castillo,monument | castle | defensive wall,Spain
http://www.wikidata.org/entity/Q2627185,Hesperange Castle,castle | ruins | castle ruin,Luxembourg
http://www.wikidata.org/entity/Q1011253,Burg Burguffeln,castle,Germany
http://www.wikidata.org/entity/Q2971347,Château de la Prune-au-Pot,castle,France
